classification,match_kind,oem_name,recovered_names,oem_instructions,recovered_instructions,instruction_ratio,instruction_delta,oem_bytes,recovered_bytes,oem_branches,recovered_branches,oem_calls,recovered_calls,oem_returns,recovered_returns,oem_relocations,recovered_relocations,missing_replacement_targets
stub,exact_name,tisp_bcsh_BCS_adjust,tisp_bcsh_BCS_adjust,355,2,0.005634,-353,1420,8,28,1,17,0,1,0,12,0,
stub,exact_name,ispcore_core_ops_ioctl,ispcore_core_ops_ioctl,309,2,0.006472,-307,1236,8,55,0,8,0,1,1,26,0,
stub,exact_name,ispint_adr_64,ispint_adr_64,101,3,0.029703,-98,404,12,14,0,2,0,1,1,2,0,
stub,exact_name,func_interp1_short,func_interp1_short,67,2,0.029851,-65,268,8,10,0,0,0,1,1,0,0,
stub,exact_name,ispcore_pad_event_handle,ispcore_pad_event_handle,48,2,0.041667,-46,192,8,9,0,0,0,2,1,2,0,
stub,exact_name,mbus_to_bayer_write,mbus_to_bayer_write,46,4,0.086957,-42,184,16,4,0,3,0,1,1,12,2,
stub,exact_name,func_zone_ct_weight,func_zone_ct_weight,42,2,0.047619,-40,168,8,6,1,0,0,0,0,2,0,
stub,exact_name,ISPAWBInterpolation2,ISPAWBInterpolation2,42,4,0.095238,-38,168,16,2,1,4,0,1,0,4,2,
stub,exact_name,tisp_irsca_para_calc,tisp_irsca_para_calc,41,8,0.195122,-33,164,32,4,1,0,0,1,1,6,0,
stub,exact_name,tisp_ae_max_exp_calc_fps,tisp_ae_max_exp_calc_fps,38,2,0.052632,-36,152,8,0,0,1,0,0,1,8,0,
stub,exact_name,tisp_bcsh_dn_params_refresh,tisp_bcsh_dn_params_refresh,38,6,0.157895,-32,152,24,0,0,3,1,1,0,8,2,
stub,exact_name,tisp_ccm_dn_params_refresh,tisp_ccm_dn_params_refresh,38,6,0.157895,-32,152,24,0,0,4,1,1,0,10,2,
stub,exact_name,tisp_mdns_dn_params_refresh,tisp_mdns_dn_params_refresh,37,6,0.162162,-31,148,24,0,0,4,1,1,0,10,2,
stub,exact_name,tisp_hldc_quadratic_func,tisp_hldc_quadratic_func,35,3,0.085714,-32,140,12,0,0,0,0,1,1,0,0,
stub,exact_name,tisp_g_awb_attr,tisp_g_awb_attr,35,6,0.171429,-29,140,24,0,0,2,1,1,0,6,2,
stub,exact_name,tisp_hldc_para_validity_judge,tisp_hldc_para_validity_judge,34,2,0.058824,-32,136,8,4,0,0,0,1,1,0,0,
stub,exact_name,tisp_gamma_dn_params_refresh,tisp_gamma_dn_params_refresh,33,4,0.121212,-29,132,16,0,1,4,0,1,0,10,2,
stub,exact_name,tisp_gib_calc_self_gain,tisp_gib_calc_self_gain,32,2,0.062500,-30,128,8,2,0,0,0,1,1,2,0,
stub,exact_name,tisp_set_sensor_short_analog_gain,tisp_set_sensor_short_analog_gain,32,4,0.125000,-28,128,16,0,1,4,0,1,0,4,2,
stub,exact_name,tisp_g_hv_flip,tisp_g_hv_flip,27,2,0.074074,-25,108,8,0,0,0,0,1,1,2,0,
collapsed,exact_name,tisp_awb_ct_detect,tisp_awb_ct_detect,3100,1079,0.348065,-2021,12400,4316,362,144,41,32,1,1,42,24,
collapsed,exact_name,tx_isp_core_ops_s_ctrl,tx_isp_core_ops_s_ctrl,1768,257,0.145362,-1511,7072,1028,226,40,150,23,1,1,509,72,
collapsed,exact_name,tx_isp_core_ops_g_ctrl,tx_isp_core_ops_g_ctrl,1386,620,0.447330,-766,5544,2480,201,125,100,46,1,1,377,112,
collapsed,exact_name,tisp_ae_ev_list_alloc_calc,tisp_ae_ev_list_alloc_calc,1332,401,0.301051,-931,5328,1604,201,65,67,18,1,1,80,22,
collapsed,exact_name,tisp_mdns_reg_cfg,tisp_mdns_reg_cfg,1308,305,0.233180,-1003,5232,1220,4,0,102,43,0,0,199,10,
collapsed,exact_name,Tiziano_adr_fpga,Tiziano_adr_fpga,1152,366,0.317708,-786,4608,1464,115,47,18,9,1,0,80,35,
collapsed,exact_name,tisp_ae_tune,tisp_ae_tune,932,46,0.049356,-886,3728,184,82,1,40,4,1,0,30,6,
collapsed,exact_name,tisp_ae_ev_alloc_calc,tisp_ae_ev_alloc_calc,931,325,0.349087,-606,3724,1300,126,53,50,17,1,1,47,22,
collapsed,exact_name,Tisp_lce_soft,Tisp_lce_soft,915,65,0.071038,-850,3660,260,83,3,39,7,1,0,42,4,
collapsed,exact_name,tisp_awb_long_alogrithm,tisp_awb_long_alogrithm,863,382,0.442642,-481,3452,1528,80,41,14,11,1,1,14,14,
collapsed,exact_name,tisp_code_tuning_ioctl,tisp_code_tuning_ioctl,780,76,0.097436,-704,3120,304,119,10,41,6,1,1,259,22,
collapsed,exact_name,tisp_tmo_fpga,tisp_tmo_fpga,776,34,0.043814,-742,3104,136,68,2,8,2,0,1,37,8,
collapsed,exact_name,tisp_init,tisp_init,680,259,0.380882,-421,2720,1036,39,17,87,24,1,1,166,66,
collapsed,exact_name,tisp_ae_short_ev_alloc_calc,tisp_ae_short_ev_alloc_calc,672,127,0.188988,-545,2688,508,102,17,40,3,1,1,34,8,
collapsed,exact_name,subdev_sensor_ops_ioctl,subdev_sensor_ops_ioctl,498,42,0.084337,-456,1992,168,78,7,29,2,1,1,93,8,
collapsed,exact_name,tiziano_adr_ev_func,tiziano_adr_ev_func,492,204,0.414634,-288,1968,816,12,11,45,0,1,2,18,8,
collapsed,exact_name,tx_isp_subdev_init,tx_isp_subdev_init,420,65,0.154762,-355,1680,260,43,6,27,4,1,1,99,19,
collapsed,exact_name,tisp_wdr_get_data,tisp_wdr_get_data,383,123,0.321149,-260,1532,492,11,5,20,10,0,0,66,27,
collapsed,exact_name,tisp_ae_fliker_detect,tisp_ae_fliker_detect,366,154,0.420765,-212,1464,616,31,5,18,16,1,1,23,13,
collapsed,exact_name,tisp_awb_init,tisp_awb_init,304,106,0.348684,-198,1216,424,6,3,25,12,1,1,46,16,
collapsed,exact_name,tisp_day_or_night_event,tisp_day_or_night_event,294,143,0.486395,-151,1176,572,15,12,28,10,1,0,94,31,
collapsed,exact_name,tisp_bcsh_H_adjust,tisp_bcsh_H_adjust,284,61,0.214789,-223,1136,244,15,3,9,6,1,0,14,11,
collapsed,exact_name,tisp_ccm_matrix_trans_by_sat,tisp_ccm_matrix_trans_by_sat,268,10,0.037313,-258,1072,40,14,1,20,1,1,0,8,2,
collapsed,exact_name,tisp_tmo_init,tisp_tmo_init,268,120,0.447761,-148,1072,480,3,2,36,13,1,1,63,20,
collapsed,exact_name,tisp_ae_short_expt,tisp_ae_short_expt,241,105,0.435685,-136,964,420,24,8,12,7,1,1,16,11,
collapsed,exact_name,tisp_ae_par_calc,tisp_ae_par_calc,239,90,0.376569,-149,956,360,23,1,8,6,1,0,14,10,
collapsed,exact_name,tisp_clm_write_csc_para,tisp_clm_write_csc_para,198,71,0.358586,-127,792,284,0,0,16,5,0,1,6,8,
collapsed,exact_name,vic_core_ops_ioctl,vic_core_ops_ioctl,192,29,0.151042,-163,768,116,33,5,7,1,2,2,21,2,
collapsed,exact_name,tisp_g_module_attr,tisp_g_module_attr,189,44,0.232804,-145,756,176,29,3,4,2,1,1,24,10,
collapsed,exact_name,tisp_s_module_attr,tisp_s_module_attr,189,51,0.269841,-138,756,204,29,4,4,3,1,1,24,12,
collapsed,exact_name,tisp_blc_ae_write_dgain,tisp_blc_ae_write_dgain,184,77,0.418478,-107,736,308,6,5,22,4,1,1,8,8,
collapsed,exact_name,tisp_bcsh_interp_by_ev,tisp_bcsh_interp_by_ev,182,82,0.450549,-100,728,328,12,11,11,0,1,1,4,2,
collapsed,exact_name,tisp_enable_tuning,tisp_enable_tuning,178,40,0.224719,-138,712,160,9,2,7,3,1,1,29,13,
collapsed,exact_name,tisp_msca_curve_calc,tisp_msca_curve_calc,167,66,0.395210,-101,668,264,15,8,8,4,1,1,20,16,
collapsed,exact_name,tisp_set_scaler_level_control_set,tisp_set_scaler_level_control_set,153,57,0.372549,-96,612,228,7,7,6,4,1,1,22,10,
collapsed,exact_name,tisp_awb_face_pos,tisp_awb_face_pos,151,71,0.470199,-80,604,284,12,4,6,3,1,1,8,11,
collapsed,exact_name,subsection_map,subsection_map,138,66,0.478261,-72,552,264,11,5,4,3,1,1,4,2,
collapsed,exact_name,lce_wdr_light_lock,lce_wdr_light_lock,134,52,0.388060,-82,536,208,14,7,0,0,1,0,0,6,
collapsed,exact_name,tisp_hldc_calc_para,tisp_hldc_calc_para,127,33,0.259843,-94,508,132,5,1,1,0,1,1,2,0,
collapsed,exact_name,tisp_bcsh_aitp_to_hard,tisp_bcsh_aitp_to_hard,126,39,0.309524,-87,504,156,6,1,2,0,1,0,6,2,
collapsed,exact_name,func_local_info,func_local_info,121,46,0.380165,-75,484,184,2,2,10,5,1,1,6,4,
collapsed,exact_name,ispcore_irq_main_fd_work,ispcore_irq_main_fd_work,118,39,0.330508,-79,472,156,20,8,5,1,1,1,14,4,
collapsed,exact_name,tisp_ae_calc_process,tisp_ae_calc_process,104,48,0.461538,-56,416,192,9,6,6,1,1,0,23,12,
collapsed,exact_name,fs_core_ops_ioctl,fs_core_ops_ioctl,96,48,0.500000,-48,384,192,8,3,5,3,2,0,18,14,
collapsed,exact_name,tisp_tmo_interrupt_static,tisp_tmo_interrupt_static,95,28,0.294737,-67,380,112,1,0,6,3,1,0,14,6,
collapsed,exact_name,tisp_defog_img_filter25,tisp_defog_img_filter25,92,34,0.369565,-58,368,136,11,5,0,0,1,0,0,0,
collapsed,exact_name,tisp_lce_interrupt_static,tisp_lce_interrupt_static,91,26,0.285714,-65,364,104,8,1,11,2,1,1,20,6,
collapsed,exact_name,tisp_msca_chx_cfg_load,tisp_msca_chx_cfg_load,91,37,0.406593,-54,364,148,3,0,9,5,0,0,21,14,
collapsed,exact_name,ispcore_irq_main_fs_work,ispcore_irq_main_fs_work,88,17,0.193182,-71,352,68,15,3,2,0,1,1,8,2,
collapsed,exact_name,tisp_ae_roi_point,tisp_ae_roi_point,85,14,0.164706,-71,340,56,7,0,6,1,1,1,14,4,
collapsed,exact_name,tisp_msca_scaling_algorithm,tisp_msca_scaling_algorithm,83,32,0.385542,-51,332,128,0,0,3,3,0,1,9,6,
collapsed,exact_name,tisp_defog_img_filter9,tisp_defog_img_filter9,76,14,0.184211,-62,304,56,5,1,0,0,1,0,0,0,
collapsed,exact_name,isp_core_debug_show,isp_core_debug_show,76,34,0.447368,-42,304,136,7,3,2,2,1,2,26,13,
collapsed,exact_name,tisp_tmo_api_set_curve,tisp_tmo_api_set_curve,76,34,0.447368,-42,304,136,10,1,5,5,0,0,16,12,
collapsed,exact_name,func_subsection_light,func_subsection_light,75,20,0.266667,-55,300,80,5,1,1,0,1,1,2,0,
collapsed,exact_name,tisp_defog_max_filter,tisp_defog_max_filter,74,35,0.472973,-39,296,140,14,5,0,0,1,0,0,0,
collapsed,exact_name,tisp_ae_calc_convergence_speed,tisp_ae_calc_convergence_speed,70,30,0.428571,-40,280,120,2,0,4,2,1,1,4,2,
collapsed,exact_name,tisp_awb_process,tisp_awb_process,69,10,0.144928,-59,276,40,3,0,6,2,1,0,25,4,
collapsed,exact_name,tisp_s_raw_row_control,tisp_s_raw_row_control,68,30,0.441176,-38,272,120,4,0,5,3,1,1,20,4,
collapsed,exact_name,isp_frame_done_wait,isp_frame_done_wait,67,30,0.447761,-37,268,120,3,2,5,1,1,1,20,6,
collapsed,exact_name,tisp_dpc_pm_suspend,tisp_dpc_pm_suspend,62,17,0.274194,-45,248,68,3,1,3,1,1,0,2,2,
collapsed,exact_name,tisp_ae_lib_bilinear_intp,tisp_ae_lib_bilinear_intp,62,20,0.322581,-42,248,80,10,4,1,1,1,1,2,2,
collapsed,exact_name,tisp_msca_crop_api,tisp_msca_crop_api,60,20,0.333333,-40,240,80,1,0,4,3,1,0,10,6,
collapsed,exact_name,tisp_tmo_params_fristframe_reg_refresh,tisp_tmo_params_fristframe_reg_refresh,60,30,0.500000,-30,240,120,1,1,7,3,1,0,6,6,
collapsed,exact_name,tisp_s_module_control,tisp_s_module_control,59,27,0.457627,-32,236,108,3,1,4,2,0,1,13,6,
collapsed,exact_name,tisp_awb_params_refresh,tisp_awb_params_refresh,58,25,0.431034,-33,232,100,6,5,0,0,1,0,2,0,
collapsed,exact_name,tisp_s_ccm_attr,tisp_s_ccm_attr,57,18,0.315789,-39,228,72,6,3,5,1,1,0,8,4,
collapsed,exact_name,tisp_csc_api_get,tisp_csc_api_get,55,24,0.436364,-31,220,96,7,2,2,1,1,1,26,8,
collapsed,exact_name,tisp_awb_param_array_set,tisp_awb_param_array_set,54,25,0.462963,-29,216,100,1,0,5,2,1,0,13,6,
collapsed,exact_name,tisp_ae_algorithm,tisp_ae_algorithm,51,16,0.313725,-35,204,64,2,0,2,2,1,0,8,4,
collapsed,exact_name,tisp_tmo_api_get_curve,tisp_tmo_api_get_curve,51,24,0.470588,-27,204,96,10,1,0,2,1,2,6,2,
collapsed,exact_name,vic_sensor_ops_ioctl,vic_sensor_ops_ioctl,50,14,0.280000,-36,200,56,8,3,0,0,1,0,4,0,
collapsed,exact_name,tisp_ae_fps_calc_max_exp,tisp_ae_fps_calc_max_exp,49,17,0.346939,-32,196,68,1,0,2,1,1,1,10,4,
collapsed,exact_name,tisp_defog_pm_suspend,tisp_defog_pm_suspend,47,17,0.361702,-30,188,68,2,1,2,1,1,0,2,2,
collapsed,exact_name,tisp_dmsc_pm_suspend,tisp_dmsc_pm_suspend,47,17,0.361702,-30,188,68,2,1,2,1,1,0,2,2,
collapsed,exact_name,ISPAWBInterpolation1,ISPAWBInterpolation1,45,12,0.266667,-33,180,48,2,0,4,1,1,1,4,2,
collapsed,exact_name,tisp_bcsh_refresh_by_csc,tisp_bcsh_refresh_by_csc,44,19,0.431818,-25,176,76,0,0,4,4,1,0,10,8,
collapsed,exact_name,tisp_mdns_param_array_set,tisp_mdns_param_array_set,39,18,0.461538,-21,156,72,0,0,5,2,1,0,12,6,
collapsed,exact_name,isp_subdev_release_clks,isp_subdev_release_clks,38,14,0.368421,-24,152,56,3,2,2,1,1,1,4,2,
collapsed,exact_name,tisp_bcsh_wdr_en,tisp_bcsh_wdr_en,38,15,0.394737,-23,152,60,0,0,3,3,1,0,8,6,
collapsed,exact_name,tisp_ccm_wdr_en,tisp_ccm_wdr_en,38,15,0.394737,-23,152,60,0,0,4,3,1,0,10,6,
collapsed,exact_name,tisp_defog_strength_itp,tisp_defog_strength_itp,36,11,0.305556,-25,144,44,4,1,0,0,2,1,2,0,
collapsed,exact_name,tisp_bcsh_ev_update,tisp_bcsh_ev_update,33,15,0.454545,-18,132,60,1,1,2,2,1,1,6,4,
collapsed,exact_name,tiziano_adr_5x5_out,tiziano_adr_5x5_out,31,14,0.451613,-17,124,56,6,4,0,0,2,0,0,0,
collapsed,exact_name,tisp_awb_api_set_ct_trend_offset,tisp_awb_api_set_ct_trend_offset,29,10,0.344828,-19,116,40,1,1,0,0,1,0,2,0,
collapsed,exact_name,tisp_ccm_refresh_by_csc,tisp_ccm_refresh_by_csc,26,10,0.384615,-16,104,40,0,0,3,2,1,0,8,4,
collapsed,exact_name,tisp_wdr_frame_out,tisp_wdr_frame_out,25,9,0.360000,-16,100,36,0,0,1,0,0,1,4,2,
collapsed,exact_name,fix_point_mult3,fix_point_mult3,25,10,0.400000,-15,100,40,0,0,1,1,0,1,2,2,
collapsed,exact_name,fix_point_mult3_64,fix_point_mult3_64,25,10,0.400000,-15,100,40,0,0,1,1,0,1,2,2,
collapsed,exact_name,tisp_awb_api_get_ct_trend_offset,tisp_awb_api_get_ct_trend_offset,24,10,0.416667,-14,96,40,1,1,0,0,1,0,2,0,
collapsed,exact_name,tisp_process_deinit,tisp_process_deinit,24,10,0.416667,-14,96,40,1,0,2,1,1,1,8,2,
collapsed,exact_name,tisp_set_csc_attr,tisp_set_csc_attr,24,10,0.416667,-14,96,40,0,0,4,2,1,0,8,4,
collapsed,exact_name,system_reg_write_af,system_reg_write_af,24,11,0.458333,-13,96,44,1,1,1,0,0,1,2,2,
oem_only,oem_only,isp_info_show.isra.6,,960,0,0.000000,-960,3840,0,111,0,115,0,1,0,323,0,
oem_only,oem_only,mipi_phy_stream_on.constprop.3,,263,0,0.000000,-263,1052,0,17,0,15,0,2,0,28,0,
oem_only,oem_only,isp_mbus_to_bayer.isra.1,,261,0,0.000000,-261,1044,0,98,0,2,0,1,0,12,0,
oem_only,oem_only,tx_isp_set_ae_algo_open.isra.23,,156,0,0.000000,-156,624,0,7,0,14,0,1,0,38,0,
oem_only,oem_only,ispcore_set_clk_parent.isra.4,,133,0,0.000000,-133,532,0,15,0,4,0,1,0,29,0,
oem_only,oem_only,tx_isp_switch_bin.isra.78,,111,0,0.000000,-111,444,0,7,0,7,0,1,0,26,0,
oem_only,oem_only,tx_isp_get_ae_algo_handle.isra.21,,103,0,0.000000,-103,412,0,1,0,6,0,1,0,22,0,
oem_only,oem_only,tx_isp_get_default_bin_path.isra.25,,75,0,0.000000,-75,300,0,5,0,5,0,1,0,22,0,
oem_only,oem_only,isp_core_tunning_default_ioctl.isra.80,,74,0,0.000000,-74,296,0,9,0,5,0,1,0,14,0,
oem_only,oem_only,tx_isp_video_link_destroy.isra.3,,73,0,0.000000,-73,292,0,8,0,4,0,1,0,8,0,
oem_only,oem_only,ispcore_frame_channel_s_fmt.isra.2,,60,0,0.000000,-60,240,0,3,0,1,0,2,0,8,0,
oem_only,oem_only,tx_isp_set_default_bin_path.isra.16,,57,0,0.000000,-57,228,0,4,0,4,0,1,0,16,0,
oem_only,oem_only,tx_isp_ae_expoinfo_g_attr.isra.55,,48,0,0.000000,-48,192,0,3,0,4,0,1,0,16,0,
oem_only,oem_only,tx_isp_ae_weight_g_attr.isra.58,,48,0,0.000000,-48,192,0,3,0,4,0,1,0,16,0,
oem_only,oem_only,tx_isp_af_weight_g_attr.isra.49,,48,0,0.000000,-48,192,0,3,0,4,0,1,0,16,0,
oem_only,oem_only,tx_isp_awb_attr_g_attr.isra.51,,48,0,0.000000,-48,192,0,3,0,4,0,1,0,16,0,
oem_only,oem_only,tx_isp_awb_weight_g_attr.isra.50,,48,0,0.000000,-48,192,0,3,0,4,0,1,0,16,0,
oem_only,oem_only,tx_isp_gamma_g_attr.isra.42,,48,0,0.000000,-48,192,0,3,0,4,0,1,0,16,0,
oem_only,oem_only,tx_isp_gamma_s_attr.isra.9,,48,0,0.000000,-48,192,0,3,0,4,0,1,0,16,0,
oem_only,oem_only,tx_isp_module_ratio_s_attr.isra.10,,48,0,0.000000,-48,192,0,3,0,4,0,1,0,16,0,
oem_only,oem_only,tx_isp_tmo_s_curve.isra.34,,48,0,0.000000,-48,192,0,3,0,4,0,1,0,16,0,
oem_only,oem_only,tx_isp_ae_g_at_list.isra.70,,43,0,0.000000,-43,172,0,2,0,4,0,1,0,16,0,
oem_only,oem_only,tx_isp_ae_g_ev_list.isra.69,,43,0,0.000000,-43,172,0,2,0,4,0,1,0,16,0,
oem_only,oem_only,tx_isp_ae_g_explist.isra.63,,43,0,0.000000,-43,172,0,2,0,4,0,1,0,16,0,
oem_only,oem_only,tx_isp_tmo_g_curve.isra.72,,43,0,0.000000,-43,172,0,2,0,4,0,1,0,16,0,
oem_only,oem_only,tx_isp_ae_expoinfo_s_attr.isra.20,,41,0,0.000000,-41,164,0,2,0,4,0,1,0,12,0,
oem_only,oem_only,tx_isp_ae_s_explist.isra.24,,37,0,0.000000,-37,148,0,2,0,3,0,1,0,10,0,
oem_only,oem_only,tx_isp_ae_weight_s_attr.isra.21,,37,0,0.000000,-37,148,0,2,0,3,0,1,0,10,0,
oem_only,oem_only,tx_isp_af_weight_s_attr.isra.16,,37,0,0.000000,-37,148,0,2,0,3,0,1,0,10,0,
oem_only,oem_only,tx_isp_awb_weight_s_attr.isra.17,,37,0,0.000000,-37,148,0,2,0,3,0,1,0,10,0,
oem_only,oem_only,tx_isp_driver_version.isra.12,,37,0,0.000000,-37,148,0,1,0,3,0,1,0,12,0,
oem_only,oem_only,tx_isp_ai_g_ratio_table.isra.75,,33,0,0.000000,-33,132,0,1,0,3,0,1,0,10,0,
oem_only,oem_only,tx_isp_module_ratio_g_attr.isra.60,,33,0,0.000000,-33,132,0,1,0,3,0,1,0,10,0,
oem_only,oem_only,tisp_lce_clr_ram.part.0,,30,0,0.000000,-30,120,0,1,0,2,0,0,0,2,0,
oem_only,oem_only,tisp_wdr_paixu.part.1,,26,0,0.000000,-26,104,0,5,0,0,0,1,0,0,0,
oem_only,oem_only,tisp_dpc_write_reg.part.0,,18,0,0.000000,-18,72,0,0,0,2,0,0,0,6,0,
oem_only,oem_only,csi_sensor_ops_sync_sensor_attr.part.2,,15,0,0.000000,-15,60,0,0,0,1,0,1,0,6,0,
oem_only,oem_only,vic_sensor_ops_sync_sensor_attr.part.4,,15,0,0.000000,-15,60,0,0,0,1,0,1,0,6,0,
oem_only,oem_only,lce_compress_data.part.1,,9,0,0.000000,-9,36,0,1,0,0,0,1,0,0,0,
oem_only,oem_only,lsc_exchange_data.constprop.1,,9,0,0.000000,-9,36,0,0,0,0,0,1,0,0,0,
oem_only,oem_only,tx_isp_module_exit,,4,0,0.000000,-4,16,0,1,0,0,0,0,0,2,0,
shorter,exact_name,Tiziano_wdr_fusion_fpga,Tiziano_wdr_fusion_fpga,2197,1355,0.616750,-842,8788,5420,246,163,48,33,1,1,87,58,
shorter,exact_name,tx_isp_unlocked_ioctl,tx_isp_unlocked_ioctl,1845,1100,0.596206,-745,7380,4400,288,193,102,71,1,1,272,149,
shorter,exact_name,frame_channel_unlocked_ioctl,frame_channel_unlocked_ioctl,1076,637,0.592007,-439,4304,2548,169,102,61,45,1,1,299,138,
shorter,exact_name,Tiziano_defog_soft,Tiziano_defog_soft,755,449,0.594702,-306,3020,1796,55,35,9,3,1,0,12,4,
shorter,exact_name,Tiziano_wdr_deghost_fpga,Tiziano_wdr_deghost_fpga,679,419,0.617084,-260,2716,1676,49,26,40,34,0,1,28,18,
shorter,exact_name,tisp_lsc_ct_interp,tisp_lsc_ct_interp,666,417,0.626126,-249,2664,1668,32,33,19,6,1,1,17,18,
shorter,exact_name,isp_vic_cmd_set,isp_vic_cmd_set,609,446,0.732348,-163,2436,1784,74,52,54,46,1,1,160,132,
shorter,exact_name,isp_vic_interrupt_service_routine,isp_vic_interrupt_service_routine,555,369,0.664865,-186,2220,1476,49,29,33,30,2,2,188,128,
shorter,exact_name,proc_ivdc_writel,proc_ivdc_writel,543,293,0.539595,-250,2172,1172,68,31,42,25,1,1,142,71,
shorter,exact_name,subsection_up,subsection_up,530,298,0.562264,-232,2120,1192,20,17,31,31,1,1,16,6,
shorter,exact_name,tisp_ae_algo_handle,tisp_ae_algo_handle,504,384,0.761905,-120,2016,1536,12,13,49,43,1,1,50,47,
shorter,exact_name,ispcore_core_ops_init,ispcore_core_ops_init,487,293,0.601643,-194,1948,1172,43,30,25,18,1,1,92,58,
shorter,exact_name,tisp_af_set_hardware_param,tisp_af_set_hardware_param,483,385,0.797101,-98,1932,1540,7,7,50,48,1,1,8,10,
shorter,exact_name,tiziano_load_parameters,tiziano_load_parameters,440,301,0.684091,-139,1760,1204,27,21,40,33,1,1,136,105,
shorter,exact_name,isp_save_cmd_set,isp_save_cmd_set,431,252,0.584687,-179,1724,1008,42,18,35,22,1,1,149,79,
shorter,exact_name,tisp_lce_init,tisp_lce_init,412,246,0.597087,-166,1648,984,9,5,19,13,1,0,42,26,
shorter,exact_name,tiziano_adr_5x5_init,tiziano_adr_5x5_init,394,251,0.637056,-143,1576,1004,24,22,37,30,1,1,26,26,
shorter,exact_name,tisp_defog_init,tisp_defog_init,391,276,0.705882,-115,1564,1104,11,13,34,14,1,1,47,30,
shorter,exact_name,tisp_lsc_mirror_flip,tisp_lsc_mirror_flip,386,263,0.681347,-123,1544,1052,26,13,41,22,1,1,26,17,
shorter,exact_name,tisp_ae_weight_mean,tisp_ae_weight_mean,369,247,0.669377,-122,1476,988,10,8,11,6,1,1,16,12,
shorter,exact_name,tisp_ae_init,tisp_ae_init,325,185,0.569231,-140,1300,740,9,6,27,17,1,0,79,40,
shorter,exact_name,tisp_s_wdr_en,tisp_s_wdr_en,323,177,0.547988,-146,1292,708,17,10,38,14,1,0,66,38,
shorter,exact_name,tisp_awb_spec_calculate,tisp_awb_spec_calculate,320,251,0.784375,-69,1280,1004,30,24,33,25,0,0,20,22,
shorter,exact_name,tisp_msca_set_line,tisp_msca_set_line,307,215,0.700326,-92,1228,860,25,15,28,21,1,1,6,10,
shorter,exact_name,tisp_msca_init_chx_cfg,tisp_msca_init_chx_cfg,295,216,0.732203,-79,1180,864,8,8,17,8,0,0,4,4,
shorter,exact_name,lce_self_light_correct,lce_self_light_correct,286,184,0.643357,-102,1144,736,29,19,6,5,1,1,10,6,
shorter,exact_name,tisp_tstp_reg_cfg,tisp_tstp_reg_cfg,276,171,0.619565,-105,1104,684,0,0,30,29,0,1,34,6,
shorter,exact_name,tisp_vic_ctrl_ioctl,tisp_vic_ctrl_ioctl,268,165,0.615672,-103,1072,660,39,24,15,12,1,1,65,44,
shorter,exact_name,tisp_af_alogrithm,tisp_af_alogrithm,256,197,0.769531,-59,1024,788,15,13,8,8,1,1,6,6,
shorter,exact_name,isp_framesource_show,isp_framesource_show,249,180,0.722892,-69,996,720,21,13,24,23,1,1,67,16,
shorter,exact_name,func_adr_map_curve1,func_adr_map_curve1,235,144,0.612766,-91,940,576,7,7,1,1,1,1,4,4,
shorter,exact_name,tisp_defog_update_reg_para2,tisp_defog_update_reg_para2,233,137,0.587983,-96,932,548,19,18,3,0,1,0,4,2,
shorter,exact_name,lce_hist_method,lce_hist_method,233,168,0.721030,-65,932,672,25,15,4,4,1,1,6,6,
shorter,exact_name,tisp_defog_dn_params_refresh,tisp_defog_dn_params_refresh,227,144,0.634361,-83,908,576,3,3,31,25,1,0,18,12,
shorter,exact_name,tisp_awb_set_gain,tisp_awb_set_gain,222,151,0.680180,-71,888,604,12,10,13,11,1,1,10,8,
shorter,exact_name,tisp_bcsh_interp_by_ct,tisp_bcsh_interp_by_ct,216,143,0.662037,-73,864,572,43,37,5,1,1,2,14,4,
shorter,exact_name,func_gauss_local,func_gauss_local,215,144,0.669767,-71,860,576,13,7,10,9,1,1,24,22,
shorter,exact_name,tisp_gib_ae_write_dgain,tisp_gib_ae_write_dgain,212,114,0.537736,-98,848,456,7,6,28,1,1,1,8,6,
shorter,exact_name,tisp_tmo_ev_interp,tisp_tmo_ev_interp,211,106,0.502370,-105,844,424,42,18,2,2,1,1,8,8,
shorter,exact_name,tisp_msca_normalized,tisp_msca_normalized,210,165,0.785714,-45,840,660,20,10,5,5,0,0,16,13,
shorter,exact_name,Tiziano_Awb_Ct_Cal,Tiziano_Awb_Ct_Cal,206,111,0.538835,-95,824,444,22,17,4,4,1,1,8,10,
shorter,exact_name,func_map_y_filter_sp,func_map_y_filter_sp,205,127,0.619512,-78,820,508,8,6,4,2,1,1,8,8,
shorter,exact_name,func_map_y_filter,func_map_y_filter,201,133,0.661692,-68,804,532,9,11,1,1,1,1,2,2,
shorter,exact_name,tisp_ae_set_hardware_param,tisp_ae_set_hardware_param,200,141,0.705000,-59,800,564,5,4,9,7,0,1,4,6,
shorter,exact_name,tisp_ae_get_bv,tisp_ae_get_bv,189,130,0.687831,-59,756,520,9,2,8,8,1,1,16,16,
shorter,exact_name,tiziano_adr_read_data,tiziano_adr_read_data,188,111,0.590426,-77,752,444,3,1,0,0,1,0,2,2,
shorter,exact_name,tisp_awb_ev_update_Ywgt,tisp_awb_ev_update_Ywgt,186,116,0.623656,-70,744,464,28,23,0,0,3,3,2,0,
shorter,exact_name,tx_isp_ivdc_show,tx_isp_ivdc_show,185,131,0.708108,-54,740,524,4,1,25,25,1,1,87,10,
shorter,exact_name,tisp_mdns_reg_cfg_equation_dif,tisp_mdns_reg_cfg_equation_dif,184,135,0.733696,-49,736,540,19,13,0,0,1,1,45,0,
shorter,exact_name,ispcore_frame_channel_set_fmt,ispcore_frame_channel_set_fmt,180,92,0.511111,-88,720,368,26,15,7,5,1,1,18,10,
shorter,exact_name,tisp_ccm_interp_by_ct,tisp_ccm_interp_by_ct,179,124,0.692737,-55,716,496,34,26,2,1,1,3,6,4,
shorter,exact_name,tisp_sdns_ref_reg_cfg,tisp_sdns_ref_reg_cfg,172,134,0.779070,-38,688,536,0,0,26,26,0,1,4,4,
shorter,exact_name,tisp_deinit,tisp_deinit,169,102,0.603550,-67,676,408,5,0,31,25,1,0,78,50,
shorter,exact_name,tisp_clm_write_lut,tisp_clm_write_lut,167,106,0.634731,-61,668,424,2,1,18,11,1,0,4,6,
shorter,exact_name,tisp_lsc_init,tisp_lsc_init,161,123,0.763975,-38,644,492,5,3,11,8,1,0,38,26,
shorter,exact_name,tiziano_adr_stat_calc,tiziano_adr_stat_calc,159,98,0.616352,-61,636,392,3,3,0,0,1,1,6,2,
shorter,exact_name,tisp_tmo_ram_reg_refresh,tisp_tmo_ram_reg_refresh,157,103,0.656051,-54,628,412,4,4,16,10,1,0,8,8,
shorter,exact_name,tisp_cdns_reg_cfg,tisp_cdns_reg_cfg,156,113,0.724359,-43,624,452,3,1,11,11,0,0,4,4,
shorter,exact_name,tisp_tstp_mark1_func,tisp_tstp_mark1_func,154,95,0.616883,-59,616,380,9,7,18,17,1,2,21,6,
shorter,exact_name,tisp_clm_ct_interp,tisp_clm_ct_interp,154,121,0.785714,-33,616,484,19,19,6,4,1,1,10,10,
shorter,exact_name,tisp_suspend_all,tisp_suspend_all,137,84,0.613139,-53,548,336,9,6,9,7,1,1,20,16,
shorter,exact_name,tiziano_adr_base_pars,tiziano_adr_base_pars,136,73,0.536765,-63,544,292,5,4,4,2,1,0,8,6,
shorter,exact_name,tisp_lsc_lut_valid_judge,tisp_lsc_lut_valid_judge,134,105,0.783582,-29,536,420,19,16,2,2,1,1,10,8,
shorter,exact_name,func_adr_reg_write_every,func_adr_reg_write_every,131,98,0.748092,-33,524,392,7,5,10,9,0,1,10,6,
shorter,exact_name,tisp_csccr_api_set,tisp_csccr_api_set,130,97,0.746154,-33,520,388,10,8,8,8,1,1,16,12,
shorter,exact_name,tisp_msca_para_calc,tisp_msca_para_calc,129,102,0.790698,-27,516,408,19,20,0,0,1,1,2,0,
shorter,exact_name,tisp_log2_int_to_fixed_64,tisp_log2_int_to_fixed_64,128,83,0.648438,-45,512,332,15,12,3,1,2,2,8,4,
shorter,exact_name,tisp_s_statis_config_attr,tisp_s_statis_config_attr,128,101,0.789062,-27,512,404,6,6,10,10,1,1,20,21,
shorter,exact_name,tisp_hldc_set_attr,tisp_hldc_set_attr,127,79,0.622047,-48,508,316,1,0,6,5,1,1,12,10,
shorter,exact_name,tisp_bcsh_init,tisp_bcsh_init,125,80,0.640000,-45,500,320,0,0,10,7,1,0,32,14,
shorter,exact_name,frame_channel_vidioc_set_fmt,frame_channel_vidioc_set_fmt,125,97,0.776000,-28,500,388,16,13,8,7,1,1,41,33,
shorter,exact_name,tisp_defog_param_array_set,tisp_defog_param_array_set,121,84,0.694215,-37,484,336,3,3,11,10,1,0,26,24,
shorter,exact_name,tisp_mdns_addr_alloc,tisp_mdns_addr_alloc,114,77,0.675439,-37,456,308,4,2,9,7,1,1,28,20,
shorter,exact_name,tisp_ae_clac_deflicker_cfg,tisp_ae_clac_deflicker_cfg,114,85,0.745614,-29,456,340,7,4,3,3,1,1,8,8,
shorter,exact_name,isp_core_tuning_event,isp_core_tuning_event,113,62,0.548673,-51,452,248,10,5,7,5,1,2,27,16,
shorter,exact_name,tisp_top_write_bypass,tisp_top_write_bypass,113,78,0.690265,-35,452,312,11,10,7,5,0,1,21,8,
shorter,exact_name,tisp_lce_get_data,tisp_lce_get_data,112,68,0.607143,-44,448,272,5,6,8,6,1,0,10,8,
shorter,exact_name,ivdc_misc_unlocked_ioctl,ivdc_misc_unlocked_ioctl,112,81,0.723214,-31,448,324,17,14,6,4,1,1,40,21,
shorter,exact_name,vic_mdma_enable,vic_mdma_enable,111,82,0.738739,-29,444,328,7,3,0,0,1,1,10,10,
shorter,exact_name,sensor_init,sensor_init,111,88,0.792793,-23,444,352,0,0,0,0,1,1,52,2,
shorter,exact_name,ispcore_frame_channel_qbuf,ispcore_frame_channel_qbuf,110,82,0.745455,-28,440,328,9,9,5,3,1,2,24,15,
shorter,exact_name,tisp_msca_set_mask,tisp_msca_set_mask,109,77,0.706422,-32,436,308,4,2,8,8,1,0,5,5,
shorter,exact_name,tisp_ae_par_update_trig,tisp_ae_par_update_trig,107,80,0.747664,-27,428,320,5,3,7,6,0,0,22,16,
shorter,exact_name,tisp_ccm_init,tisp_ccm_init,107,81,0.757009,-26,428,324,0,0,9,7,1,0,28,14,
shorter,exact_name,ispcore_sync_sensor_attr,ispcore_sync_sensor_attr,106,61,0.575472,-45,424,244,7,6,5,5,1,1,12,13,
shorter,exact_name,isp_malloc_buffer,isp_malloc_buffer,106,66,0.622642,-40,424,264,12,8,6,5,1,1,26,21,
shorter,exact_name,tisp_ae_api_get_scene_luma,tisp_ae_api_get_scene_luma,105,60,0.571429,-45,420,240,5,1,4,3,1,1,10,8,
shorter,exact_name,tisp_lsc_param_array_set,tisp_lsc_param_array_set,103,53,0.514563,-50,412,212,5,2,8,5,2,1,17,12,
shorter,exact_name,isp_vic_frd_show,isp_vic_frd_show,103,61,0.592233,-42,412,244,6,6,4,4,1,1,18,17,
shorter,exact_name,frame_channel_vidioc_get_fmt,frame_channel_vidioc_get_fmt,97,59,0.608247,-38,388,236,9,7,7,5,1,1,26,18,
shorter,exact_name,tisp_gib_interp_by_again,tisp_gib_interp_by_again,93,69,0.741935,-24,372,276,4,4,6,5,1,2,6,4,
shorter,exact_name,tisp_s_module_ratio_attr,tisp_s_module_ratio_attr,84,44,0.523810,-40,336,176,15,8,3,2,1,0,12,6,
shorter,exact_name,tisp_s_raw_rw_control,tisp_s_raw_rw_control,84,53,0.630952,-31,336,212,8,1,5,5,1,1,22,13,
shorter,exact_name,tisp_awb_deinit,tisp_awb_deinit,83,52,0.626506,-31,332,208,9,6,6,6,1,1,10,4,
shorter,exact_name,tisp_bypass_update,tisp_bypass_update,83,56,0.674699,-27,332,224,0,0,5,5,1,1,25,25,
shorter,exact_name,tisp_clm_init,tisp_clm_init,83,59,0.710843,-24,332,236,0,0,7,6,1,0,26,14,
shorter,exact_name,tisp_mdns_func_en,tisp_mdns_func_en,82,46,0.560976,-36,328,184,3,3,2,1,0,0,6,6,
shorter,exact_name,ispcore_frame_channel_ir_qbuf,ispcore_frame_channel_ir_qbuf,79,61,0.772152,-18,316,244,12,11,4,3,1,1,12,8,
shorter,exact_name,tisp_ae_sepc_area,tisp_ae_sepc_area,78,46,0.589744,-32,312,184,4,4,1,1,1,1,6,4,
shorter,exact_name,tisp_lce_process,tisp_lce_process,76,51,0.671053,-25,304,204,2,2,6,5,1,0,12,10,
shorter,exact_name,tisp_wdr_degweight_ev,tisp_wdr_degweight_ev,76,59,0.776316,-17,304,236,13,11,0,0,1,1,0,2,
shorter,exact_name,tisp_set_ae_long_ag,tisp_set_ae_long_ag,75,54,0.720000,-21,300,216,5,6,3,2,1,1,14,10,
shorter,exact_name,tisp_set_ae_short_ag,tisp_set_ae_short_ag,75,54,0.720000,-21,300,216,5,6,3,2,1,1,14,10,
shorter,exact_name,tisp_g_ae_statis_attr,tisp_g_ae_statis_attr,75,57,0.760000,-18,300,228,2,0,5,5,1,1,14,10,
shorter,exact_name,tisp_ccm_interp_by_ev,tisp_ccm_interp_by_ev,74,47,0.635135,-27,296,188,14,8,0,0,2,1,2,2,
shorter,exact_name,tisp_wdr_get_lum_s,tisp_wdr_get_lum_s,73,52,0.712329,-21,292,208,9,7,0,0,1,1,0,0,
shorter,exact_name,tisp_gsm_init,tisp_gsm_init,71,55,0.774648,-16,284,220,0,0,6,2,1,1,33,23,
shorter,exact_name,tisp_ydns_reg_cfg,tisp_ydns_reg_cfg,71,56,0.788732,-15,284,224,0,0,7,7,0,1,4,4,
shorter,exact_name,tisp_blc_ag_interp,tisp_blc_ag_interp,70,50,0.714286,-20,280,200,1,1,5,4,1,2,6,4,
shorter,exact_name,tisp_code_create_tuning_node,tisp_code_create_tuning_node,65,42,0.646154,-23,260,168,2,0,6,4,1,1,30,16,
shorter,exact_name,ispcore_frame_channel_streamon,ispcore_frame_channel_streamon,64,37,0.578125,-27,256,148,7,4,4,2,1,1,11,6,
shorter,exact_name,tisp_irsca_write_reg,tisp_irsca_write_reg,64,47,0.734375,-17,256,188,0,0,5,3,1,1,4,4,
shorter,exact_name,tisp_awb_pm_suspend,tisp_awb_pm_suspend,62,45,0.725806,-17,248,180,3,1,3,3,1,1,2,2,
shorter,exact_name,tiziano_adr_algorithm,tiziano_adr_algorithm,62,46,0.741935,-16,248,184,1,1,3,2,1,0,12,8,
shorter,exact_name,tisp_blc_write_reg,tisp_blc_write_reg,58,37,0.637931,-21,232,148,0,0,4,3,1,1,4,6,
shorter,exact_name,private_wait_event_interruptible,private_wait_event_interruptible,58,46,0.793103,-12,232,184,4,3,5,4,1,1,6,6,
shorter,exact_name,tisp_set_fps,tisp_set_fps,57,32,0.561404,-25,228,128,2,0,3,2,1,1,12,6,
shorter,exact_name,tisp_gamma_strength_transform,tisp_gamma_strength_transform,57,33,0.578947,-24,228,132,2,2,1,0,1,1,4,2,
shorter,exact_name,tisp_tmo_faceae_refresh,tisp_tmo_faceae_refresh,57,40,0.701754,-17,228,160,0,0,5,5,0,1,6,4,
shorter,exact_name,tisp_ae_interrupt_hist,tisp_ae_interrupt_hist,56,43,0.767857,-13,224,172,3,0,5,4,1,1,16,10,
shorter,exact_name,tisp_msca_deinit,tisp_msca_deinit,54,31,0.574074,-23,216,124,6,3,2,2,1,0,10,8,
shorter,exact_name,tisp_tstp_mark2_func,tisp_tstp_mark2_func,53,40,0.754717,-13,212,160,1,1,4,4,1,2,7,4,
shorter,exact_name,tisp_ccm_api_set,tisp_ccm_api_set,52,35,0.673077,-17,208,140,0,0,5,4,1,0,12,10,
shorter,exact_name,tisp_s_raw_rw_control_internal,tisp_s_raw_rw_control_internal,51,30,0.588235,-21,204,120,2,0,3,3,1,1,9,6,
shorter,exact_name,tx_isp_csi_remove,tx_isp_csi_remove,51,35,0.686275,-16,204,140,1,1,6,4,1,1,12,8,
shorter,exact_name,tisp_sdns_pm_suspend,tisp_sdns_pm_suspend,51,37,0.725490,-14,204,148,2,2,2,2,1,1,2,2,
shorter,exact_name,tisp_ysp_pm_suspend,tisp_ysp_pm_suspend,51,37,0.725490,-14,204,148,2,2,2,2,1,1,2,2,
shorter,exact_name,ae_process_kthread,ae_process_kthread,50,30,0.600000,-20,200,120,4,1,5,4,1,1,19,10,
shorter,exact_name,tisp_bcsh_api_set_ccm,tisp_bcsh_api_set_ccm,50,30,0.600000,-20,200,120,0,0,4,4,1,0,10,10,
shorter,exact_name,tisp_s_hv_flip,tisp_s_hv_flip,50,31,0.620000,-19,200,124,0,0,1,1,1,1,4,4,
shorter,exact_name,tisp_mdns_par_refresh,tisp_mdns_par_refresh,50,34,0.680000,-16,200,136,4,3,4,2,1,1,12,6,
shorter,exact_name,tisp_ae_api_set_exp_list,tisp_ae_api_set_exp_list,50,39,0.780000,-11,200,156,2,2,0,0,1,1,4,4,
shorter,exact_name,tisp_tmo_process,tisp_tmo_process,50,39,0.780000,-11,200,156,0,0,5,5,1,0,17,15,
shorter,exact_name,tisp_adr_faceae_curve_adjust,tisp_adr_faceae_curve_adjust,48,31,0.645833,-17,192,124,4,3,0,0,1,1,9,7,
shorter,exact_name,tx_isp_core_remove,tx_isp_core_remove,48,35,0.729167,-13,192,140,2,2,7,5,1,0,12,10,
shorter,exact_name,tisp_mdns_api_ai_par_push,tisp_mdns_api_ai_par_push,48,36,0.750000,-12,192,144,0,0,5,5,1,1,4,4,
shorter,exact_name,tisp_tmo_pm_suspend,tisp_tmo_pm_suspend,48,37,0.770833,-11,192,148,2,2,2,2,1,1,2,2,
shorter,exact_name,tisp_set_frame_drop,tisp_set_frame_drop,46,31,0.673913,-15,184,124,4,3,4,3,1,1,8,6,
shorter,exact_name,tisp_bcsh_param_array_set,tisp_bcsh_param_array_set,45,26,0.577778,-19,180,104,0,0,4,4,1,0,10,10,
shorter,exact_name,tisp_ccm_param_array_set,tisp_ccm_param_array_set,45,30,0.666667,-15,180,120,0,0,5,4,1,0,12,10,
shorter,exact_name,tisp_cdns_pm_suspend,tisp_cdns_pm_suspend,45,34,0.755556,-11,180,136,1,1,2,2,1,1,2,2,
shorter,exact_name,isp_frame_done_wakeup,isp_frame_done_wakeup,44,27,0.613636,-17,176,108,2,0,4,2,1,1,16,10,
shorter,exact_name,tisp_ccm_ev_update,tisp_ccm_ev_update,44,30,0.681818,-14,176,120,3,3,3,2,1,2,8,6,
shorter,exact_name,ispcore_frame_channel_streamoff,ispcore_frame_channel_streamoff,44,32,0.727273,-12,176,128,3,3,4,2,1,1,6,6,
shorter,exact_name,ispcore_sensor_ops_ioctl,ispcore_sensor_ops_ioctl,44,34,0.772727,-10,176,136,8,7,1,1,1,1,0,2,
shorter,exact_name,tisp_adr_process_func,tisp_adr_process_func,43,24,0.558140,-19,172,96,0,0,7,5,1,0,16,10,
shorter,exact_name,tisp_wdr_interrupt_static,tisp_wdr_interrupt_static,43,27,0.627907,-16,172,108,0,0,4,3,1,0,11,8,
shorter,exact_name,tisp_defog_process,tisp_defog_process,43,29,0.674419,-14,172,116,2,1,3,2,1,0,8,6,
shorter,exact_name,vic_core_ops_init,vic_core_ops_init,43,33,0.767442,-10,172,132,5,4,1,1,3,2,6,6,
shorter,exact_name,tisp_wdr_pm_suspend,tisp_wdr_pm_suspend,42,27,0.642857,-15,168,108,2,2,1,1,2,2,4,2,
shorter,exact_name,adr_remove,adr_remove,41,23,0.560976,-18,164,92,0,0,0,0,1,1,29,12,
shorter,exact_name,tisp_ysp_par_refresh,tisp_ysp_par_refresh,41,24,0.585366,-17,164,96,5,3,1,1,1,1,6,4,
shorter,exact_name,tisp_sdns_par_refresh,tisp_sdns_par_refresh,41,31,0.756098,-10,164,124,5,3,1,1,1,1,6,4,
shorter,exact_name,table_intp,table_intp,40,23,0.575000,-17,160,92,3,5,1,0,3,1,2,2,
shorter,exact_name,isp_mem_init,isp_mem_init,40,31,0.775000,-9,160,124,0,0,3,2,1,1,18,16,
shorter,exact_name,tisp_tmo_wdr_en,tisp_tmo_wdr_en,40,31,0.775000,-9,160,124,0,0,6,5,1,0,14,12,
shorter,exact_name,tx_isp_vic_remove,tx_isp_vic_remove,39,27,0.692308,-12,156,108,3,3,4,2,1,1,8,4,
shorter,exact_name,api_ae_set_hist_bin,api_ae_set_hist_bin,39,30,0.769231,-9,156,120,0,1,3,2,1,0,10,8,
shorter,exact_name,tisp_tmo_param_array_set,tisp_tmo_param_array_set,39,30,0.769231,-9,156,120,0,0,6,5,1,0,14,12,
shorter,exact_name,api_ae_get_weight,api_ae_get_weight,38,27,0.710526,-11,152,108,0,0,1,1,0,1,6,6,
shorter,exact_name,api_ae_get_hist_bin,api_ae_get_hist_bin,38,28,0.736842,-10,152,112,0,0,3,2,1,1,10,8,
shorter,exact_name,api_ae_get_antiflicker_step,api_ae_get_antiflicker_step,38,30,0.789474,-8,152,120,1,1,2,2,1,1,6,4,
shorter,exact_name,tisp_awb_dn_params_refresh,tisp_awb_dn_params_refresh,37,19,0.513514,-18,148,76,1,0,2,1,1,0,8,4,
shorter,exact_name,tisp_lce_clr_ram,tisp_lce_clr_ram,37,19,0.513514,-18,148,76,2,1,2,2,0,1,4,2,
shorter,exact_name,tisp_lsc_param_array_get,tisp_lsc_param_array_get,37,22,0.594595,-15,148,88,0,0,2,1,1,1,6,4,
shorter,exact_name,tisp_code_destroy_tuning_node,tisp_code_destroy_tuning_node,37,27,0.729730,-10,148,108,1,1,3,3,0,1,18,11,
shorter,exact_name,tx_isp_remove,tx_isp_remove,37,29,0.783784,-8,148,116,0,0,6,4,1,1,12,8,
shorter,exact_name,tisp_round_int64,tisp_round_int64,35,21,0.600000,-14,140,84,1,1,2,1,1,2,2,2,
shorter,exact_name,tisp_cdns_par_refresh,tisp_cdns_par_refresh,35,24,0.685714,-11,140,96,4,3,1,1,1,1,6,4,
shorter,exact_name,tisp_clm_dn_params_refresh,tisp_clm_dn_params_refresh,35,27,0.771429,-8,140,108,0,0,4,4,1,0,10,10,
shorter,exact_name,fix_point_div_32,fix_point_div_32,34,18,0.529412,-16,136,72,4,2,1,1,1,1,2,2,
shorter,exact_name,tisp_msca_addr_fifo_read,tisp_msca_addr_fifo_read,34,22,0.647059,-12,136,88,0,0,2,2,1,1,2,2,
shorter,exact_name,tisp_ae_pm_suspend,tisp_ae_pm_suspend,34,23,0.676471,-11,136,92,1,1,1,1,1,1,2,2,
shorter,exact_name,tisp_af_pm_suspend,tisp_af_pm_suspend,34,23,0.676471,-11,136,92,1,1,1,1,1,1,2,2,
shorter,exact_name,tisp_bcsh_pm_suspend,tisp_bcsh_pm_suspend,34,23,0.676471,-11,136,92,1,1,1,1,1,1,2,2,
shorter,exact_name,tisp_clm_pm_suspend,tisp_clm_pm_suspend,34,23,0.676471,-11,136,92,1,1,1,1,1,1,2,2,
shorter,exact_name,tisp_gsm_pm_suspend,tisp_gsm_pm_suspend,34,23,0.676471,-11,136,92,1,1,1,1,1,1,2,2,
shorter,exact_name,tisp_hldc_pm_suspend,tisp_hldc_pm_suspend,34,23,0.676471,-11,136,92,1,1,1,1,1,1,2,2,
shorter,exact_name,func_gam_x2y,func_gam_x2y,34,26,0.764706,-8,136,104,3,3,0,0,2,1,0,0,
shorter,exact_name,tisp_ccm_ct_update,tisp_ccm_ct_update,34,27,0.794118,-7,136,108,2,2,3,2,1,2,8,6,
shorter,exact_name,tisp_adr_pm_suspend,tisp_adr_pm_suspend,33,17,0.515152,-16,132,68,1,1,1,1,1,0,2,2,
shorter,exact_name,tisp_blc_pm_suspend,tisp_blc_pm_suspend,33,17,0.515152,-16,132,68,1,1,1,1,1,0,2,2,
shorter,exact_name,tisp_csc_pm_suspend,tisp_csc_pm_suspend,33,17,0.515152,-16,132,68,1,1,1,1,1,0,2,2,
shorter,exact_name,tisp_lce_pm_suspend,tisp_lce_pm_suspend,33,17,0.515152,-16,132,68,1,1,1,1,1,0,2,2,
shorter,exact_name,tisp_mdns_pm_suspend,tisp_mdns_pm_suspend,33,17,0.515152,-16,132,68,1,1,1,1,1,0,2,2,
shorter,exact_name,isp_printf,isp_printf,33,20,0.606061,-13,132,80,2,2,2,1,1,1,8,4,
shorter,exact_name,tisp_gamma_wdr_en,tisp_gamma_wdr_en,33,22,0.666667,-11,132,88,0,0,4,4,1,1,10,8,
shorter,exact_name,tisp_gib_pm_suspend,tisp_gib_pm_suspend,33,22,0.666667,-11,132,88,1,1,1,1,1,1,2,2,
shorter,exact_name,tisp_lsc_pm_suspend,tisp_lsc_pm_suspend,33,22,0.666667,-11,132,88,1,1,1,1,1,1,2,2,
shorter,exact_name,tisp_tstp_pm_suspend,tisp_tstp_pm_suspend,33,22,0.666667,-11,132,88,1,1,1,1,1,1,2,2,
shorter,exact_name,tisp_ydns_pm_suspend,tisp_ydns_pm_suspend,33,22,0.666667,-11,132,88,1,1,1,1,1,1,2,2,
shorter,exact_name,tisp_blc_dn_params_refresh,tisp_blc_dn_params_refresh,33,26,0.787879,-7,132,104,0,0,5,5,0,1,6,6,
shorter,exact_name,tx_isp_enable_irq,tx_isp_enable_irq,32,22,0.687500,-10,128,88,2,3,3,1,1,2,4,2,
shorter,exact_name,tisp_channel_main_fifo_clear,tisp_channel_main_fifo_clear,32,23,0.718750,-9,128,92,0,0,4,4,1,1,2,2,
shorter,exact_name,ivdc_disable_irq,ivdc_disable_irq,32,24,0.750000,-8,128,96,2,3,3,1,1,0,4,5,
shorter,exact_name,tisp_g_ccm_attr,tisp_g_ccm_attr,32,24,0.750000,-8,128,96,5,4,2,2,1,1,8,4,
shorter,exact_name,tx_isp_vin_remove,tx_isp_vin_remove,31,20,0.645161,-11,124,80,1,0,4,2,1,1,8,4,
shorter,exact_name,tx_isp_disable_irq,tx_isp_disable_irq,31,22,0.709677,-9,124,88,2,3,3,1,1,2,4,2,
shorter,exact_name,tisp_gsm_api_set,tisp_gsm_api_set,30,23,0.766667,-7,120,92,0,1,3,2,1,0,11,10,
shorter,exact_name,ispcore_s_wdr_en,ispcore_s_wdr_en,29,19,0.655172,-10,116,76,2,1,1,1,0,1,4,2,
shorter,exact_name,tx_isp_ivdc_remove,tx_isp_ivdc_remove,29,19,0.655172,-10,116,76,0,0,4,3,1,1,10,6,
shorter,exact_name,tisp_get_frame_drop,tisp_get_frame_drop,29,21,0.724138,-8,116,84,0,0,2,2,1,1,2,2,
shorter,exact_name,tisp_tmo_dn_params_refresh,tisp_tmo_dn_params_refresh,28,19,0.678571,-9,112,76,0,0,5,4,1,0,10,8,
shorter,exact_name,tisp_ydns_par_refresh,tisp_ydns_par_refresh,28,19,0.678571,-9,112,76,4,3,0,0,1,1,4,2,
shorter,exact_name,tisp_simple_intp_int8,tisp_simple_intp_int8,28,22,0.785714,-6,112,88,6,3,0,0,2,2,0,0,
shorter,exact_name,tisp_cdns_param_array_set,tisp_cdns_param_array_set,27,21,0.777778,-6,108,84,0,0,2,2,1,0,6,6,
shorter,exact_name,tisp_ysp_param_array_set,tisp_ysp_param_array_set,27,21,0.777778,-6,108,84,0,0,2,2,1,0,6,6,
shorter,exact_name,func_matrix_check_short,func_matrix_check_short,26,17,0.653846,-9,104,68,3,1,1,1,2,1,2,2,
shorter,exact_name,tisp_ydns_refresh,tisp_ydns_refresh,26,18,0.692308,-8,104,72,0,0,2,3,1,1,6,6,
shorter,exact_name,fs_suspend_module,fs_suspend_module,26,20,0.769231,-6,104,80,3,4,1,0,1,1,6,6,
shorter,exact_name,tisp_defog_get_data,tisp_defog_get_data,26,20,0.769231,-6,104,80,1,1,0,0,1,1,2,0,
shorter,exact_name,tisp_adr_faceae_refresh,tisp_adr_faceae_refresh,25,13,0.520000,-12,100,52,0,0,1,1,0,1,8,4,
shorter,exact_name,tisp_msca_addr_fifo_write,tisp_msca_addr_fifo_write,25,14,0.560000,-11,100,56,0,0,1,1,0,1,2,2,
shorter,exact_name,tisp_s_sdns_ratio,tisp_s_sdns_ratio,25,16,0.640000,-9,100,64,1,1,1,0,0,1,6,4,
shorter,exact_name,sensor_alloc_digital_gain_short,sensor_alloc_digital_gain_short,25,18,0.720000,-7,100,72,2,1,1,1,1,1,2,2,
shorter,exact_name,u3bw,u3bw,25,19,0.760000,-6,100,76,2,2,0,0,1,1,0,0,
shorter,exact_name,tisp_msca_param_array_set,tisp_msca_param_array_set,24,15,0.625000,-9,96,60,0,0,2,2,1,1,6,4,
shorter,exact_name,tisp_ae_lib_div_64,tisp_ae_lib_div_64,24,17,0.708333,-7,96,68,3,2,1,1,1,1,2,2,
shorter,exact_name,private_gpio_direction_output,private_gpio_direction_output,23,13,0.565217,-10,92,52,2,1,0,1,1,0,0,4,
shorter,exact_name,tisp_mdns_refresh,tisp_mdns_refresh,23,14,0.608696,-9,92,56,0,0,2,2,1,1,6,4,
shorter,exact_name,tisp_lsc_gain_update,tisp_lsc_gain_update,23,17,0.739130,-6,92,68,1,1,2,2,1,1,4,4,
shorter,exact_name,tisp_tmo_pm_resume,tisp_tmo_pm_resume,22,6,0.272727,-16,88,24,0,0,3,1,1,0,4,2,
shorter,exact_name,tisp_msca_ir_init,tisp_msca_ir_init,22,10,0.454545,-12,88,40,0,0,1,0,0,1,2,2,
shorter,exact_name,sensor_alloc_analog_gain,sensor_alloc_analog_gain,22,12,0.545455,-10,88,48,0,0,1,1,1,1,2,2,
shorter,exact_name,sensor_alloc_analog_gain_short,sensor_alloc_analog_gain_short,22,12,0.545455,-10,88,48,0,0,1,1,1,1,2,2,
shorter,exact_name,sensor_alloc_digital_gain,sensor_alloc_digital_gain,22,12,0.545455,-10,88,48,0,0,1,1,1,1,2,2,
shorter,exact_name,tisp_bcsh_api_set_brightness,tisp_bcsh_api_set_brightness,22,13,0.590909,-9,88,52,0,0,1,1,1,0,4,4,
shorter,exact_name,tisp_bcsh_api_set_contrast,tisp_bcsh_api_set_contrast,22,13,0.590909,-9,88,52,0,0,1,1,1,0,4,4,
shorter,exact_name,tisp_bcsh_api_set_hue,tisp_bcsh_api_set_hue,22,13,0.590909,-9,88,52,0,0,1,1,1,0,4,4,
shorter,exact_name,tisp_bcsh_api_set_saturation,tisp_bcsh_api_set_saturation,22,13,0.590909,-9,88,52,0,0,1,1,1,0,4,4,
shorter,exact_name,tisp_clm_refresh_by_csc,tisp_clm_refresh_by_csc,22,14,0.636364,-8,88,56,0,0,2,2,1,1,6,4,
shorter,exact_name,tisp_ysp_all_reg_refresh,tisp_ysp_all_reg_refresh,22,14,0.636364,-8,88,56,0,0,3,3,0,0,8,6,
shorter,exact_name,tisp_clm_ct_update,tisp_clm_ct_update,22,15,0.681818,-7,88,60,1,1,2,2,1,1,4,4,
shorter,exact_name,tisp_gib_api_get_blc,tisp_gib_api_get_blc,22,17,0.772727,-5,88,68,1,1,0,0,1,1,2,0,
shorter,exact_name,system_reg_set_awb_trig,system_reg_set_awb_trig,21,2,0.095238,-19,84,8,4,0,0,0,1,1,2,0,
shorter,exact_name,tisp_bcsh_itp,tisp_bcsh_itp,21,2,0.095238,-19,84,8,4,1,0,0,1,0,0,0,
shorter,exact_name,lib_tisp_debug_info,lib_tisp_debug_info,21,10,0.476190,-11,84,40,0,0,1,1,0,1,8,2,
shorter,exact_name,tisp_blc_calc_self_gain,tisp_blc_calc_self_gain,20,2,0.100000,-18,80,8,1,0,0,0,1,1,0,0,
shorter,exact_name,tisp_ae_get_ev_list,tisp_ae_get_ev_list,20,11,0.550000,-9,80,44,1,1,0,0,1,0,2,0,
shorter,exact_name,tisp_msca_ram_write,tisp_msca_ram_write,20,11,0.550000,-9,80,44,0,0,1,1,0,1,2,2,
shorter,exact_name,tisp_blc_api_get,tisp_blc_api_get,20,15,0.750000,-5,80,60,1,1,0,0,1,1,2,0,
shorter,exact_name,tisp_wdr_log2,tisp_wdr_log2,19,2,0.105263,-17,76,8,4,0,0,0,1,1,0,0,
shorter,exact_name,tisp_awb_set_weight,tisp_awb_set_weight,19,9,0.473684,-10,76,36,1,1,0,0,1,0,2,0,
shorter,exact_name,tisp_ae_get_at_list,tisp_ae_get_at_list,19,10,0.526316,-9,76,40,1,1,0,0,1,0,2,0,
shorter,exact_name,tisp_s_tmo_faceae,tisp_s_tmo_faceae,19,10,0.526316,-9,76,40,0,0,1,1,1,1,2,2,
shorter,exact_name,sensor_get_normal_fps,sensor_get_normal_fps,19,11,0.578947,-8,76,44,0,0,0,0,1,1,2,2,
shorter,exact_name,private_request_module,private_request_module,19,13,0.684211,-6,76,52,0,0,1,1,1,1,4,4,
shorter,exact_name,tisp_ae_get_converge_step,tisp_ae_get_converge_step,19,15,0.789474,-4,76,60,0,0,0,0,1,1,2,0,
shorter,exact_name,tisp_ae_set_converge_step,tisp_ae_set_converge_step,19,15,0.789474,-4,76,60,0,0,0,0,1,1,2,0,
shorter,exact_name,tisp_wdr_pm_resume,tisp_wdr_pm_resume,19,15,0.789474,-4,76,60,1,1,1,1,2,2,4,2,
shorter,exact_name,get_distance_1dim,get_distance_1dim,18,2,0.111111,-16,72,8,3,1,0,0,1,0,0,0,
shorter,exact_name,tisp_ae_process,tisp_ae_process,18,6,0.333333,-12,72,24,0,0,1,1,1,0,2,2,
shorter,exact_name,tiziano_adr_gamma_refresh,tiziano_adr_gamma_refresh,18,9,0.500000,-9,72,36,0,1,0,0,0,0,6,4,
shorter,exact_name,dump_aisp_info_open,dump_aisp_info_open,18,10,0.555556,-8,72,40,0,0,1,1,0,1,6,2,
shorter,exact_name,dump_isp_csi_open,dump_isp_csi_open,18,10,0.555556,-8,72,40,0,0,1,1,0,1,6,2,
shorter,exact_name,dump_isp_framesource_open,dump_isp_framesource_open,18,10,0.555556,-8,72,40,0,0,1,1,0,1,6,2,
shorter,exact_name,dump_isp_info_open,dump_isp_info_open,18,10,0.555556,-8,72,40,0,0,1,1,0,1,6,2,
shorter,exact_name,dump_isp_vic_frd_open,dump_isp_vic_frd_open,18,10,0.555556,-8,72,40,0,0,1,1,0,1,6,2,
shorter,exact_name,proc_ivdc_open,proc_ivdc_open,18,10,0.555556,-8,72,40,0,0,1,1,0,1,6,2,
shorter,exact_name,tisp_cdns_all_reg_refresh,tisp_cdns_all_reg_refresh,18,10,0.555556,-8,72,40,0,0,2,2,0,0,6,4,
shorter,exact_name,tisp_ysp_intp_reg_refresh,tisp_ysp_intp_reg_refresh,18,10,0.555556,-8,72,40,0,0,2,2,0,0,6,4,
shorter,exact_name,video_input_cmd_open,video_input_cmd_open,18,10,0.555556,-8,72,40,0,0,1,1,0,1,6,2,
shorter,exact_name,private_seq_printf,private_seq_printf,18,13,0.722222,-5,72,52,0,0,1,1,1,1,4,6,
shorter,exact_name,tisp_dmsc_intp_reg_refresh,tisp_dmsc_intp_reg_refresh,18,14,0.777778,-4,72,56,0,0,2,2,0,1,6,4,
shorter,exact_name,tisp_sdns_intp_reg_refresh,tisp_sdns_intp_reg_refresh,18,14,0.777778,-4,72,56,0,0,2,2,0,1,6,4,
shorter,exact_name,tisp_ydns_all_reg_refresh,tisp_ydns_all_reg_refresh,18,14,0.777778,-4,72,56,0,0,2,2,0,1,6,4,
shorter,exact_name,tisp_clm_itp,tisp_clm_itp,17,2,0.117647,-15,68,8,0,0,1,0,1,1,2,0,
shorter,exact_name,private_copy_to_user,private_copy_to_user,17,10,0.588235,-7,68,40,1,0,1,1,1,1,2,2,
shorter,exact_name,tisp_lce_top_change_state,tisp_lce_top_change_state,17,10,0.588235,-7,68,40,1,1,0,0,1,1,4,2,
shorter,exact_name,lce_compress_data,lce_compress_data,17,12,0.705882,-5,68,48,2,1,0,0,1,1,2,0,
shorter,exact_name,tisp_cdns_dn_params_refresh,tisp_cdns_dn_params_refresh,16,6,0.375000,-10,64,24,0,0,1,1,1,0,4,2,
shorter,exact_name,tisp_clm_pm_resume,tisp_clm_pm_resume,16,6,0.375000,-10,64,24,0,0,2,1,1,0,4,2,
shorter,exact_name,tisp_awb_get_weight,tisp_awb_get_weight,16,7,0.437500,-9,64,28,1,1,0,0,1,0,2,0,
shorter,exact_name,tisp_dmsc_dn_params_refresh,tisp_dmsc_dn_params_refresh,16,10,0.625000,-6,64,40,0,0,1,1,1,1,4,2,
shorter,exact_name,tisp_ydns_dn_params_refresh,tisp_ydns_dn_params_refresh,16,10,0.625000,-6,64,40,0,0,1,1,1,1,4,2,
shorter,exact_name,tisp_csc_pm_resume,tisp_csc_pm_resume,16,12,0.750000,-4,64,48,0,0,2,0,1,1,2,2,
shorter,exact_name,tisp_top_dn_params_refresh,tisp_top_dn_params_refresh,15,2,0.133333,-13,60,8,0,0,0,0,0,1,6,0,
shorter,exact_name,tisp_ipc_triger,tisp_ipc_triger,15,7,0.466667,-8,60,28,0,0,1,0,0,1,2,2,
shorter,exact_name,tisp_day_or_night_s_ctrl,tisp_day_or_night_s_ctrl,14,10,0.714286,-4,56,40,0,0,1,1,1,1,2,2,
shorter,exact_name,tisp_mdns_all_reg_refresh,tisp_mdns_all_reg_refresh,14,10,0.714286,-4,56,40,0,0,1,1,0,1,4,2,
shorter,exact_name,tisp_set_brightness,tisp_set_brightness,14,10,0.714286,-4,56,40,0,0,1,1,1,0,4,4,
shorter,exact_name,tisp_set_contrast,tisp_set_contrast,14,10,0.714286,-4,56,40,0,0,1,1,1,0,4,4,
shorter,exact_name,tisp_set_hue,tisp_set_hue,14,10,0.714286,-4,56,40,0,0,1,1,1,0,4,4,
shorter,exact_name,tisp_set_saturation,tisp_set_saturation,14,10,0.714286,-4,56,40,0,0,1,1,1,0,4,4,
shorter,exact_name,tisp_af_api_get_weight,tisp_af_api_get_weight,13,2,0.153846,-11,52,8,0,0,0,0,0,1,4,0,
shorter,exact_name,tisp_awb_gain_reg,tisp_awb_gain_reg,13,8,0.615385,-5,52,32,0,0,0,0,1,1,0,0,
shorter,exact_name,tisp_af_api_get_statis_info,tisp_af_api_get_statis_info,12,2,0.166667,-10,48,8,0,0,0,0,0,1,4,0,
shorter,exact_name,tisp_tmo_interplate,tisp_tmo_interplate,12,2,0.166667,-10,48,8,0,0,0,0,1,1,0,0,
shorter,exact_name,private_ktime_set,private_ktime_set,12,4,0.333333,-8,48,16,0,0,0,0,1,1,0,0,
shorter,exact_name,tisp_s_tmo_curve,tisp_s_tmo_curve,12,8,0.666667,-4,48,32,0,0,1,1,1,0,2,2,
shorter,exact_name,tisp_wdr_pm_get_regsize,tisp_wdr_pm_get_regsize,12,8,0.666667,-4,48,32,1,1,0,0,1,1,2,0,
shorter,exact_name,tisp_ae_pm_resume,tisp_ae_pm_resume,12,9,0.750000,-3,48,36,0,0,1,0,1,1,2,2,
shorter,exact_name,tisp_af_pm_resume,tisp_af_pm_resume,12,9,0.750000,-3,48,36,0,0,1,0,1,1,2,2,
shorter,exact_name,tisp_cdns_pm_resume,tisp_cdns_pm_resume,12,9,0.750000,-3,48,36,0,0,1,0,1,1,2,2,
shorter,exact_name,tisp_hldc_pm_resume,tisp_hldc_pm_resume,12,9,0.750000,-3,48,36,0,0,1,0,1,1,2,2,
shorter,exact_name,tisp_msca_pm_resume,tisp_msca_pm_resume,12,9,0.750000,-3,48,36,0,0,1,0,1,1,2,2,
shorter,exact_name,tisp_sdns_pm_resume,tisp_sdns_pm_resume,12,9,0.750000,-3,48,36,0,0,1,0,1,1,2,2,
shorter,exact_name,tisp_ysp_pm_resume,tisp_ysp_pm_resume,12,9,0.750000,-3,48,36,0,0,1,0,1,1,2,2,
shorter,exact_name,check_state,check_state,11,2,0.181818,-9,44,8,2,0,0,0,1,1,0,0,
shorter,exact_name,tisp_af_api_set_weight,tisp_af_api_set_weight,11,2,0.181818,-9,44,8,0,0,0,0,0,1,4,0,
shorter,exact_name,tisp_wdr_interplate,tisp_wdr_interplate,11,2,0.181818,-9,44,8,0,0,0,0,1,1,0,0,
shorter,exact_name,tisp_ae_algo_deinit_internal,tisp_ae_algo_deinit_internal,11,7,0.636364,-4,44,28,1,1,0,0,1,1,2,0,
shorter,exact_name,tisp_awb_set_ct,tisp_awb_set_ct,11,7,0.636364,-4,44,28,0,0,0,0,1,1,2,0,
shorter,exact_name,tisp_awb_get_frz,tisp_awb_get_frz,11,8,0.727273,-3,44,32,0,0,0,0,1,1,2,0,
shorter,exact_name,tisp_g_af_statis_attr,tisp_g_af_statis_attr,10,2,0.200000,-8,40,8,0,0,1,0,1,1,2,0,
shorter,exact_name,tisp_g_af_weight_attr,tisp_g_af_weight_attr,10,2,0.200000,-8,40,8,0,0,1,0,1,1,2,0,
shorter,exact_name,tisp_g_bin_version,tisp_g_bin_version,10,2,0.200000,-8,40,8,0,0,1,0,1,1,2,0,
shorter,exact_name,tisp_mdns_pm_resume,tisp_mdns_pm_resume,10,2,0.200000,-8,40,8,0,0,1,0,1,1,2,0,
shorter,exact_name,tisp_s_af_weight_attr,tisp_s_af_weight_attr,10,2,0.200000,-8,40,8,0,0,1,0,1,1,2,0,
shorter,exact_name,tisp_ydns_pm_resume,tisp_ydns_pm_resume,10,2,0.200000,-8,40,8,0,0,1,0,1,1,2,0,
shorter,exact_name,tisp_ae_face_get,tisp_ae_face_get,10,6,0.600000,-4,40,24,0,0,1,1,1,0,2,2,
shorter,exact_name,tisp_awb_set_frz,tisp_awb_set_frz,10,6,0.600000,-4,40,24,0,0,0,0,1,1,2,0,
shorter,exact_name,tisp_g_awb_ct_trend_offset,tisp_g_awb_ct_trend_offset,10,6,0.600000,-4,40,24,0,0,1,1,1,0,2,2,
shorter,exact_name,tisp_g_awb_weight_attr,tisp_g_awb_weight_attr,10,6,0.600000,-4,40,24,0,0,1,1,1,0,2,2,
shorter,exact_name,tisp_s_awb_ct_trend_offset,tisp_s_awb_ct_trend_offset,10,6,0.600000,-4,40,24,0,0,1,1,1,0,2,2,
shorter,exact_name,tisp_s_awb_weight_attr,tisp_s_awb_weight_attr,10,6,0.600000,-4,40,24,0,0,1,1,1,0,2,2,
shorter,exact_name,tisp_sdns_dn_params_refresh,tisp_sdns_dn_params_refresh,9,2,0.222222,-7,36,8,0,0,0,0,0,1,4,0,
shorter,exact_name,lsc_exchange_data,lsc_exchange_data,9,4,0.444444,-5,36,16,0,1,0,0,1,0,0,2,
shorter,exact_name,tisp_ae_api_get_flicker_flag,tisp_ae_api_get_flicker_flag,9,5,0.555556,-4,36,20,0,0,0,0,1,1,2,0,
shorter,exact_name,tisp_ae_api_set_ev_start,tisp_ae_api_set_ev_start,9,5,0.555556,-4,36,20,0,0,0,0,1,1,2,0,
shorter,exact_name,tisp_bcsh_api_get_brightness,tisp_bcsh_api_get_brightness,9,5,0.555556,-4,36,20,0,0,0,0,1,1,2,0,
shorter,exact_name,tisp_bcsh_api_get_contrast,tisp_bcsh_api_get_contrast,9,5,0.555556,-4,36,20,0,0,0,0,1,1,2,0,
shorter,exact_name,tisp_bcsh_api_get_hue,tisp_bcsh_api_get_hue,9,5,0.555556,-4,36,20,0,0,0,0,1,1,2,0,
shorter,exact_name,tisp_bcsh_api_get_saturation,tisp_bcsh_api_get_saturation,9,5,0.555556,-4,36,20,0,0,0,0,1,1,2,0,
shorter,exact_name,tisp_get_lsc_error,tisp_get_lsc_error,9,5,0.555556,-4,36,20,0,0,0,0,1,1,2,0,
shorter,exact_name,tisp_lsc_prepare_write_lut,tisp_lsc_prepare_write_lut,9,7,0.777778,-2,36,28,0,0,0,0,1,1,2,0,
shorter,exact_name,tx_isp_module_deinit,tx_isp_module_deinit,8,2,0.250000,-6,32,8,1,0,0,0,1,1,2,0,
shorter,exact_name,tisp_mdns_wdr_en,tisp_mdns_wdr_en,8,4,0.500000,-4,32,16,0,0,0,0,1,1,2,0,
shorter,exact_name,cdns_remove,cdns_remove,8,5,0.625000,-3,32,20,0,0,0,0,1,1,4,2,
shorter,exact_name,tisp_ae_par_sensor_trig,tisp_ae_par_sensor_trig,8,5,0.625000,-3,32,20,0,0,0,0,1,1,2,0,
shorter,exact_name,tisp_bcsh_set_write_reg_event,tisp_bcsh_set_write_reg_event,8,5,0.625000,-3,32,20,0,0,0,0,1,1,2,0,
shorter,exact_name,tisp_g_module_control,tisp_g_module_control,8,6,0.750000,-2,32,24,0,0,0,0,1,1,2,2,
shorter,exact_name,tisp_cdns_reg_trig,tisp_cdns_reg_trig,7,2,0.285714,-5,28,8,0,0,0,0,0,1,2,0,
shorter,exact_name,tisp_day_or_night_g_ctrl,tisp_day_or_night_g_ctrl,7,2,0.285714,-5,28,8,0,0,0,0,1,1,2,0,
shorter,exact_name,tisp_g_ae_converge_step,tisp_g_ae_converge_step,7,2,0.285714,-5,28,8,1,0,0,0,1,1,2,0,
shorter,exact_name,tisp_g_awb_converge_step,tisp_g_awb_converge_step,7,2,0.285714,-5,28,8,1,0,0,0,1,1,2,0,
shorter,exact_name,tisp_ldc_param_array_set,tisp_ldc_param_array_set,7,2,0.285714,-5,28,8,1,0,0,0,1,1,2,0,
shorter,exact_name,tisp_mdns_reg_trig,tisp_mdns_reg_trig,7,2,0.285714,-5,28,8,0,0,0,0,0,1,2,0,
shorter,exact_name,tisp_mdns_start,tisp_mdns_start,7,2,0.285714,-5,28,8,0,0,0,0,0,1,2,0,
shorter,exact_name,tisp_s_ae_converge_step,tisp_s_ae_converge_step,7,2,0.285714,-5,28,8,1,0,0,0,1,1,2,0,
shorter,exact_name,tisp_s_awb_converge_step,tisp_s_awb_converge_step,7,2,0.285714,-5,28,8,1,0,0,0,1,1,2,0,
shorter,exact_name,tisp_sdns_reg_trig,tisp_sdns_reg_trig,7,2,0.285714,-5,28,8,0,0,0,0,0,1,2,0,
shorter,exact_name,tisp_ydns_reg_trig,tisp_ydns_reg_trig,7,2,0.285714,-5,28,8,0,0,0,0,0,1,2,0,
shorter,exact_name,tisp_bcsh_cancel_write_reg_flag,tisp_bcsh_cancel_write_reg_flag,7,3,0.428571,-4,28,12,0,0,0,0,1,1,2,0,
shorter,exact_name,private_get_isp_priv_mem,private_get_isp_priv_mem,7,4,0.571429,-3,28,16,0,0,0,0,1,1,4,0,
shorter,exact_name,system_reg_set_ae_trig,system_reg_set_ae_trig,6,2,0.333333,-4,24,8,0,0,0,0,0,1,2,0,
shorter,exact_name,tisp_g_face_ae_weiget,tisp_g_face_ae_weiget,6,2,0.333333,-4,24,8,0,0,0,0,0,1,2,0,
shorter,exact_name,tisp_get_bin_version,tisp_get_bin_version,6,2,0.333333,-4,24,8,0,0,0,0,0,1,4,0,
shorter,exact_name,tisp_msca_Shd_ctrl,tisp_msca_Shd_ctrl,6,2,0.333333,-4,24,8,0,0,0,0,0,1,4,0,
shorter,exact_name,tisp_msca_addr_ir_fifo_write,tisp_msca_addr_ir_fifo_write,6,2,0.333333,-4,24,8,0,0,0,0,0,1,2,0,
shorter,exact_name,tisp_s_face_ae_weiget,tisp_s_face_ae_weiget,6,2,0.333333,-4,24,8,0,0,0,0,0,1,2,0,
shorter,exact_name,tisp_tmo_absfun,tisp_tmo_absfun,6,2,0.333333,-4,24,8,1,0,0,0,1,1,0,0,
shorter,exact_name,tisp_wdr_absfun,tisp_wdr_absfun,6,2,0.333333,-4,24,8,1,0,0,0,1,1,0,0,
shorter,exact_name,tisp_ysp_reg_trig,tisp_ysp_reg_trig,6,2,0.333333,-4,24,8,0,0,0,0,0,1,2,0,
shorter,exact_name,private_class_create,private_class_create,5,2,0.400000,-3,20,8,1,0,0,0,0,1,4,0,
shorter,exact_name,tisp_cdns_refresh,tisp_cdns_refresh,5,2,0.400000,-3,20,8,0,0,0,0,0,1,4,0,
shorter,exact_name,tisp_dmsc_reg_trig,tisp_dmsc_reg_trig,5,2,0.400000,-3,20,8,0,0,0,0,0,1,2,0,
shorter,exact_name,tisp_g_at_list,tisp_g_at_list,5,2,0.400000,-3,20,8,0,0,0,0,0,1,2,0,
shorter,exact_name,tisp_g_ev_list,tisp_g_ev_list,5,2,0.400000,-3,20,8,0,0,0,0,0,1,2,0,
shorter,exact_name,tisp_g_face_ae_luma,tisp_g_face_ae_luma,5,2,0.400000,-3,20,8,0,0,0,0,0,1,2,0,
shorter,exact_name,tisp_s_ae_explist,tisp_s_ae_explist,5,2,0.400000,-3,20,8,0,0,0,0,0,1,2,0,
shorter,exact_name,fix_point_div_64,fix_point_div_64,4,2,0.500000,-2,16,8,0,0,0,0,0,1,2,0,
shorter,exact_name,tisp_ae_algo_deinit,tisp_ae_algo_deinit,4,2,0.500000,-2,16,8,0,0,0,0,0,1,2,0,
shorter,exact_name,tisp_ae_set_fps,tisp_ae_set_fps,4,2,0.500000,-2,16,8,0,0,0,0,0,1,2,0,
shorter,exact_name,tisp_awb_algo_deinit,tisp_awb_algo_deinit,4,2,0.500000,-2,16,8,0,0,0,0,0,1,2,0,
shorter,exact_name,tisp_cdns_intp_reg_refresh,tisp_cdns_intp_reg_refresh,4,2,0.500000,-2,16,8,0,0,0,0,0,1,2,0,
shorter,exact_name,tisp_g_ae_explist,tisp_g_ae_explist,4,2,0.500000,-2,16,8,0,0,0,0,0,1,2,0,
shorter,exact_name,tisp_g_ae_flicker_flag,tisp_g_ae_flicker_flag,4,2,0.500000,-2,16,8,0,0,0,0,0,1,2,0,
shorter,exact_name,tisp_g_coefft_wb,tisp_g_coefft_wb,4,2,0.500000,-2,16,8,0,0,0,0,0,1,2,0,
shorter,exact_name,tisp_g_csccr_mode,tisp_g_csccr_mode,4,2,0.500000,-2,16,8,0,0,0,0,0,1,2,0,
shorter,exact_name,tisp_g_gib_blc,tisp_g_gib_blc,4,2,0.500000,-2,16,8,0,0,0,0,0,1,2,0,
shorter,exact_name,tisp_g_raw_rw_handler,tisp_g_raw_rw_handler,4,2,0.500000,-2,16,8,0,0,0,0,0,1,2,0,
shorter,exact_name,tisp_get_ae_tgain,tisp_get_ae_tgain,4,2,0.500000,-2,16,8,0,0,0,0,0,1,2,0,
shorter,exact_name,tisp_get_csc_attr,tisp_get_csc_attr,4,2,0.500000,-2,16,8,0,0,0,0,0,1,2,0,
shorter,exact_name,tisp_s_coefft_wb,tisp_s_coefft_wb,4,2,0.500000,-2,16,8,0,0,0,0,0,1,2,0,
shorter,exact_name,tisp_s_csccr_mode,tisp_s_csccr_mode,4,2,0.500000,-2,16,8,0,0,0,0,0,1,2,0,
shorter,exact_name,tisp_s_gib_blc,tisp_s_gib_blc,4,2,0.500000,-2,16,8,0,0,0,0,0,1,2,0,
shorter,exact_name,tisp_s_raw_rw_handler,tisp_s_raw_rw_handler,4,2,0.500000,-2,16,8,0,0,0,0,0,1,2,0,
shorter,exact_name,tisp_set_scaler_level,tisp_set_scaler_level,4,2,0.500000,-2,16,8,0,0,0,0,0,1,2,0,
shorter,exact_name,tisp_slake_all,tisp_slake_all,4,2,0.500000,-2,16,8,0,0,0,0,0,1,2,0,
shorter,exact_name,tisp_top_par_reg_cfg,tisp_top_par_reg_cfg,4,2,0.500000,-2,16,8,0,0,0,0,0,1,2,0,
shorter,exact_name,tisp_wdr_maxFun,tisp_wdr_maxFun,4,2,0.500000,-2,16,8,0,0,0,0,1,1,0,0,
shorter,exact_name,tisp_wdr_minFun,tisp_wdr_minFun,4,2,0.500000,-2,16,8,0,0,0,0,1,1,0,0,
shorter,exact_name,tisp_ydns_intp_reg_refresh,tisp_ydns_intp_reg_refresh,4,2,0.500000,-2,16,8,0,0,0,0,0,1,2,0,
shorter,exact_name,tiziano_adr_params_refresh,tiziano_adr_params_refresh,4,2,0.500000,-2,16,8,0,0,0,0,0,1,2,0,
shorter,exact_name,private_atomic_read,private_atomic_read,3,2,0.666667,-1,12,8,0,0,0,0,1,1,0,0,
shorter,exact_name,private_phys_to_virt,private_phys_to_virt,3,2,0.666667,-1,12,8,0,0,0,0,1,1,0,0,
shorter,exact_name,private_virt_to_phys,private_virt_to_phys,3,2,0.666667,-1,12,8,0,0,0,0,1,1,0,0,
expanded,exact_name,tisp_dpc_write_reg,tisp_dpc_write_reg,23,53,2.304348,30,92,212,4,3,2,1,1,2,6,6,
expanded,exact_name,init_module,init_module,4,597,149.250000,593,16,2388,1,1,0,0,0,0,2,384,
expanded,exact_name,private_gpio_free,private_gpio_free,4,15,3.750000,11,16,60,1,1,0,1,0,2,2,2,
expanded,exact_name,private_raw_mutex_init,private_raw_mutex_init,4,13,3.250000,9,16,52,1,1,0,1,0,1,2,4,
expanded,exact_name,private_seq_lseek,private_seq_lseek,4,12,3.000000,8,16,48,1,0,0,1,0,1,2,2,
expanded,exact_name,private_vfs_llseek,private_vfs_llseek,4,12,3.000000,8,16,48,1,0,0,1,0,1,2,2,
expanded,exact_name,private_simple_strtoull,private_simple_strtoull,4,11,2.750000,7,16,44,1,0,0,1,0,1,2,2,
expanded,exact_name,private_spin_unlock_irqrestore,private_spin_unlock_irqrestore,4,11,2.750000,7,16,44,1,0,0,1,0,1,2,2,
expanded,exact_name,private_misc_deregister,private_misc_deregister,4,10,2.500000,6,16,40,1,0,0,1,0,1,2,2,
expanded,exact_name,private_mutex_lock,private_mutex_lock,4,10,2.500000,6,16,40,1,0,0,1,0,1,2,2,
expanded,exact_name,private_platform_device_unregister,private_platform_device_unregister,4,10,2.500000,6,16,40,1,0,0,1,0,1,2,2,
expanded,exact_name,private_platform_driver_unregister,private_platform_driver_unregister,4,10,2.500000,6,16,40,1,0,0,1,0,1,2,2,
expanded,exact_name,private_capable,private_capable,4,9,2.250000,5,16,36,1,0,0,1,0,1,2,2,
expanded,exact_name,private_kthread_should_stop,private_kthread_should_stop,4,9,2.250000,5,16,36,1,0,0,1,0,1,2,2,
expanded,exact_name,private_proc_remove,private_proc_remove,4,9,2.250000,5,16,36,1,0,0,1,0,1,2,2,
larger,exact_name,ivdc_pad_event_handle,ivdc_pad_event_handle,459,621,1.352941,162,1836,2484,60,68,13,12,2,2,56,67,
larger,exact_name,fix_point_mult2,fix_point_mult2,108,159,1.472222,51,432,636,2,3,5,12,1,1,4,4,
larger,exact_name,tisp_defog_interp_trans_k,tisp_defog_interp_trans_k,102,158,1.549020,56,408,632,5,6,0,5,2,1,0,2,
larger,exact_name,tisp_set_ae_info,tisp_set_ae_info,100,139,1.390000,39,400,556,0,0,2,2,1,1,6,6,
larger,exact_name,tisp_bcsh_matrix_multi,tisp_bcsh_matrix_multi,84,136,1.619048,52,336,544,9,14,2,4,1,1,2,2,
larger,exact_name,lce_16bit_data_converge,lce_16bit_data_converge,63,83,1.317460,20,252,332,16,20,0,0,1,1,0,0,
larger,exact_name,tisp_awb_ev_update,tisp_awb_ev_update,20,32,1.600000,12,80,128,0,2,1,0,1,1,4,2,
larger,exact_name,tx_isp_exit,tx_isp_exit,14,22,1.571429,8,56,88,0,1,1,2,0,2,8,10,
larger,exact_name,tx_isp_send_event_to_remote,tx_isp_send_event_to_remote,12,18,1.500000,6,48,72,3,3,0,1,1,2,0,0,
larger,exact_name,tisp_wdr_exptime_update,tisp_wdr_exptime_update,8,11,1.375000,3,32,44,1,2,0,0,1,1,0,0,
larger,exact_name,private_release_mem_region,private_release_mem_region,7,13,1.857143,6,28,52,1,0,0,1,0,1,4,4,
larger,exact_name,private_init_waitqueue_head,private_init_waitqueue_head,7,12,1.714286,5,28,48,1,0,0,1,0,1,6,4,
larger,exact_name,private_schedule_work,private_schedule_work,7,12,1.714286,5,28,48,1,0,0,1,0,1,4,4,
larger,exact_name,tisp_irsca_remove,tisp_irsca_remove,7,9,1.285714,2,28,36,0,0,0,0,1,1,4,6,
larger,exact_name,isp_core_tuning_clear,isp_core_tuning_clear,5,7,1.400000,2,20,28,0,0,0,0,1,1,0,0,
larger,exact_name,private_dma_cache_sync,private_dma_cache_sync,4,7,1.750000,3,16,28,1,1,0,0,0,0,2,2,
larger,exact_name,private_seq_read,private_seq_read,4,7,1.750000,3,16,28,1,1,0,0,0,0,2,2,
larger,exact_name,private_vfs_read,private_vfs_read,4,7,1.750000,3,16,28,1,1,0,0,0,0,2,2,
larger,exact_name,private_filp_open,private_filp_open,4,6,1.500000,2,16,24,1,1,0,0,0,0,2,2,
larger,exact_name,private_dev_set_drvdata,private_dev_set_drvdata,2,3,1.500000,1,8,12,0,0,0,0,1,1,0,0,
larger,exact_name,private_platform_set_drvdata,private_platform_set_drvdata,2,3,1.500000,1,8,12,0,0,0,0,1,1,0,0,
larger,exact_name,private_spin_lock_init,private_spin_lock_init,2,3,1.500000,1,8,12,0,0,0,0,1,1,0,0,
recovered_only,recovered_only,,ISPAWBInterpolation1.constprop.0,,12,,,,48,,0,,1,,1,,2,
recovered_only,recovered_only,,__divdi3,,90,,,,360,,8,,3,,1,,4,
recovered_only,recovered_only,,csi_sensor_ops_sync_sensor_attr_part_2,,15,,,,60,,0,,1,,1,,6,
recovered_only,recovered_only,,fix_point_div_32.constprop.0,,18,,,,72,,2,,1,,1,,2,
recovered_only,recovered_only,,isp_core_tunning_default_ioctl_isra_80,,27,,,,108,,3,,3,,1,,8,
recovered_only,recovered_only,,isp_info_show_isra_6,,178,,,,712,,5,,35,,1,,20,
recovered_only,recovered_only,,isp_mbus_to_bayer_isra_1,,262,,,,1048,,101,,2,,1,,17,
recovered_only,recovered_only,,ispcore_frame_channel_s_fmt_isra_2,,52,,,,208,,4,,1,,2,,10,
recovered_only,recovered_only,,ispcore_set_clk_parent_isra_4,,97,,,,388,,13,,4,,1,,18,
recovered_only,recovered_only,,lce_compress_data.constprop.0,,12,,,,48,,1,,0,,1,,0,
recovered_only,recovered_only,,lce_compress_data_part_1,,12,,,,48,,1,,0,,1,,0,
recovered_only,recovered_only,,lsc_exchange_data_constprop_1,,10,,,,40,,0,,0,,1,,0,
recovered_only,recovered_only,,mipi_phy_stream_on_constprop_3,,189,,,,756,,15,,15,,2,,28,
recovered_only,recovered_only,,private_seq_printf.constprop.0,,13,,,,52,,0,,1,,1,,6,
recovered_only,recovered_only,,regtrace_recovered_platform_probe,,4,,,,16,,1,,0,,0,,2,
recovered_only,recovered_only,,regtrace_recovered_platform_remove,,4,,,,16,,1,,0,,0,,2,
recovered_only,recovered_only,,regtrace_seq_printf.constprop.0,,15,,,,60,,0,,1,,1,,4,
recovered_only,recovered_only,,sub_17290,,2,,,,8,,0,,0,,1,,0,
recovered_only,recovered_only,,sub_17298,,2,,,,8,,0,,0,,1,,0,
recovered_only,recovered_only,,sub_172a8,,2,,,,8,,0,,0,,1,,0,
recovered_only,recovered_only,,sub_172b0,,2,,,,8,,0,,0,,1,,0,
recovered_only,recovered_only,,sub_172b8,,2,,,,8,,0,,0,,1,,0,
recovered_only,recovered_only,,sub_172c0,,2,,,,8,,0,,0,,1,,0,
recovered_only,recovered_only,,sub_172c8,,2,,,,8,,0,,0,,1,,0,
recovered_only,recovered_only,,sub_172d0,,2,,,,8,,0,,0,,1,,0,
recovered_only,recovered_only,,sub_172d8,,2,,,,8,,0,,0,,1,,0,
recovered_only,recovered_only,,sub_172e0,,2,,,,8,,0,,0,,1,,0,
recovered_only,recovered_only,,sub_172e8,,2,,,,8,,0,,0,,1,,0,
recovered_only,recovered_only,,sub_172f0,,2,,,,8,,0,,0,,1,,0,
recovered_only,recovered_only,,sub_172f8,,2,,,,8,,0,,0,,1,,0,
recovered_only,recovered_only,,sub_17300,,2,,,,8,,0,,0,,1,,0,
recovered_only,recovered_only,,sub_17308,,2,,,,8,,0,,0,,1,,0,
recovered_only,recovered_only,,sub_17310,,2,,,,8,,0,,0,,1,,0,
recovered_only,recovered_only,,sub_17318,,2,,,,8,,0,,0,,1,,0,
recovered_only,recovered_only,,sub_17320,,2,,,,8,,0,,0,,1,,0,
recovered_only,recovered_only,,sub_17328,,2,,,,8,,0,,0,,1,,0,
recovered_only,recovered_only,,sub_17334,,4,,,,16,,1,,0,,0,,2,
recovered_only,recovered_only,,sub_17378,,2,,,,8,,0,,0,,1,,0,
recovered_only,recovered_only,,sub_17380,,2,,,,8,,0,,0,,1,,0,
recovered_only,recovered_only,,sub_17388,,2,,,,8,,0,,0,,1,,0,
recovered_only,recovered_only,,sub_17390,,2,,,,8,,0,,0,,1,,0,
recovered_only,recovered_only,,sub_17398,,2,,,,8,,0,,0,,1,,0,
recovered_only,recovered_only,,sub_173a0,,2,,,,8,,0,,0,,1,,0,
recovered_only,recovered_only,,sub_173a8,,2,,,,8,,0,,0,,1,,0,
recovered_only,recovered_only,,sub_173b0,,2,,,,8,,0,,0,,1,,0,
recovered_only,recovered_only,,sub_173b8,,2,,,,8,,0,,0,,1,,0,
recovered_only,recovered_only,,sub_173c0,,2,,,,8,,0,,0,,1,,0,
recovered_only,recovered_only,,sub_173c8,,2,,,,8,,0,,0,,1,,0,
recovered_only,recovered_only,,sub_173d0,,2,,,,8,,0,,0,,1,,0,
recovered_only,recovered_only,,sub_173d8,,2,,,,8,,0,,0,,1,,0,
recovered_only,recovered_only,,sub_173e4,,2,,,,8,,0,,0,,1,,0,
recovered_only,recovered_only,,sub_173ec,,2,,,,8,,0,,0,,1,,0,
recovered_only,recovered_only,,sub_173f4,,2,,,,8,,0,,0,,1,,0,
recovered_only,recovered_only,,sub_173fc,,2,,,,8,,0,,0,,1,,0,
recovered_only,recovered_only,,sub_17404,,2,,,,8,,0,,0,,1,,0,
recovered_only,recovered_only,,sub_17410,,2,,,,8,,0,,0,,1,,0,
recovered_only,recovered_only,,sub_1741c,,2,,,,8,,0,,0,,1,,0,
recovered_only,recovered_only,,sub_17424,,2,,,,8,,0,,0,,1,,0,
recovered_only,recovered_only,,sub_1742c,,2,,,,8,,0,,0,,1,,0,
recovered_only,recovered_only,,sub_17434,,2,,,,8,,0,,0,,1,,0,
recovered_only,recovered_only,,sub_1743c,,2,,,,8,,0,,0,,1,,0,
recovered_only,recovered_only,,sub_17444,,2,,,,8,,0,,0,,1,,0,
recovered_only,recovered_only,,sub_1744c,,2,,,,8,,0,,0,,1,,0,
recovered_only,recovered_only,,sub_17454,,2,,,,8,,0,,0,,1,,0,
recovered_only,recovered_only,,sub_1745c,,2,,,,8,,0,,0,,1,,0,
recovered_only,recovered_only,,sub_17464,,2,,,,8,,0,,0,,1,,0,
recovered_only,recovered_only,,sub_1746c,,2,,,,8,,0,,0,,1,,0,
recovered_only,recovered_only,,sub_17474,,2,,,,8,,0,,0,,1,,0,
recovered_only,recovered_only,,sub_17480,,2,,,,8,,0,,0,,1,,0,
recovered_only,recovered_only,,sub_17488,,2,,,,8,,0,,0,,1,,0,
recovered_only,recovered_only,,sub_17490,,2,,,,8,,0,,0,,1,,0,
recovered_only,recovered_only,,sub_17498,,2,,,,8,,0,,0,,1,,0,
recovered_only,recovered_only,,sub_69320,,4,,,,16,,0,,0,,1,,0,
recovered_only,recovered_only,,sub_6ae0c,,2,,,,8,,0,,0,,1,,0,
recovered_only,recovered_only,,sub_6aef0,,18,,,,72,,0,,4,,0,,8,
recovered_only,recovered_only,,sub_6af54,,2,,,,8,,0,,0,,1,,0,
recovered_only,recovered_only,,sub_6af60,,2,,,,8,,0,,0,,1,,0,
recovered_only,recovered_only,,sub_6af6c,,2,,,,8,,0,,0,,1,,0,
recovered_only,recovered_only,,sub_6af78,,2,,,,8,,0,,0,,1,,0,
recovered_only,recovered_only,,sub_6af84,,2,,,,8,,0,,0,,1,,0,
recovered_only,recovered_only,,sub_6af90,,2,,,,8,,0,,0,,1,,0,
recovered_only,recovered_only,,sub_6af9c,,2,,,,8,,0,,0,,1,,0,
recovered_only,recovered_only,,sub_6afa8,,2,,,,8,,0,,0,,1,,0,
recovered_only,recovered_only,,sub_6afb4,,2,,,,8,,0,,0,,1,,0,
recovered_only,recovered_only,,sub_6f378,,2,,,,8,,0,,0,,1,,0,
recovered_only,recovered_only,,sub_73fa8,,2,,,,8,,0,,0,,1,,0,
recovered_only,recovered_only,,sub_7408c,,2,,,,8,,0,,0,,1,,0,
recovered_only,recovered_only,,sub_740c0,,18,,,,72,,2,,0,,1,,0,
recovered_only,recovered_only,,sub_7410c,,2,,,,8,,0,,0,,1,,0,
recovered_only,recovered_only,,sub_74114,,2,,,,8,,0,,0,,1,,0,
recovered_only,recovered_only,,sub_74178,,2,,,,8,,0,,0,,1,,0,
recovered_only,recovered_only,,sub_741d0,,39,,,,156,,0,,0,,1,,0,
recovered_only,recovered_only,,sub_74260,,2,,,,8,,0,,0,,1,,0,
recovered_only,recovered_only,,sub_74274,,2,,,,8,,0,,0,,1,,0,
recovered_only,recovered_only,,sub_7427c,,2,,,,8,,0,,0,,1,,0,
recovered_only,recovered_only,,sub_74280,,11,,,,44,,0,,0,,1,,2,
recovered_only,recovered_only,,sub_742a0,,2,,,,8,,0,,0,,1,,0,
recovered_only,recovered_only,,sub_742bc,,2,,,,8,,0,,0,,1,,0,
recovered_only,recovered_only,,sub_d180,,2,,,,8,,0,,0,,1,,0,
recovered_only,recovered_only,,sub_d190,,2,,,,8,,0,,0,,1,,0,
recovered_only,recovered_only,,sub_d198,,2,,,,8,,0,,0,,1,,0,
recovered_only,recovered_only,,sub_d1a0,,2,,,,8,,0,,0,,1,,0,
recovered_only,recovered_only,,sub_d1a8,,2,,,,8,,0,,0,,1,,0,
recovered_only,recovered_only,,sub_d1b0,,2,,,,8,,0,,0,,1,,0,
recovered_only,recovered_only,,sub_d1b8,,2,,,,8,,0,,0,,1,,0,
recovered_only,recovered_only,,sub_d1c0,,2,,,,8,,0,,0,,1,,0,
recovered_only,recovered_only,,sub_d1c8,,2,,,,8,,0,,0,,1,,0,
recovered_only,recovered_only,,sub_d1d0,,2,,,,8,,0,,0,,1,,0,
recovered_only,recovered_only,,sub_d1d8,,2,,,,8,,0,,0,,1,,0,
recovered_only,recovered_only,,sub_d1e0,,2,,,,8,,0,,0,,1,,0,
recovered_only,recovered_only,,sub_d1e8,,2,,,,8,,0,,0,,1,,0,
recovered_only,recovered_only,,sub_d1f0,,2,,,,8,,0,,0,,1,,0,
recovered_only,recovered_only,,sub_d1f8,,2,,,,8,,0,,0,,1,,0,
recovered_only,recovered_only,,sub_d200,,2,,,,8,,0,,0,,1,,0,
recovered_only,recovered_only,,sub_d208,,2,,,,8,,0,,0,,1,,0,
recovered_only,recovered_only,,sub_d210,,2,,,,8,,0,,0,,1,,0,
recovered_only,recovered_only,,sub_d218,,2,,,,8,,0,,0,,1,,0,
recovered_only,recovered_only,,sub_d220,,2,,,,8,,0,,0,,1,,0,
recovered_only,recovered_only,,sub_d228,,2,,,,8,,0,,0,,1,,0,
recovered_only,recovered_only,,sub_d230,,2,,,,8,,0,,0,,1,,0,
recovered_only,recovered_only,,sub_d238,,2,,,,8,,0,,0,,1,,0,
recovered_only,recovered_only,,sub_d240,,2,,,,8,,0,,0,,1,,0,
recovered_only,recovered_only,,sub_d248,,2,,,,8,,0,,0,,1,,0,
recovered_only,recovered_only,,sub_d250,,2,,,,8,,0,,0,,1,,0,
recovered_only,recovered_only,,sub_d25c,,18,,,,72,,0,,1,,1,,2,
recovered_only,recovered_only,,sub_d2a0,,2,,,,8,,0,,0,,1,,0,
recovered_only,recovered_only,,sub_d2a8,,2,,,,8,,0,,0,,1,,0,
recovered_only,recovered_only,,sub_d2b0,,2,,,,8,,0,,0,,1,,0,
recovered_only,recovered_only,,sub_d2c0,,2,,,,8,,0,,0,,1,,0,
recovered_only,recovered_only,,sub_d2c8,,2,,,,8,,0,,0,,1,,0,
recovered_only,recovered_only,,sub_d2d0,,2,,,,8,,0,,0,,1,,0,
recovered_only,recovered_only,,sub_d2d8,,2,,,,8,,0,,0,,1,,0,
recovered_only,recovered_only,,sub_d2e0,,2,,,,8,,0,,0,,1,,0,
recovered_only,recovered_only,,sub_d2e8,,2,,,,8,,0,,0,,1,,0,
recovered_only,recovered_only,,sub_d2f0,,2,,,,8,,0,,0,,1,,0,
recovered_only,recovered_only,,sub_d2f8,,2,,,,8,,0,,0,,1,,0,
recovered_only,recovered_only,,sub_d300,,2,,,,8,,0,,0,,1,,0,
recovered_only,recovered_only,,sub_d308,,2,,,,8,,0,,0,,1,,0,
recovered_only,recovered_only,,sub_d310,,2,,,,8,,0,,0,,1,,0,
recovered_only,recovered_only,,sub_d318,,2,,,,8,,0,,0,,1,,0,
recovered_only,recovered_only,,sub_d320,,2,,,,8,,0,,0,,1,,0,
recovered_only,recovered_only,,sub_d328,,2,,,,8,,0,,0,,1,,0,
recovered_only,recovered_only,,sub_d330,,2,,,,8,,0,,0,,1,,0,
recovered_only,recovered_only,,sub_d338,,2,,,,8,,0,,0,,1,,0,
recovered_only,recovered_only,,sub_d340,,2,,,,8,,0,,0,,1,,0,
recovered_only,recovered_only,,sub_d348,,2,,,,8,,0,,0,,1,,0,
recovered_only,recovered_only,,sub_d350,,2,,,,8,,0,,0,,1,,0,
recovered_only,recovered_only,,sub_d358,,2,,,,8,,0,,0,,1,,0,
recovered_only,recovered_only,,sub_d360,,2,,,,8,,0,,0,,1,,0,
recovered_only,recovered_only,,sub_d368,,2,,,,8,,0,,0,,1,,0,
recovered_only,recovered_only,,sub_d370,,2,,,,8,,0,,0,,1,,0,
recovered_only,recovered_only,,sub_d378,,2,,,,8,,0,,0,,1,,0,
recovered_only,recovered_only,,sub_d380,,2,,,,8,,0,,0,,1,,0,
recovered_only,recovered_only,,sub_d388,,2,,,,8,,0,,0,,1,,0,
recovered_only,recovered_only,,sub_d390,,2,,,,8,,0,,0,,1,,0,
recovered_only,recovered_only,,sub_d398,,2,,,,8,,0,,0,,1,,0,
recovered_only,recovered_only,,sub_d3a0,,2,,,,8,,0,,0,,1,,0,
recovered_only,recovered_only,,sub_d3a8,,2,,,,8,,0,,0,,1,,0,
recovered_only,recovered_only,,sub_d3b0,,2,,,,8,,0,,0,,1,,0,
recovered_only,recovered_only,,sub_d3b8,,2,,,,8,,0,,0,,1,,0,
recovered_only,recovered_only,,sub_d3c0,,2,,,,8,,0,,0,,1,,0,
recovered_only,recovered_only,,sub_d3c8,,2,,,,8,,0,,0,,1,,0,
recovered_only,recovered_only,,sub_d3d0,,2,,,,8,,0,,0,,1,,0,
recovered_only,recovered_only,,sub_d3d8,,2,,,,8,,0,,0,,1,,0,
recovered_only,recovered_only,,sub_d3e0,,2,,,,8,,0,,0,,1,,0,
recovered_only,recovered_only,,sub_d3e8,,2,,,,8,,0,,0,,1,,0,
recovered_only,recovered_only,,sub_d3f0,,2,,,,8,,0,,0,,1,,0,
recovered_only,recovered_only,,sub_d3f8,,2,,,,8,,0,,0,,1,,0,
recovered_only,recovered_only,,sub_d400,,2,,,,8,,0,,0,,1,,0,
recovered_only,recovered_only,,sub_d408,,2,,,,8,,0,,0,,1,,0,
recovered_only,recovered_only,,sub_d410,,2,,,,8,,0,,0,,1,,0,
recovered_only,recovered_only,,sub_d418,,2,,,,8,,0,,0,,1,,0,
recovered_only,recovered_only,,sub_d420,,2,,,,8,,0,,0,,1,,0,
recovered_only,recovered_only,,sub_d428,,2,,,,8,,0,,0,,1,,0,
recovered_only,recovered_only,,sub_d434,,2,,,,8,,0,,0,,1,,0,
recovered_only,recovered_only,,sub_d43c,,2,,,,8,,0,,0,,1,,0,
recovered_only,recovered_only,,sub_d44c,,2,,,,8,,0,,0,,1,,0,
recovered_only,recovered_only,,sub_d454,,2,,,,8,,0,,0,,1,,0,
recovered_only,recovered_only,,sub_d45c,,2,,,,8,,0,,0,,1,,0,
recovered_only,recovered_only,,sub_d464,,2,,,,8,,0,,0,,1,,0,
recovered_only,recovered_only,,sub_d46c,,2,,,,8,,0,,0,,1,,0,
recovered_only,recovered_only,,sub_d474,,2,,,,8,,0,,0,,1,,0,
recovered_only,recovered_only,,sub_d480,,2,,,,8,,0,,0,,1,,0,
recovered_only,recovered_only,,sub_d488,,2,,,,8,,0,,0,,1,,0,
recovered_only,recovered_only,,sub_d490,,2,,,,8,,0,,0,,1,,0,
recovered_only,recovered_only,,sub_d498,,2,,,,8,,0,,0,,1,,0,
recovered_only,recovered_only,,sub_d4a0,,2,,,,8,,0,,0,,1,,0,
recovered_only,recovered_only,,sub_d4ac,,2,,,,8,,0,,0,,1,,0,
recovered_only,recovered_only,,sub_d4b8,,2,,,,8,,0,,0,,1,,0,
recovered_only,recovered_only,,sub_d4c0,,2,,,,8,,0,,0,,1,,0,
recovered_only,recovered_only,,sub_d4c8,,2,,,,8,,0,,0,,1,,0,
recovered_only,recovered_only,,sub_d4d0,,2,,,,8,,0,,0,,1,,0,
recovered_only,recovered_only,,sub_d4d8,,2,,,,8,,0,,0,,1,,0,
recovered_only,recovered_only,,sub_d4e0,,2,,,,8,,0,,0,,1,,0,
recovered_only,recovered_only,,sub_d4e8,,2,,,,8,,0,,0,,1,,0,
recovered_only,recovered_only,,sub_d4f0,,18,,,,72,,0,,1,,1,,2,
recovered_only,recovered_only,,sub_d53c,,2,,,,8,,0,,0,,1,,0,
recovered_only,recovered_only,,sub_d544,,2,,,,8,,0,,0,,1,,0,
recovered_only,recovered_only,,sub_d54c,,2,,,,8,,0,,0,,1,,0,
recovered_only,recovered_only,,sub_d554,,2,,,,8,,0,,0,,1,,0,
recovered_only,recovered_only,,sub_d55c,,2,,,,8,,0,,0,,1,,0,
recovered_only,recovered_only,,sub_d564,,2,,,,8,,0,,0,,1,,0,
recovered_only,recovered_only,,sub_d56c,,2,,,,8,,0,,0,,1,,0,
recovered_only,recovered_only,,sub_d574,,2,,,,8,,0,,0,,1,,0,
recovered_only,recovered_only,,sub_d57c,,2,,,,8,,0,,0,,1,,0,
recovered_only,recovered_only,,sub_d590,,2,,,,8,,0,,0,,1,,0,
recovered_only,recovered_only,,sub_d598,,2,,,,8,,0,,0,,1,,0,
recovered_only,recovered_only,,sub_d5a0,,2,,,,8,,0,,0,,1,,0,
recovered_only,recovered_only,,sub_d5a8,,2,,,,8,,0,,0,,1,,0,
recovered_only,recovered_only,,sub_d5b0,,2,,,,8,,0,,0,,1,,0,
recovered_only,recovered_only,,sub_d5b8,,2,,,,8,,0,,0,,1,,0,
recovered_only,recovered_only,,tisp_dpc_write_reg_part_0,,14,,,,56,,0,,2,,1,,4,
recovered_only,recovered_only,,tisp_lce_clr_ram_part_0,,24,,,,96,,1,,1,,1,,4,
recovered_only,recovered_only,,tisp_wdr_paixu_part_1,,25,,,,100,,5,,0,,1,,0,
recovered_only,recovered_only,,tx_isp_ae_expoinfo_g_attr_isra_55,,31,,,,124,,2,,3,,1,,10,
recovered_only,recovered_only,,tx_isp_ae_expoinfo_s_attr_isra_20,,33,,,,132,,2,,4,,1,,12,
recovered_only,recovered_only,,tx_isp_ae_g_at_list_isra_70,,4,,,,16,,1,,0,,0,,2,
recovered_only,recovered_only,,tx_isp_ae_g_ev_list_isra_69,,14,,,,56,,0,,1,,1,,2,
recovered_only,recovered_only,,tx_isp_ae_g_explist_isra_63,,14,,,,56,,0,,1,,1,,2,
recovered_only,recovered_only,,tx_isp_ae_s_explist_isra_24,,22,,,,88,,1,,2,,1,,8,
recovered_only,recovered_only,,tx_isp_ae_weight_g_attr_isra_58,,20,,,,80,,0,,2,,1,,4,
recovered_only,recovered_only,,tx_isp_ae_weight_s_attr_isra_21,,28,,,,112,,2,,3,,1,,10,
recovered_only,recovered_only,,tx_isp_af_weight_g_attr_isra_49,,14,,,,56,,0,,1,,1,,2,
recovered_only,recovered_only,,tx_isp_af_weight_s_attr_isra_16,,22,,,,88,,1,,2,,1,,8,
recovered_only,recovered_only,,tx_isp_ai_g_ratio_table_isra_75,,19,,,,76,,0,,2,,1,,4,
recovered_only,recovered_only,,tx_isp_awb_attr_g_attr_isra_51,,6,,,,24,,0,,1,,0,,2,
recovered_only,recovered_only,,tx_isp_awb_weight_g_attr_isra_50,,6,,,,24,,0,,1,,0,,2,
recovered_only,recovered_only,,tx_isp_awb_weight_s_attr_isra_17,,25,,,,100,,1,,3,,1,,10,
recovered_only,recovered_only,,tx_isp_driver_version_isra_12,,21,,,,84,,0,,2,,1,,6,
recovered_only,recovered_only,,tx_isp_gamma_g_attr_isra_42,,19,,,,76,,0,,2,,1,,4,
recovered_only,recovered_only,,tx_isp_gamma_s_attr_isra_9,,28,,,,112,,2,,3,,1,,10,
recovered_only,recovered_only,,tx_isp_get_ae_algo_handle_isra_21,,48,,,,192,,1,,6,,1,,21,
recovered_only,recovered_only,,tx_isp_get_default_bin_path_isra_25,,59,,,,236,,5,,5,,1,,18,
recovered_only,recovered_only,,tx_isp_module_ratio_g_attr_isra_60,,17,,,,68,,0,,2,,1,,4,
recovered_only,recovered_only,,tx_isp_module_ratio_s_attr_isra_10,,25,,,,100,,1,,3,,1,,10,
recovered_only,recovered_only,,tx_isp_platform_device_platform_release,,2,,,,8,,0,,0,,1,,0,
recovered_only,recovered_only,,tx_isp_set_ae_algo_open_isra_23,,89,,,,356,,4,,11,,1,,26,
recovered_only,recovered_only,,tx_isp_set_default_bin_path_isra_16,,51,,,,204,,4,,4,,1,,16,
recovered_only,recovered_only,,tx_isp_switch_bin_isra_78,,82,,,,328,,6,,7,,1,,22,
recovered_only,recovered_only,,tx_isp_tmo_g_curve_isra_72,,29,,,,116,,1,,3,,1,,10,
recovered_only,recovered_only,,tx_isp_tmo_s_curve_isra_34,,25,,,,100,,1,,3,,1,,10,
recovered_only,recovered_only,,tx_isp_video_link_destroy_isra_3,,66,,,,264,,8,,4,,2,,6,
recovered_only,recovered_only,,vic_sensor_ops_sync_sensor_attr_part_4,,15,,,,60,,0,,1,,1,,6,
similar,exact_name,tisp_msca_ch_curve_write,tisp_msca_ch_curve_write,1787,1483,0.829882,-304,7148,5932,19,19,210,195,1,1,15,18,
similar,exact_name,tisp_dmsc_intp,tisp_dmsc_intp,1603,1595,0.995009,-8,6412,6380,0,0,311,311,1,1,14,12,
similar,exact_name,tisp_dmsc_ref_reg_cfg,tisp_dmsc_ref_reg_cfg,1226,1289,1.051387,63,4904,5156,11,11,124,0,0,1,4,4,
similar,exact_name,tisp_params_copy,tisp_params_copy,1116,967,0.866487,-149,4464,3868,161,109,53,53,1,1,233,212,
similar,exact_name,tisp_defog_write_reg_para2,tisp_defog_write_reg_para2,1073,1124,1.047530,51,4292,4496,0,0,73,1,0,1,4,6,
similar,exact_name,tisp_ysp_ref_reg_cfg,tisp_ysp_ref_reg_cfg,1071,927,0.865546,-144,4284,3708,48,44,76,62,0,0,4,6,
similar,exact_name,tisp_defog_write_reg_para1,tisp_defog_write_reg_para1,886,926,1.045147,40,3544,3704,0,0,67,0,0,1,4,4,
similar,exact_name,tisp_ysp_intp,tisp_ysp_intp,855,844,0.987135,-11,3420,3376,0,0,165,165,1,1,6,6,
similar,exact_name,tisp_mdns_intp,tisp_mdns_intp,726,717,0.987603,-9,2904,2868,0,0,140,140,1,1,4,4,
similar,exact_name,tx_isp_vic_start,tx_isp_vic_start,657,592,0.901065,-65,2628,2368,60,59,13,13,1,1,72,61,
similar,exact_name,tisp_dpc_write_reg_other,tisp_dpc_write_reg_other,571,577,1.010508,6,2284,2308,4,4,72,22,1,2,4,6,
similar,exact_name,ispcore_interrupt_service_routine,ispcore_interrupt_service_routine,523,429,0.820268,-94,2092,1716,54,54,36,23,1,1,155,120,
similar,exact_name,defog_count_weight35abc,defog_count_weight35abc,517,487,0.941973,-30,2068,1948,39,41,40,41,0,1,14,17,
similar,exact_name,tisp_sdns_intp,tisp_sdns_intp,504,528,1.047619,24,2016,2112,0,0,91,91,1,1,8,8,
similar,exact_name,tisp_tmo_default_reg_refresh,tisp_tmo_default_reg_refresh,482,460,0.954357,-22,1928,1840,0,0,52,52,1,1,4,4,
similar,exact_name,tisp_wdr_softout_reg_refresh,tisp_wdr_softout_reg_refresh,479,404,0.843424,-75,1916,1616,19,18,51,44,1,1,18,14,
similar,exact_name,Tiziano_Awb_Ct_Detect_GrayWorld_mode,Tiziano_Awb_Ct_Detect_GrayWorld_mode,429,372,0.867133,-57,1716,1488,35,33,12,12,1,1,14,18,
similar,exact_name,tisp_lce_get_show_data,tisp_lce_get_show_data,394,338,0.857868,-56,1576,1352,13,13,26,25,1,1,18,26,
similar,exact_name,api_ae_set_exprinfo_attr,api_ae_set_exprinfo_attr,385,309,0.802597,-76,1540,1236,50,42,0,0,1,1,6,6,
similar,exact_name,tisp_dpc_gain_interp,tisp_dpc_gain_interp,370,354,0.956757,-16,1480,1416,6,7,63,63,1,1,16,16,
similar,exact_name,tisp_adr_init,tisp_adr_init,367,313,0.852861,-54,1468,1252,9,9,40,34,1,1,90,73,
similar,exact_name,subsection,subsection,361,323,0.894737,-38,1444,1292,14,15,20,20,1,1,12,16,
similar,exact_name,tisp_s_drc_ratio,tisp_s_drc_ratio,360,310,0.861111,-50,1440,1240,57,44,1,0,0,0,16,14,
similar,exact_name,tisp_ysp_sharpness_set,tisp_ysp_sharpness_set,345,372,1.078261,27,1380,1488,3,3,0,0,0,0,8,4,
similar,exact_name,tisp_wdr_direct_reg_refresh,tisp_wdr_direct_reg_refresh,340,359,1.055882,19,1360,1436,2,2,38,0,1,1,10,8,
similar,exact_name,tisp_awb_long_par_update,tisp_awb_long_par_update,339,291,0.858407,-48,1356,1164,32,31,0,0,1,1,6,4,
similar,exact_name,vic_mdma_irq_function,vic_mdma_irq_function,327,279,0.853211,-48,1308,1116,24,26,11,10,1,1,49,37,
similar,exact_name,tisp_ae_sensor_par_ctrls_update,tisp_ae_sensor_par_ctrls_update,325,271,0.833846,-54,1300,1084,17,10,7,7,1,1,22,22,
similar,exact_name,tx_isp_core_probe,tx_isp_core_probe,321,271,0.844237,-50,1284,1084,22,19,20,16,1,1,92,60,
similar,exact_name,tiziano_adr_hardpars_ctl,tiziano_adr_hardpars_ctl,321,280,0.872274,-41,1284,1120,29,28,11,0,1,1,28,2,
similar,exact_name,tisp_awb_get_statistics,tisp_awb_get_statistics,310,280,0.903226,-30,1240,1120,13,12,0,0,1,1,2,2,
similar,exact_name,tisp_wdr_init,tisp_wdr_init,294,244,0.829932,-50,1176,976,7,7,27,20,1,1,59,59,
similar,exact_name,tisp_af_get_statistics,tisp_af_get_statistics,289,242,0.837370,-47,1156,968,11,11,1,1,0,1,8,4,
similar,exact_name,func_adr_reg_write_sometimes,func_adr_reg_write_sometimes,285,243,0.852632,-42,1140,972,6,6,27,26,0,1,4,6,
similar,exact_name,video_input_cmd_set,video_input_cmd_set,279,229,0.820789,-50,1116,916,36,33,22,20,1,1,68,70,
similar,exact_name,api_ae_get_exprinfo_attr,api_ae_get_exprinfo_attr,278,252,0.906475,-26,1112,1008,19,8,3,3,1,1,12,10,
similar,exact_name,tx_isp_probe,tx_isp_probe,275,238,0.865455,-37,1100,952,23,23,23,19,1,1,89,81,
similar,exact_name,tisp_wdr_default_reg_refresh,tisp_wdr_default_reg_refresh,268,301,1.123134,33,1072,1204,1,1,32,4,1,1,12,11,
similar,exact_name,frame_chan_event,frame_chan_event,266,230,0.864662,-36,1064,920,24,23,15,12,2,1,53,45,
similar,exact_name,api_ae_long_process,api_ae_long_process,264,216,0.818182,-48,1056,864,13,13,13,13,1,1,22,16,
similar,exact_name,tisp_gib_write_reg,tisp_gib_write_reg,264,239,0.905303,-25,1056,956,8,8,25,9,1,1,8,13,
similar,exact_name,tisp_dpc_write_reg_long,tisp_dpc_write_reg_long,255,252,0.988235,-3,1020,1008,7,7,28,0,1,1,4,4,
similar,exact_name,tisp_gsm_process,tisp_gsm_process,254,231,0.909449,-23,1016,924,14,10,12,12,1,1,45,43,
similar,exact_name,tisp_bcsh_write_reg,tisp_bcsh_write_reg,253,247,0.976285,-6,1012,988,0,0,29,28,1,1,4,6,
similar,exact_name,tisp_dmsc_noref_reg_cfg,tisp_dmsc_noref_reg_cfg,251,230,0.916335,-21,1004,920,3,3,35,0,0,1,4,4,
similar,exact_name,tisp_s_mdns_ratio,tisp_s_mdns_ratio,229,203,0.886463,-26,916,812,33,38,1,0,0,0,12,10,
similar,exact_name,tisp_tmo_size_update,tisp_tmo_size_update,228,197,0.864035,-31,912,788,26,24,0,0,1,0,2,0,
similar,exact_name,tisp_ae_short_sensor_par_ctrls_update,tisp_ae_short_sensor_par_ctrls_update,224,193,0.861607,-31,896,772,16,8,2,2,1,1,6,6,
similar,exact_name,tisp_awb_set_hardware_param,tisp_awb_set_hardware_param,216,182,0.842593,-34,864,728,1,1,12,11,1,1,8,10,
similar,exact_name,tisp_ae_long_ev_alloc,tisp_ae_long_ev_alloc,214,183,0.855140,-31,856,732,8,7,12,12,1,1,22,22,
similar,exact_name,tisp_set_csc_version,tisp_set_csc_version,211,197,0.933649,-14,844,788,7,3,19,1,1,0,36,24,
similar,exact_name,tx_isp_fs_probe,tx_isp_fs_probe,206,188,0.912621,-18,824,752,17,14,17,16,1,1,46,42,
similar,exact_name,tisp_dpc_write_reg_short,tisp_dpc_write_reg_short,206,198,0.961165,-8,824,792,7,7,19,17,1,2,4,6,
similar,exact_name,tisp_tmo_timeratio_curve_adjust,tisp_tmo_timeratio_curve_adjust,194,177,0.912371,-17,776,708,26,26,2,2,1,1,23,8,
similar,exact_name,tisp_sdns_noref_reg_cfg,tisp_sdns_noref_reg_cfg,190,176,0.926316,-14,760,704,0,0,28,28,0,1,4,4,
similar,exact_name,tisp_s_dpc_ratio,tisp_s_dpc_ratio,189,165,0.873016,-24,756,660,17,10,3,2,0,0,14,12,
similar,exact_name,ivdc_core_interrupt_service_routine,ivdc_core_interrupt_service_routine,188,175,0.930851,-13,752,700,25,26,5,4,1,1,66,69,
similar,exact_name,tisp_cdns_intp,tisp_cdns_intp,186,177,0.951613,-9,744,708,0,0,32,32,1,1,4,4,
similar,exact_name,lce_hist_filter_and_judge,lce_hist_filter_and_judge,186,183,0.983871,-3,744,732,28,28,2,2,1,1,5,6,
similar,exact_name,tisp_wdr_process,tisp_wdr_process,182,175,0.961538,-7,728,700,21,19,8,6,1,1,44,39,
similar,exact_name,tisp_ae_short_ev_alloc,tisp_ae_short_ev_alloc,180,159,0.883333,-21,720,636,8,6,10,10,1,1,23,22,
similar,exact_name,tisp_tmo_detailen_ev_interp,tisp_tmo_detailen_ev_interp,180,189,1.050000,9,720,756,9,9,0,0,1,1,2,2,
similar,exact_name,ispcore_slake_module,ispcore_slake_module,179,156,0.871508,-23,716,624,20,18,12,9,2,1,38,31,
similar,exact_name,tx_isp_create_graph_and_nodes,tx_isp_create_graph_and_nodes,173,197,1.138728,24,692,788,19,26,10,10,1,1,30,26,
similar,exact_name,tisp_mdns_reg_cfg_equation_smp,tisp_mdns_reg_cfg_equation_smp,173,162,0.936416,-11,692,648,38,36,0,0,1,0,68,39,
similar,exact_name,tisp_msca_params_update,tisp_msca_params_update,172,167,0.970930,-5,688,668,3,3,15,11,0,1,27,31,
similar,exact_name,tisp_s_osd_block_attr,tisp_s_osd_block_attr,172,168,0.976744,-4,688,672,9,10,3,3,2,2,16,16,
similar,exact_name,tisp_gamma_set_attr,tisp_gamma_set_attr,171,159,0.929825,-12,684,636,22,22,12,12,1,1,34,33,
similar,exact_name,func_adr_reg_write_5x5,func_adr_reg_write_5x5,167,153,0.916168,-14,668,612,6,6,6,6,0,1,4,4,
similar,exact_name,subdev_sensor_ops_set_input,subdev_sensor_ops_set_input,167,175,1.047904,8,668,700,30,32,9,11,1,1,20,24,
similar,exact_name,tisp_vic_mmap,tisp_vic_mmap,166,136,0.819277,-30,664,544,18,15,15,12,1,1,55,46,
similar,exact_name,ispcore_video_s_stream,ispcore_video_s_stream,164,143,0.871951,-21,656,572,19,18,12,9,1,1,22,18,
similar,exact_name,lce_light_lock_adjust_hist,lce_light_lock_adjust_hist,163,142,0.871166,-21,652,568,21,17,2,2,1,1,8,6,
similar,exact_name,tisp_s_defog_ratio,tisp_s_defog_ratio,152,124,0.815789,-28,608,496,9,9,13,12,1,1,16,16,
similar,exact_name,tisp_long_tgain_update,tisp_long_tgain_update,151,131,0.867550,-20,604,524,18,17,14,14,1,1,37,36,
similar,exact_name,tisp_tmo_faceae_reg_refresh,tisp_tmo_faceae_reg_refresh,151,142,0.940397,-9,604,568,0,0,15,14,0,1,4,6,
similar,exact_name,tx_isp_ivdc_probe,tx_isp_ivdc_probe,149,137,0.919463,-12,596,548,9,9,13,12,1,1,54,48,
similar,exact_name,tisp_msca_pm_suspend,tisp_msca_pm_suspend,149,139,0.932886,-10,596,556,8,8,9,9,1,1,8,8,
similar,exact_name,tisp_ysp_noref_reg_cfg,tisp_ysp_noref_reg_cfg,147,121,0.823129,-26,588,484,0,0,12,12,0,1,4,4,
similar,exact_name,vic_frame_channel_streamon,vic_frame_channel_streamon,147,128,0.870748,-19,588,512,21,19,3,3,1,1,12,14,
similar,exact_name,tisp_lsc_write_reg,tisp_lsc_write_reg,146,129,0.883562,-17,584,516,5,5,10,1,1,2,4,6,
similar,exact_name,tisp_af_init,tisp_af_init,141,113,0.801418,-28,564,452,2,2,11,10,1,1,42,42,
similar,exact_name,tisp_msca_init,tisp_msca_init,140,137,0.978571,-3,560,548,0,0,14,12,1,1,40,44,
similar,exact_name,tisp_lce_draw_lines,tisp_lce_draw_lines,137,111,0.810219,-26,548,444,12,10,4,4,1,1,8,6,
similar,exact_name,tisp_ydns_intp,tisp_ydns_intp,136,127,0.933824,-9,544,508,0,0,22,22,1,1,4,4,
similar,exact_name,isp_subdev_init_clks,isp_subdev_init_clks,136,131,0.963235,-5,544,524,12,11,9,9,1,1,30,30,
similar,exact_name,tx_isp_vic_probe,tx_isp_vic_probe,135,112,0.829630,-23,540,448,4,4,11,9,1,1,58,46,
similar,exact_name,tisp_raw_set_rw_control,tisp_raw_set_rw_control,133,139,1.045113,6,532,556,10,10,17,13,1,1,13,19,
similar,exact_name,tx_isp_csi_probe,tx_isp_csi_probe,132,115,0.871212,-17,528,460,6,6,13,12,1,1,50,42,
similar,exact_name,tisp_lsc_ring_itp,tisp_lsc_ring_itp,132,143,1.083333,11,528,572,19,19,0,0,1,1,0,0,
similar,exact_name,ispcore_activate_module,ispcore_activate_module,132,123,0.931818,-9,528,492,17,17,6,5,2,2,16,16,
similar,exact_name,tisp_event_process,tisp_event_process,132,126,0.954545,-6,528,504,6,6,8,8,1,1,20,20,
similar,exact_name,tisp_ae_api_set_scene_par,tisp_ae_api_set_scene_par,131,114,0.870229,-17,524,456,14,15,3,3,1,1,9,8,
similar,exact_name,vic_frame_channel_qbuf,vic_frame_channel_qbuf,130,117,0.900000,-13,520,468,13,11,5,5,1,1,14,13,
similar,exact_name,tisp_adr_dn_params_refresh,tisp_adr_dn_params_refresh,129,126,0.976744,-3,516,504,3,4,16,16,1,1,25,27,
similar,exact_name,ispcore_frame_channel1_debug_qbuf,ispcore_frame_channel1_debug_qbuf,125,105,0.840000,-20,500,420,16,15,5,5,1,1,20,22,
similar,exact_name,tiziano_sync_sensor_attr,tiziano_sync_sensor_attr,123,120,0.975610,-3,492,480,0,0,5,4,1,1,8,6,
similar,exact_name,tisp_s_draw_block_attr,tisp_s_draw_block_attr,122,130,1.065574,8,488,520,5,6,0,0,1,0,2,2,
similar,exact_name,tisp_wdr_deinit,tisp_wdr_deinit,122,115,0.942623,-7,488,460,14,14,11,11,1,1,36,37,
similar,exact_name,tisp_msca_set_osd,tisp_msca_set_osd,121,107,0.884298,-14,484,428,2,2,14,12,1,1,7,9,
similar,exact_name,tisp_msca_cfg_shd_ram,tisp_msca_cfg_shd_ram,121,129,1.066116,8,484,516,12,11,12,10,1,1,30,36,
similar,exact_name,ispcore_clks_ops,ispcore_clks_ops,118,97,0.822034,-21,472,388,8,7,17,11,1,1,33,32,
similar,exact_name,tisp_blc_init,tisp_blc_init,118,123,1.042373,5,472,492,0,0,18,8,1,1,24,24,
similar,exact_name,tisp_ae_algo_init,tisp_ae_algo_init,117,112,0.957265,-5,468,448,1,1,2,2,2,1,8,8,
similar,exact_name,tisp_gib_init,tisp_gib_init,116,100,0.862069,-16,464,400,2,1,8,7,1,1,26,28,
similar,exact_name,tisp_awb_sat_weight,tisp_awb_sat_weight,115,97,0.843478,-18,460,388,10,10,0,0,1,1,2,2,
similar,exact_name,tisp_ae_long_target,tisp_ae_long_target,115,113,0.982609,-2,460,452,15,15,6,6,1,1,6,6,
similar,exact_name,tisp_stream_on,tisp_stream_on,114,94,0.824561,-20,456,376,4,4,14,8,0,0,24,20,
similar,exact_name,tisp_tmo_deinit,tisp_tmo_deinit,114,106,0.929825,-8,456,424,13,13,10,10,1,1,31,32,
similar,exact_name,tisp_adr_linear_switch,tisp_adr_linear_switch,114,112,0.982456,-2,456,448,3,4,13,13,0,1,23,22,
similar,exact_name,tisp_reg_map_set,tisp_reg_map_set,113,95,0.840708,-18,452,380,15,10,12,10,1,1,29,22,
similar,exact_name,ispcore_resume_module,ispcore_resume_module,113,118,1.044248,5,452,472,13,13,9,7,2,2,23,22,
similar,exact_name,tisp_mdns_init,tisp_mdns_init,113,111,0.982301,-2,452,444,1,1,8,8,1,1,34,32,
similar,exact_name,tisp_defog_interrupt_static,tisp_defog_interrupt_static,111,96,0.864865,-15,444,384,5,5,10,10,1,1,31,22,
similar,exact_name,isp_csi_cmd_set,isp_csi_cmd_set,111,105,0.945946,-6,444,420,15,13,9,10,1,1,26,29,
similar,exact_name,tisp_ccm_write_reg,tisp_ccm_write_reg,110,100,0.909091,-10,440,400,1,1,9,0,1,1,4,4,
similar,exact_name,tisp_ysp_init,tisp_ysp_init,110,103,0.936364,-7,440,412,1,1,10,9,1,1,33,31,
similar,exact_name,tisp_ae_malloc_cfg,tisp_ae_malloc_cfg,109,95,0.871560,-14,436,380,2,2,13,12,1,1,18,18,
similar,exact_name,ispcore_suspend_module,ispcore_suspend_module,109,112,1.027523,3,436,448,14,14,9,8,2,2,20,21,
similar,exact_name,fix_point_intp,fix_point_intp,109,110,1.009174,1,436,440,10,12,4,4,1,1,16,17,
similar,exact_name,tisp_awb_set_mode,tisp_awb_set_mode,108,98,0.907407,-10,432,392,11,13,1,1,1,1,10,8,
similar,exact_name,tisp_dpc_init,tisp_dpc_init,107,91,0.850467,-16,428,364,1,1,10,8,1,1,30,27,
similar,exact_name,tx_isp_request_irq,tx_isp_request_irq,105,91,0.866667,-14,420,364,7,7,6,5,1,1,28,26,
similar,exact_name,fix_point_mult2_64,fix_point_mult2_64,104,107,1.028846,3,416,428,0,0,5,7,1,1,4,4,
similar,exact_name,tisp_lsc_mesh_itp,tisp_lsc_mesh_itp,104,105,1.009615,1,416,420,14,12,0,0,1,1,0,0,
similar,exact_name,tisp_resume_all,tisp_resume_all,103,94,0.912621,-9,412,376,8,8,7,6,1,1,22,23,
similar,exact_name,tisp_lce_awdr_to_used,tisp_lce_awdr_to_used,102,117,1.147059,15,408,468,3,4,15,15,0,1,6,4,
similar,exact_name,tisp_ydns_init,tisp_ydns_init,101,96,0.950495,-5,404,384,1,1,8,7,1,1,30,28,
similar,exact_name,tisp_long_ev_update,tisp_long_ev_update,100,86,0.860000,-14,400,344,10,10,8,8,1,1,26,24,
similar,exact_name,lce_std_hist_transform,lce_std_hist_transform,100,94,0.940000,-6,400,376,7,5,6,6,1,1,14,12,
similar,exact_name,dump_csi_reg,dump_csi_reg,100,95,0.950000,-5,400,380,0,0,14,14,0,1,32,30,
similar,exact_name,tisp_awb_set_regional_threshold,tisp_awb_set_regional_threshold,99,82,0.828283,-17,396,328,1,1,13,13,1,1,6,6,
similar,exact_name,tiziano_adr_interrupt_static,tiziano_adr_interrupt_static,98,79,0.806122,-19,392,316,4,7,10,7,1,1,30,20,
similar,exact_name,tisp_lce_curve_init_default,tisp_lce_curve_init_default,98,94,0.959184,-4,392,376,2,2,11,11,0,1,6,6,
similar,exact_name,tx_isp_vin_probe,tx_isp_vin_probe,97,78,0.804124,-19,388,312,4,4,8,7,1,1,32,28,
similar,exact_name,tisp_tmo_detailen_gain_interp,tisp_tmo_detailen_gain_interp,97,87,0.896907,-10,388,348,0,0,14,14,1,1,4,4,
similar,exact_name,tisp_dmsc_init,tisp_dmsc_init,95,89,0.936842,-6,380,356,1,1,7,6,1,1,28,26,
similar,exact_name,tisp_cdns_init,tisp_cdns_init,93,78,0.838710,-15,372,312,1,1,7,5,1,1,26,22,
similar,exact_name,tisp_sdns_init,tisp_sdns_init,93,88,0.946237,-5,372,352,1,1,7,6,1,1,28,26,
similar,exact_name,tx_isp_subdev_deinit,tx_isp_subdev_deinit,92,76,0.826087,-16,368,304,10,10,12,11,1,1,24,22,
similar,exact_name,tisp_dmsc_param_array_set,tisp_dmsc_param_array_set,92,93,1.010870,1,368,372,4,6,14,8,1,1,20,17,
similar,exact_name,vic_frame_channel_set_fmt,vic_frame_channel_set_fmt,91,73,0.802198,-18,364,292,7,7,1,0,1,1,4,2,
similar,exact_name,fix_point_div,fix_point_div,91,84,0.923077,-7,364,336,7,6,3,3,1,1,6,6,
similar,exact_name,tisp_ddr_to_isp_raw,tisp_ddr_to_isp_raw,91,89,0.978022,-2,364,356,4,4,14,12,1,1,15,19,
similar,exact_name,private_log2_int_to_fixed_64,private_log2_int_to_fixed_64,91,92,1.010989,1,364,368,8,7,4,4,1,1,10,10,
similar,exact_name,tx_isp_vin_resume_module,tx_isp_vin_resume_module,91,90,0.989011,-1,364,360,10,9,6,6,1,1,12,10,
similar,exact_name,tisp_mdns_addr_free,tisp_mdns_addr_free,89,78,0.876404,-11,356,312,4,4,8,9,1,1,24,22,
similar,exact_name,tisp_adr_deinit,tisp_adr_deinit,89,79,0.887640,-10,356,316,8,8,7,7,1,1,12,8,
similar,exact_name,tisp_ae_get_statistics,tisp_ae_get_statistics,88,91,1.034091,3,352,364,4,5,0,0,1,2,2,2,
similar,exact_name,tisp_wdr_process_init,tisp_wdr_process_init,88,89,1.011364,1,352,356,8,8,8,8,1,1,40,40,
similar,exact_name,tisp_event_push,tisp_event_push,87,90,1.034483,3,348,360,2,2,4,4,1,1,12,8,
similar,exact_name,tisp_raw_set_row_control,tisp_raw_set_row_control,87,90,1.034483,3,348,360,9,10,8,7,1,1,17,21,
similar,exact_name,__fill_tisp_buffer,__fill_tisp_buffer,85,69,0.811765,-16,340,276,12,10,3,3,1,1,14,6,
similar,exact_name,tisp_af_malloc_cfg,tisp_af_malloc_cfg,85,74,0.870588,-11,340,296,2,2,9,8,1,1,18,18,
similar,exact_name,tisp_defog_deinit,tisp_defog_deinit,85,76,0.894118,-9,340,304,9,9,6,6,1,1,10,10,
similar,exact_name,tisp_lsc_real_write_lut,tisp_lsc_real_write_lut,84,71,0.845238,-13,336,284,5,6,7,6,1,1,10,7,
similar,exact_name,subdev_sensor_ops_release_all_sensor,subdev_sensor_ops_release_all_sensor,84,80,0.952381,-4,336,320,9,9,4,4,2,2,16,16,
similar,exact_name,tisp_ae_param_array_get,tisp_ae_param_array_get,83,80,0.963855,-3,332,320,1,1,5,5,1,1,6,6,
similar,exact_name,tx_isp_video_link_stream,tx_isp_video_link_stream,83,81,0.975904,-2,332,324,13,13,4,4,1,1,8,10,
similar,exact_name,private_dma_free_coherent,private_dma_free_coherent,82,70,0.853659,-12,328,280,12,8,3,3,1,1,8,6,
similar,exact_name,tisp_gamma_write_lut_rgb,tisp_gamma_write_lut_rgb,82,70,0.853659,-12,328,280,1,1,9,7,1,1,4,6,
similar,exact_name,defog_wei_interpcot,defog_wei_interpcot,82,78,0.951220,-4,328,312,9,6,2,2,1,1,2,2,
similar,exact_name,api_ae_set_weight,api_ae_set_weight,81,77,0.950617,-4,324,308,3,3,4,4,1,1,12,12,
similar,exact_name,tx_isp_csi_slake_subdev,tx_isp_csi_slake_subdev,80,72,0.900000,-8,320,288,12,12,5,5,2,1,10,10,
similar,exact_name,tisp_gsm_read_ram,tisp_gsm_read_ram,79,65,0.822785,-14,316,260,1,2,10,9,1,0,15,13,
similar,exact_name,tisp_msca_set_mirr_flip,tisp_msca_set_mirr_flip,79,73,0.924051,-6,316,292,0,0,3,3,1,1,4,4,
similar,exact_name,isp_csi_show,isp_csi_show,77,63,0.818182,-14,308,252,9,9,4,3,1,1,19,27,
similar,exact_name,tisp_s_mscaler_mask_block_attr,tisp_s_mscaler_mask_block_attr,77,83,1.077922,6,308,332,2,2,0,0,1,0,2,2,
similar,exact_name,tisp_ae_deinit,tisp_ae_deinit,77,75,0.974026,-2,308,300,9,9,6,6,1,1,15,16,
similar,exact_name,tisp_ae_get_hist,tisp_ae_get_hist,76,63,0.828947,-13,304,252,5,6,4,2,1,0,10,8,
similar,exact_name,tisp_lce_tgain_interp_strength,tisp_lce_tgain_interp_strength,76,66,0.868421,-10,304,264,0,0,10,10,1,1,4,4,
similar,exact_name,tisp_hldc_init,tisp_hldc_init,76,67,0.881579,-9,304,268,0,0,4,3,1,1,20,16,
similar,exact_name,ivdc_core_ops_init,ivdc_core_ops_init,76,75,0.986842,-1,304,300,13,12,2,2,1,1,14,13,
similar,exact_name,find_subdev_link_pad,find_subdev_link_pad,73,75,1.027397,2,292,300,15,13,1,1,2,4,6,6,
similar,exact_name,func_adr_reg_write_one,func_adr_reg_write_one,72,61,0.847222,-11,288,244,0,0,6,6,0,1,4,4,
similar,exact_name,tisp_hldc_write_reg,tisp_hldc_write_reg,72,61,0.847222,-11,288,244,0,0,12,11,1,1,4,6,
similar,exact_name,tisp_channel_main_attr_set,tisp_channel_main_attr_set,72,69,0.958333,-3,288,276,7,8,0,0,1,0,8,8,
similar,exact_name,tisp_lce_write_all_reg,tisp_lce_write_all_reg,71,59,0.830986,-12,284,236,2,2,5,2,1,1,4,6,
similar,exact_name,fs_resume_module,fs_resume_module,71,65,0.915493,-6,284,260,9,8,2,2,2,2,8,8,
similar,exact_name,subdev_sensor_ops_enum_input,subdev_sensor_ops_enum_input,71,66,0.929577,-5,284,264,11,10,2,2,2,2,4,4,
similar,exact_name,tx_isp_vin_slake_subdev,tx_isp_vin_slake_subdev,71,66,0.929577,-5,284,264,8,8,6,6,1,1,12,12,
similar,exact_name,vic_core_s_stream,vic_core_s_stream,71,74,1.042254,3,284,296,9,9,4,4,1,2,8,8,
similar,exact_name,tisp_wdr_process_deinit,tisp_wdr_process_deinit,71,73,1.028169,2,284,292,8,8,8,8,1,1,40,40,
similar,exact_name,isp_free_buffer,isp_free_buffer,70,67,0.957143,-3,280,268,11,12,2,3,0,1,11,8,
similar,exact_name,csi_core_ops_init,csi_core_ops_init,69,60,0.869565,-9,276,240,6,5,3,3,1,1,10,10,
similar,exact_name,__vb2_queue_free,__vb2_queue_free,69,67,0.971014,-2,276,268,4,5,5,4,1,0,8,8,
similar,exact_name,__vb2_queue_cancel,__vb2_queue_cancel,68,62,0.911765,-6,272,248,5,4,5,5,1,2,8,8,
similar,exact_name,tisp_af_deinit,tisp_af_deinit,68,65,0.955882,-3,272,260,8,9,4,4,1,1,12,10,
similar,exact_name,tisp_comn_param_array_get,tisp_comn_param_array_get,68,71,1.044118,3,272,284,0,0,4,4,1,1,20,19,
similar,exact_name,ivdc_slake_module,ivdc_slake_module,67,61,0.910448,-6,268,244,9,7,4,3,2,1,8,8,
similar,exact_name,tisp_blc_rgb2channel,tisp_blc_rgb2channel,67,63,0.940299,-4,268,252,7,4,0,0,2,5,2,0,
similar,exact_name,tisp_awb_main_interrupt_static,tisp_awb_main_interrupt_static,66,54,0.818182,-12,264,216,2,0,4,4,1,1,10,10,
similar,exact_name,fs_slake_module,fs_slake_module,66,63,0.954545,-3,264,252,7,6,3,3,2,2,6,6,
similar,exact_name,tisp_raw_rdma_fd_interrupt,tisp_raw_rdma_fd_interrupt,65,61,0.938462,-4,260,244,4,4,5,5,1,1,28,25,
similar,exact_name,tx_isp_notify,tx_isp_notify,65,64,0.984615,-1,260,256,13,12,1,1,1,1,2,4,
similar,exact_name,tx_isp_release,tx_isp_release,65,64,0.984615,-1,260,256,13,12,2,2,1,1,2,4,
similar,exact_name,tisp_top_init,tisp_top_init,64,60,0.937500,-4,256,240,1,1,4,4,1,1,18,16,
similar,exact_name,tisp_awb_get_attr,tisp_awb_get_attr,64,63,0.984375,-1,256,252,3,4,0,0,1,0,2,0,
similar,exact_name,tisp_defog_update_trans_k,tisp_defog_update_trans_k,63,55,0.873016,-8,252,220,4,4,3,3,1,1,8,8,
similar,exact_name,tx_isp_csi_activate_subdev,tx_isp_csi_activate_subdev,63,55,0.873016,-8,252,220,10,9,3,3,2,2,6,6,
similar,exact_name,tisp_s_awb_attr,tisp_s_awb_attr,63,57,0.904762,-6,252,228,2,2,5,4,1,1,12,10,
similar,exact_name,isp_i2c_new_subdev_board,isp_i2c_new_subdev_board,63,61,0.968254,-2,252,244,6,7,7,6,1,1,20,16,
similar,exact_name,tisp_event_init,tisp_event_init,63,62,0.984127,-1,252,248,2,2,2,1,1,1,12,6,
similar,exact_name,sensor_set_mode,sensor_set_mode,62,70,1.129032,8,248,280,4,5,2,1,1,1,6,12,
similar,exact_name,frame_channel_open,frame_channel_open,62,56,0.903226,-6,248,224,4,4,7,7,1,1,16,16,
similar,exact_name,tisp_blc_api_set,tisp_blc_api_set,62,56,0.903226,-6,248,224,2,2,6,6,1,1,9,8,
similar,exact_name,tisp_log2_int_to_fixed,tisp_log2_int_to_fixed,62,61,0.983871,-1,248,244,12,13,0,0,1,1,0,0,
similar,exact_name,tisp_awb_set_lum_th_freq,tisp_awb_set_lum_th_freq,61,52,0.852459,-9,244,208,0,0,5,5,1,1,6,6,
similar,exact_name,isp_core_tunning_unlocked_ioctl,isp_core_tunning_unlocked_ioctl,61,56,0.918033,-5,244,224,10,8,4,4,2,1,8,10,
similar,exact_name,tx_isp_sensor_release_sensor,tx_isp_sensor_release_sensor,61,58,0.950820,-3,244,232,9,9,3,3,1,1,8,10,
similar,exact_name,ivdc_activate_module,ivdc_activate_module,61,59,0.967213,-2,244,236,8,8,3,2,2,2,6,6,
similar,exact_name,tisp_ct_update,tisp_ct_update,60,53,0.883333,-7,240,212,6,7,4,3,1,1,12,12,
similar,exact_name,isp_core_tuning_init,isp_core_tuning_init,60,56,0.933333,-4,240,224,2,2,6,5,1,1,24,18,
similar,exact_name,tisp_gamma_interp_by_ev,tisp_gamma_interp_by_ev,59,51,0.864407,-8,236,204,10,12,0,0,1,1,2,0,
similar,exact_name,tx_vic_enable_irq,tx_vic_enable_irq,58,47,0.810345,-11,232,188,4,3,3,2,1,1,7,5,
similar,exact_name,tisp_msca_param_array_get,tisp_msca_param_array_get,58,52,0.896552,-6,232,208,0,0,3,3,1,1,7,8,
similar,exact_name,tisp_wdr_quicksort,tisp_wdr_quicksort,58,52,0.896552,-6,232,208,10,10,1,1,1,1,2,2,
similar,exact_name,tisp_isp_to_ddr_raw,tisp_isp_to_ddr_raw,57,63,1.105263,6,228,252,2,2,8,5,1,1,7,11,
similar,exact_name,tx_isp_sensor_register_sensor,tx_isp_sensor_register_sensor,57,59,1.035088,2,228,236,9,9,3,3,1,1,8,10,
similar,exact_name,tisp_af_api_set_attr,tisp_af_api_set_attr,57,56,0.982456,-1,228,224,0,0,2,2,1,1,8,8,
similar,exact_name,func_adr_pars_display,func_adr_pars_display,56,48,0.857143,-8,224,192,4,4,3,3,1,1,8,9,
similar,exact_name,tisp_gib_rgb2channel,tisp_gib_rgb2channel,56,60,1.071429,4,224,240,2,2,1,1,1,1,6,5,
similar,exact_name,video_input_cmd_show,video_input_cmd_show,56,53,0.946429,-3,224,212,5,5,5,4,1,1,21,15,
similar,exact_name,tisp_g_draw_block_attr,tisp_g_draw_block_attr,56,55,0.982143,-1,224,220,5,4,0,0,1,1,2,2,
similar,exact_name,tx_isp_vic_slake_subdev,tx_isp_vic_slake_subdev,55,50,0.909091,-5,220,200,8,7,4,4,2,2,8,4,
similar,exact_name,vic_frame_channel_freebufs,vic_frame_channel_freebufs,55,51,0.927273,-4,220,204,8,8,2,1,1,1,6,6,
similar,exact_name,vin_s_stream,vin_s_stream,55,59,1.072727,4,220,236,11,12,1,1,1,1,0,2,
similar,exact_name,isp_irq_handle,isp_irq_handle,55,57,1.036364,2,220,228,9,10,2,2,1,1,0,0,
similar,exact_name,tisp_ysp_deinit,tisp_ysp_deinit,55,53,0.963636,-2,220,212,6,6,3,3,1,1,13,20,
similar,exact_name,csi_video_s_stream,csi_video_s_stream,54,49,0.907407,-5,216,196,5,4,4,3,1,1,12,12,
similar,exact_name,vic_sensor_ops_sync_sensor_attr,vic_sensor_ops_sync_sensor_attr,54,52,0.962963,-2,216,208,7,6,4,3,1,2,7,4,
similar,exact_name,tisp_hldc_strength_adjust_k,tisp_hldc_strength_adjust_k,54,55,1.018519,1,216,220,0,0,2,2,1,1,6,6,
similar,exact_name,tisp_wdr_getVar,tisp_wdr_getVar,53,45,0.849057,-8,212,180,5,5,0,0,1,1,0,0,
similar,exact_name,tisp_defog_write_reg_para3,tisp_defog_write_reg_para3,53,46,0.867925,-7,212,184,1,1,4,3,0,1,4,6,
similar,exact_name,tisp_vic_ctrl_release,tisp_vic_ctrl_release,53,46,0.867925,-7,212,184,7,8,3,3,0,0,15,10,
similar,exact_name,tisp_awb_param_array_get,tisp_awb_param_array_get,53,51,0.962264,-2,212,204,1,1,5,5,1,1,8,8,
similar,exact_name,tx_isp_vin_init,tx_isp_vin_init,53,54,1.018868,1,212,216,8,6,2,2,1,1,6,8,
similar,exact_name,tisp_lsc_wdr_en,tisp_lsc_wdr_en,52,47,0.903846,-5,208,188,2,2,4,4,1,1,10,10,
similar,exact_name,tisp_short_tgain_update,tisp_short_tgain_update,52,54,1.038462,2,208,216,6,8,2,2,1,1,15,17,
similar,exact_name,tx_isp_open,tx_isp_open,52,51,0.980769,-1,208,204,9,9,1,1,2,2,0,0,
similar,exact_name,tisp_ae_ai_interrupt_static,tisp_ae_ai_interrupt_static,51,43,0.843137,-8,204,172,0,0,6,6,1,1,4,4,
similar,exact_name,tisp_lsc_gain_interp,tisp_lsc_gain_interp,51,44,0.862745,-7,204,176,3,3,2,2,1,2,4,4,
similar,exact_name,private_math_exp2,private_math_exp2,50,55,1.100000,5,200,220,2,2,1,1,1,1,4,4,
similar,exact_name,tisp_ae_init_par_calc,tisp_ae_init_par_calc,50,46,0.920000,-4,200,184,0,0,2,2,1,1,8,8,
similar,exact_name,tisp_gamma_param_array_set,tisp_gamma_param_array_set,50,46,0.920000,-4,200,184,0,0,6,6,1,1,12,12,
similar,exact_name,tisp_lsc_dn_params_refresh,tisp_lsc_dn_params_refresh,50,51,1.020000,1,200,204,0,0,5,5,1,1,13,16,
similar,exact_name,tisp_gib_api_set_blc,tisp_gib_api_set_blc,49,44,0.897959,-5,196,176,3,3,3,3,2,2,9,8,
similar,exact_name,tisp_ysp_dn_params_refresh,tisp_ysp_dn_params_refresh,49,44,0.897959,-5,196,176,1,1,4,4,1,0,17,17,
similar,exact_name,tisp_math_exp2,tisp_math_exp2,49,53,1.081633,4,196,212,2,2,1,1,1,1,4,4,
similar,exact_name,private_reset_tx_isp_module,private_reset_tx_isp_module,49,46,0.938776,-3,196,184,4,4,1,1,2,2,2,2,
similar,exact_name,tisp_set_ae_sensor_fps,tisp_set_ae_sensor_fps,49,50,1.020408,1,196,200,5,5,1,1,1,1,8,8,
similar,exact_name,tisp_sdns_deinit,tisp_sdns_deinit,47,39,0.829787,-8,188,156,5,5,2,2,1,1,8,4,
similar,exact_name,tisp_ydns_deinit,tisp_ydns_deinit,47,39,0.829787,-8,188,156,5,5,2,2,1,1,8,4,
similar,exact_name,tisp_awb_get_mode,tisp_awb_get_mode,47,41,0.872340,-6,188,164,0,2,1,1,1,1,4,10,
similar,exact_name,tisp_dmsc_deinit,tisp_dmsc_deinit,47,42,0.893617,-5,188,168,5,5,2,2,1,1,8,9,
similar,exact_name,tisp_mdns_deinit,tisp_mdns_deinit,47,52,1.106383,5,188,208,5,6,2,2,1,1,8,8,
similar,exact_name,tisp_gamma_write_lut_ir,tisp_gamma_write_lut_ir,47,43,0.914894,-4,188,172,1,1,3,1,1,1,4,6,
similar,exact_name,tisp_g_osd_block_attr,tisp_g_osd_block_attr,47,45,0.957447,-2,188,180,2,2,1,1,1,1,4,4,
similar,exact_name,tisp_gsm_interrupt_hist,tisp_gsm_interrupt_hist,46,38,0.826087,-8,184,152,3,3,5,5,1,1,13,12,
similar,exact_name,csi_phy_start,csi_phy_start,46,40,0.869565,-6,184,160,1,1,3,3,1,1,6,6,
similar,exact_name,tisp_cdns_deinit,tisp_cdns_deinit,46,41,0.891304,-5,184,164,5,5,2,2,1,1,6,6,
similar,exact_name,ispcore_frame_channel_ir_get_fmt,ispcore_frame_channel_ir_get_fmt,46,42,0.913043,-4,184,168,10,8,0,0,1,1,0,0,
similar,exact_name,tx_isp_fs_remove,tx_isp_fs_remove,46,42,0.913043,-4,184,168,3,3,5,4,1,1,8,6,
similar,exact_name,tisp_gib_interp_by_ir,tisp_gib_interp_by_ir,46,45,0.978261,-1,184,180,1,1,4,4,1,1,4,4,
similar,exact_name,fs_activate_module,fs_activate_module,45,41,0.911111,-4,180,164,6,5,1,1,3,2,6,6,
similar,exact_name,tisp_gib_param_array_set,tisp_gib_param_array_set,45,41,0.911111,-4,180,164,0,0,5,5,1,1,12,12,
similar,exact_name,tisp_blc_param_array_set,tisp_blc_param_array_set,45,43,0.955556,-2,180,172,0,0,7,7,1,1,10,10,
similar,exact_name,tisp_bcsh_api_set_offset_rgb,tisp_bcsh_api_set_offset_rgb,44,36,0.818182,-8,176,144,0,0,2,2,1,0,6,6,
similar,exact_name,Tiziano_Awb_Ct_Detect_GrayWorld,Tiziano_Awb_Ct_Detect_GrayWorld,44,38,0.863636,-6,176,152,2,2,2,2,1,1,4,4,
similar,exact_name,tisp_comn_param_array_set,tisp_comn_param_array_set,44,39,0.886364,-5,176,156,3,1,4,3,1,1,11,12,
similar,exact_name,tisp_awb_show_para_update,tisp_awb_show_para_update,44,41,0.931818,-3,176,164,0,0,5,5,0,1,4,4,
similar,exact_name,csi_sensor_ops_sync_sensor_attr,csi_sensor_ops_sync_sensor_attr,44,42,0.954545,-2,176,168,5,4,4,3,1,2,6,4,
similar,exact_name,tx_vic_disable_irq,tx_vic_disable_irq,44,45,1.022727,1,176,180,4,4,3,3,1,1,6,7,
similar,exact_name,tisp_core_switch_bin,tisp_core_switch_bin,43,38,0.883721,-5,172,152,2,2,4,4,1,1,14,14,
similar,exact_name,tisp_dmsc_par_refresh,tisp_dmsc_par_refresh,43,38,0.883721,-5,172,152,5,4,2,1,1,1,6,6,
similar,exact_name,tisp_adr_param_array_set,tisp_adr_param_array_set,43,39,0.906977,-4,172,156,0,0,4,4,1,1,16,12,
similar,exact_name,tisp_g_bin_ai_ratio_table,tisp_g_bin_ai_ratio_table,43,44,1.023256,1,172,176,0,0,4,4,1,1,4,4,
similar,exact_name,tisp_gib_deinit,tisp_gib_deinit,42,37,0.880952,-5,168,148,5,5,2,2,1,1,6,4,
similar,exact_name,tisp_dpc_wdr_en,tisp_dpc_wdr_en,42,39,0.928571,-3,168,156,1,1,5,5,1,1,11,10,
similar,exact_name,tisp_dpc_deinit,tisp_dpc_deinit,42,40,0.952381,-2,168,160,5,5,2,2,1,1,6,4,
similar,exact_name,tx_isp_csi_resume_module,tx_isp_csi_resume_module,42,41,0.976190,-1,168,164,4,3,2,2,2,2,8,8,
similar,exact_name,tisp_raw_wdma_fd_interrupt,tisp_raw_wdma_fd_interrupt,41,37,0.902439,-4,164,148,3,3,2,2,2,1,14,13,
similar,exact_name,tisp_ae_api_set_fps,tisp_ae_api_set_fps,41,43,1.048780,2,164,172,3,4,2,2,1,1,12,12,
similar,exact_name,tisp_ae_param_array_set,tisp_ae_param_array_set,41,39,0.951220,-2,164,156,0,0,3,3,1,1,6,4,
similar,exact_name,tisp_gamma_ev_update,tisp_gamma_ev_update,40,32,0.800000,-8,160,128,2,3,3,2,2,2,8,8,
similar,exact_name,tisp_af_interrupt_static,tisp_af_interrupt_static,40,37,0.925000,-3,160,148,0,0,4,4,1,1,10,8,
similar,exact_name,tx_isp_init,tx_isp_init,39,47,1.205128,8,156,188,3,4,4,3,1,2,17,19,
similar,exact_name,api_ae_get_y_zone,api_ae_get_y_zone,39,33,0.846154,-6,156,132,0,0,3,3,1,1,10,8,
similar,exact_name,ispint_adr_16,ispint_adr_16,39,33,0.846154,-6,156,132,5,5,0,0,3,1,0,0,
similar,exact_name,ivdc_enable_irq,ivdc_enable_irq,39,33,0.846154,-6,156,132,2,3,3,2,1,0,4,5,
similar,exact_name,tisp_gib_a_gain_update,tisp_gib_a_gain_update,39,33,0.846154,-6,156,132,2,3,3,2,2,2,8,8,
similar,exact_name,tisp_ae_api_set_antiflick,tisp_ae_api_set_antiflick,39,34,0.871795,-5,156,136,4,2,1,1,1,1,6,6,
similar,exact_name,tisp_ae_set_ev_list,tisp_ae_set_ev_list,39,34,0.871795,-5,156,136,2,2,1,1,2,1,6,6,
similar,exact_name,tisp_top_update_pos,tisp_top_update_pos,39,38,0.974359,-1,156,152,1,1,5,1,1,1,16,14,
similar,exact_name,ispint_adr_32,ispint_adr_32,38,31,0.815789,-7,152,124,5,4,0,0,3,1,0,0,
similar,exact_name,tisp_blc_again_update,tisp_blc_again_update,38,32,0.842105,-6,152,128,1,1,3,3,2,2,8,8,
similar,exact_name,tisp_s_autozoom_control,tisp_s_autozoom_control,38,33,0.868421,-5,152,132,3,3,1,1,1,0,8,7,
similar,exact_name,ispcore_sensor_ops_release_all_sensor,ispcore_sensor_ops_release_all_sensor,38,34,0.894737,-4,152,136,8,7,1,1,1,1,0,2,
similar,exact_name,tisp_gamma_get_attr,tisp_gamma_get_attr,38,35,0.921053,-3,152,140,2,2,3,3,1,1,4,4,
similar,exact_name,fix_point_sub,fix_point_sub,37,30,0.810811,-7,148,120,3,3,1,1,1,1,6,4,
similar,exact_name,fix_point_sub_64,fix_point_sub_64,37,30,0.810811,-7,148,120,3,3,1,1,1,1,6,4,
similar,exact_name,tisp_ae_interrupt_static,tisp_ae_interrupt_static,37,30,0.810811,-7,148,120,0,0,3,2,1,1,8,6,
similar,exact_name,vic_frame_channel_get_fmt,vic_frame_channel_get_fmt,37,30,0.810811,-7,148,120,2,2,2,2,1,1,4,6,
similar,exact_name,tisp_ae_set_at_list,tisp_ae_set_at_list,37,32,0.864865,-5,148,128,2,2,1,1,2,1,6,6,
similar,exact_name,tisp_awb_get_zone,tisp_awb_get_zone,37,32,0.864865,-5,148,128,0,0,2,2,0,1,4,4,
similar,exact_name,find_new_buffer,find_new_buffer,37,40,1.081081,3,148,160,3,2,1,1,1,2,4,6,
similar,exact_name,isp_core_create_aisp,isp_core_create_aisp,37,39,1.054054,2,148,156,2,2,3,3,1,1,14,14,
similar,exact_name,__enqueue_in_driver,__enqueue_in_driver,36,29,0.805556,-7,144,116,2,2,2,2,1,1,8,8,
similar,exact_name,tisp_bcsh_ct_update,tisp_bcsh_ct_update,36,29,0.805556,-7,144,116,3,2,2,2,1,2,6,6,
similar,exact_name,tisp_ae_sort_H2L,tisp_ae_sort_H2L,36,30,0.833333,-6,144,120,6,5,0,0,1,1,0,0,
similar,exact_name,ispcore_frame_channel_get_fmt,ispcore_frame_channel_get_fmt,36,34,0.944444,-2,144,136,3,4,1,1,2,1,2,2,
similar,exact_name,tisp_short_ev_update,tisp_short_ev_update,36,34,0.944444,-2,144,136,4,5,1,1,1,2,11,11,
similar,exact_name,tx_isp_vic_activate_subdev,tx_isp_vic_activate_subdev,36,34,0.944444,-2,144,136,5,5,2,2,2,2,5,4,
similar,exact_name,sensor_set_integration_time,sensor_set_integration_time,36,37,1.027778,1,144,148,1,1,0,0,1,1,2,2,
similar,exact_name,sensor_set_integration_time_short,sensor_set_integration_time_short,36,37,1.027778,1,144,148,1,1,0,0,1,1,2,2,
similar,exact_name,tisp_g_mscaler_mask_block_attr,tisp_g_mscaler_mask_block_attr,36,35,0.972222,-1,144,140,2,2,0,0,1,1,2,2,
similar,exact_name,tx_isp_vic_resume_module,tx_isp_vic_resume_module,35,31,0.885714,-4,140,124,4,3,2,2,2,2,8,8,
similar,exact_name,isp_core_tunning_open,isp_core_tunning_open,35,37,1.057143,2,140,148,2,2,1,1,1,1,2,2,
similar,exact_name,sensor_set_analog_gain,sensor_set_analog_gain,35,37,1.057143,2,140,148,1,1,0,0,1,1,2,2,
similar,exact_name,sensor_set_analog_gain_short,sensor_set_analog_gain_short,35,37,1.057143,2,140,148,1,1,0,0,1,1,2,2,
similar,exact_name,tisp_lce_param_array_set,tisp_lce_param_array_set,35,33,0.942857,-2,140,132,0,0,3,3,1,1,8,8,
similar,exact_name,tx_isp_free_irq,tx_isp_free_irq,34,42,1.235294,8,136,168,4,4,1,1,2,2,2,2,
similar,exact_name,tx_isp_vic_suspend_module,tx_isp_vic_suspend_module,34,31,0.911765,-3,136,124,4,3,2,2,2,2,8,8,
similar,exact_name,tisp_top_param_array_set,tisp_top_param_array_set,34,32,0.941176,-2,136,128,0,0,2,2,0,1,8,6,
similar,exact_name,tisp_adr_param_array_get,tisp_adr_param_array_get,34,35,1.029412,1,136,140,0,0,2,2,1,1,4,4,
similar,exact_name,tisp_tmo_param_array_get,tisp_tmo_param_array_get,34,35,1.029412,1,136,140,0,0,2,2,1,1,4,4,
similar,exact_name,tisp_wdr_param_array_get,tisp_wdr_param_array_get,34,35,1.029412,1,136,140,0,0,2,2,1,1,4,4,
similar,exact_name,check_csi_error,check_csi_error,33,28,0.848485,-5,132,112,3,3,3,3,0,0,12,6,
similar,exact_name,tisp_wdr_paixu,tisp_wdr_paixu,33,28,0.848485,-5,132,112,6,6,0,0,1,1,2,0,
similar,exact_name,tisp_ccm_pm_suspend,tisp_ccm_pm_suspend,33,30,0.909091,-3,132,120,1,0,1,2,1,1,2,2,
similar,exact_name,isp_interrupts_disable,isp_interrupts_disable,33,31,0.939394,-2,132,124,4,5,0,0,1,1,5,2,
similar,exact_name,tisp_bcsh_deinit,tisp_bcsh_deinit,33,35,1.060606,2,132,140,4,4,1,1,1,1,6,8,
similar,exact_name,tisp_blc_deinit,tisp_blc_deinit,33,31,0.939394,-2,132,124,4,4,1,1,1,1,6,4,
similar,exact_name,tisp_ccm_deinit,tisp_ccm_deinit,33,31,0.939394,-2,132,124,4,4,1,1,1,1,6,4,
similar,exact_name,tisp_clm_deinit,tisp_clm_deinit,33,31,0.939394,-2,132,124,4,4,1,1,1,1,6,4,
similar,exact_name,tisp_hldc_deinit,tisp_hldc_deinit,33,31,0.939394,-2,132,124,4,4,1,1,1,1,6,4,
similar,exact_name,tisp_lce_deinit,tisp_lce_deinit,33,31,0.939394,-2,132,124,4,4,1,1,1,1,6,4,
similar,exact_name,tisp_ae_api_get_exp_list,tisp_ae_api_get_exp_list,33,32,0.969697,-1,132,128,1,1,0,0,1,1,4,4,
similar,exact_name,tisp_clm_param_array_set,tisp_clm_param_array_set,32,26,0.812500,-6,128,104,0,0,3,3,1,0,8,8,
similar,exact_name,tisp_csc_yuv_dmo,tisp_csc_yuv_dmo,32,29,0.906250,-3,128,116,0,0,6,0,0,1,2,2,
similar,exact_name,tisp_switch_bin,tisp_switch_bin,32,35,1.093750,3,128,140,2,2,2,2,1,1,8,8,
similar,exact_name,ispcore_frame_channel_reqbufs,ispcore_frame_channel_reqbufs,32,33,1.031250,1,128,132,2,3,2,1,1,2,4,4,
similar,exact_name,tisp_awb_set_start,tisp_awb_set_start,32,31,0.968750,-1,128,124,0,0,0,0,0,1,6,4,
similar,exact_name,tisp_set_sensor_analog_gain,tisp_set_sensor_analog_gain,32,33,1.031250,1,128,132,0,0,4,4,1,1,4,6,
similar,exact_name,ivdc_resume_module,ivdc_resume_module,31,25,0.806452,-6,124,100,5,5,1,0,1,1,6,6,
similar,exact_name,ivdc_suspend_module,ivdc_suspend_module,31,25,0.806452,-6,124,100,5,5,1,0,1,1,6,6,
similar,exact_name,tisp_dpc_dn_params_refresh,tisp_dpc_dn_params_refresh,31,26,0.838710,-5,124,104,0,0,3,3,1,1,6,4,
similar,exact_name,aisp_core_debug_show,aisp_core_debug_show,31,27,0.870968,-4,124,108,1,1,3,3,1,2,8,10,
similar,exact_name,private_leading_one_position,private_leading_one_position,31,27,0.870968,-4,124,108,5,5,0,0,1,1,0,0,
similar,exact_name,frame_channel_release,frame_channel_release,31,30,0.967742,-1,124,120,3,3,2,2,1,1,4,4,
similar,exact_name,tisp_gsm_api_get,tisp_gsm_api_get,30,24,0.800000,-6,120,96,0,0,3,3,1,1,11,10,
similar,exact_name,isp_core_tunning_release,isp_core_tunning_release,30,32,1.066667,2,120,128,1,1,2,2,1,1,8,8,
similar,exact_name,tisp_csccr_range_compress_mode,tisp_csccr_range_compress_mode,30,28,0.933333,-2,120,112,0,0,4,3,0,1,2,4,
similar,exact_name,tisp_tstp_deinit,tisp_tstp_deinit,30,28,0.933333,-2,120,112,4,4,1,1,1,1,7,5,
similar,exact_name,tisp_raw_get_rw_handler,tisp_raw_get_rw_handler,29,25,0.862069,-4,116,100,0,0,2,2,1,1,8,8,
similar,exact_name,tisp_simple_intp_int16,tisp_simple_intp_int16,29,25,0.862069,-4,116,100,6,4,0,0,2,1,0,0,
similar,exact_name,tx_isp_vin_activate_subdev,tx_isp_vin_activate_subdev,29,25,0.862069,-4,116,100,1,1,2,2,1,1,5,4,
similar,exact_name,tisp_csccr_default_mode,tisp_csccr_default_mode,29,27,0.931034,-2,116,108,0,0,4,3,0,1,2,4,
similar,exact_name,tisp_csccr_range_stretch_mode,tisp_csccr_range_stretch_mode,29,27,0.931034,-2,116,108,0,0,4,3,0,1,2,4,
similar,exact_name,func_adr_map_curve0,func_adr_map_curve0,29,30,1.034483,1,116,120,0,0,0,0,1,1,0,0,
similar,exact_name,tx_isp_unregister_platforms,tx_isp_unregister_platforms,28,32,1.142857,4,112,128,3,3,2,2,1,1,2,4,
similar,exact_name,tisp_raw_set_rw_handler,tisp_raw_set_rw_handler,28,26,0.928571,-2,112,104,0,0,2,1,1,1,6,6,
similar,exact_name,tisp_ae_api_get_antiflick,tisp_ae_api_get_antiflick,28,27,0.964286,-1,112,108,3,2,0,0,2,3,4,4,
similar,exact_name,tisp_ae_api_get_luma,tisp_ae_api_get_luma,27,29,1.074074,2,108,116,1,2,0,0,1,1,2,2,
similar,exact_name,tx_isp_frame_chan_deinit,tx_isp_frame_chan_deinit,27,28,1.037037,1,108,112,2,3,2,2,2,2,4,4,
similar,exact_name,tisp_ae_api_get_faceae,tisp_ae_api_get_faceae,26,21,0.807692,-5,104,84,2,2,0,0,1,0,2,0,
similar,exact_name,isp_interrupts_enable,isp_interrupts_enable,26,22,0.846154,-4,104,88,1,1,0,0,1,1,4,2,
similar,exact_name,tisp_simple_intp,tisp_simple_intp,26,24,0.923077,-2,104,96,5,4,0,0,2,1,0,0,
similar,exact_name,sensor_alloc_integration_time,sensor_alloc_integration_time,26,27,1.038462,1,104,108,2,1,1,1,1,2,2,4,
similar,exact_name,tisp_lce_tgain_update,tisp_lce_tgain_update,26,25,0.961538,-1,104,100,3,4,1,1,2,2,4,4,
similar,exact_name,tx_isp_csi_suspend_module,tx_isp_csi_suspend_module,26,27,1.038462,1,104,108,4,3,1,1,2,2,6,6,
similar,exact_name,tisp_bcsh_fra_down_interrupt,tisp_bcsh_fra_down_interrupt,25,24,0.960000,-1,100,96,1,1,1,1,1,2,4,4,
similar,exact_name,tisp_awb_get_global_statis,tisp_awb_get_global_statis,24,20,0.833333,-4,96,80,0,0,0,0,1,1,2,0,
similar,exact_name,tisp_channel_main_start,tisp_channel_main_start,24,20,0.833333,-4,96,80,0,0,1,1,1,0,6,6,
similar,exact_name,tisp_dmsc_all_reg_refresh,tisp_dmsc_all_reg_refresh,24,20,0.833333,-4,96,80,0,0,4,3,1,1,8,6,
similar,exact_name,tisp_process_init,tisp_process_init,24,20,0.833333,-4,96,80,1,2,2,1,1,1,8,8,
similar,exact_name,tiziano_reserve_reg_write,tiziano_reserve_reg_write,24,20,0.833333,-4,96,80,4,4,0,0,2,2,4,0,
similar,exact_name,tisp_lsc_fra_down_interrupt,tisp_lsc_fra_down_interrupt,24,23,0.958333,-1,96,92,1,1,2,2,1,1,7,7,
similar,exact_name,api_ae_dn_par_refresh,api_ae_dn_par_refresh,23,19,0.826087,-4,92,76,0,0,2,2,1,1,6,4,
similar,exact_name,fix_point_sub_32,fix_point_sub_32,23,19,0.826087,-4,92,76,1,1,1,1,1,1,6,4,
similar,exact_name,tisp_awb_get_converge_step,tisp_awb_get_converge_step,23,19,0.826087,-4,92,76,0,0,0,0,1,1,2,0,
similar,exact_name,tisp_awb_tgain_update,tisp_awb_tgain_update,23,19,0.826087,-4,92,76,0,0,1,1,0,1,6,4,
similar,exact_name,tisp_channel_main_stop,tisp_channel_main_stop,23,19,0.826087,-4,92,76,0,0,1,1,1,0,6,6,
similar,exact_name,tisp_s_osd_attr,tisp_s_osd_attr,23,21,0.913043,-2,92,84,1,1,0,0,1,1,2,0,
similar,exact_name,vic_frame_channel_streamoff,vic_frame_channel_streamoff,23,21,0.913043,-2,92,84,5,4,0,0,1,1,2,2,
similar,exact_name,tisp_bcsh_param_array_get,tisp_bcsh_param_array_get,23,22,0.956522,-1,92,88,0,0,1,1,1,1,4,4,
similar,exact_name,tisp_blc_param_array_get,tisp_blc_param_array_get,23,22,0.956522,-1,92,88,0,0,1,1,1,1,4,4,
similar,exact_name,tisp_ccm_param_array_get,tisp_ccm_param_array_get,23,22,0.956522,-1,92,88,0,0,1,1,1,1,4,4,
similar,exact_name,tisp_cdns_param_array_get,tisp_cdns_param_array_get,23,22,0.956522,-1,92,88,0,0,1,1,1,1,4,4,
similar,exact_name,tisp_clm_param_array_get,tisp_clm_param_array_get,23,22,0.956522,-1,92,88,0,0,1,1,1,1,4,4,
similar,exact_name,tisp_defog_param_array_get,tisp_defog_param_array_get,23,22,0.956522,-1,92,88,0,0,1,1,1,1,4,4,
similar,exact_name,tisp_dmsc_param_array_get,tisp_dmsc_param_array_get,23,22,0.956522,-1,92,88,0,0,1,1,1,1,4,4,
similar,exact_name,tisp_dpc_l_gain_update,tisp_dpc_l_gain_update,23,22,0.956522,-1,92,88,0,0,2,2,1,1,6,6,
similar,exact_name,tisp_dpc_param_array_get,tisp_dpc_param_array_get,23,22,0.956522,-1,92,88,0,0,1,1,1,1,4,4,
similar,exact_name,tisp_dpc_s_gain_update,tisp_dpc_s_gain_update,23,22,0.956522,-1,92,88,0,0,2,2,1,1,6,6,
similar,exact_name,tisp_gamma_param_array_get,tisp_gamma_param_array_get,23,22,0.956522,-1,92,88,0,0,1,1,1,1,4,4,
similar,exact_name,tisp_gib_param_array_get,tisp_gib_param_array_get,23,22,0.956522,-1,92,88,0,0,1,1,1,1,4,4,
similar,exact_name,tisp_hldc_param_array_get,tisp_hldc_param_array_get,23,22,0.956522,-1,92,88,0,0,1,1,1,1,4,4,
similar,exact_name,tisp_mdns_param_array_get,tisp_mdns_param_array_get,23,22,0.956522,-1,92,88,0,0,1,1,1,1,4,4,
similar,exact_name,tisp_sdns_param_array_get,tisp_sdns_param_array_get,23,22,0.956522,-1,92,88,0,0,1,1,1,1,4,4,
similar,exact_name,tisp_sdns_refresh,tisp_sdns_refresh,23,22,0.956522,-1,92,88,0,0,2,2,1,1,6,6,
similar,exact_name,tisp_ydns_param_array_get,tisp_ydns_param_array_get,23,22,0.956522,-1,92,88,0,0,1,1,1,1,4,4,
similar,exact_name,tisp_ysp_param_array_get,tisp_ysp_param_array_get,23,22,0.956522,-1,92,88,0,0,1,1,1,1,4,4,
similar,exact_name,tisp_awb_set_converge_step,tisp_awb_set_converge_step,22,18,0.818182,-4,88,72,0,0,0,0,1,1,2,0,
similar,exact_name,tisp_awb_set_statis_localtion,tisp_awb_set_statis_localtion,22,18,0.818182,-4,88,72,0,0,0,0,1,1,2,0,
similar,exact_name,csi_sensor_ops_ioctl,csi_sensor_ops_ioctl,22,20,0.909091,-2,88,80,3,2,1,1,2,2,2,2,
similar,exact_name,sensor_set_digital_gain,sensor_set_digital_gain,22,24,1.090909,2,88,96,1,1,0,0,1,1,2,2,
similar,exact_name,sensor_set_digital_gain_short,sensor_set_digital_gain_short,22,24,1.090909,2,88,96,1,1,0,0,1,1,2,2,
similar,exact_name,tisp_sdns_all_reg_refresh,tisp_sdns_all_reg_refresh,22,20,0.909091,-2,88,80,0,0,3,3,0,1,8,6,
similar,exact_name,tisp_wdr_dn_params_refresh,tisp_wdr_dn_params_refresh,22,20,0.909091,-2,88,80,0,0,3,3,0,1,8,6,
similar,exact_name,tisp_get_awb_info,tisp_get_awb_info,22,23,1.045455,1,88,92,0,0,2,2,1,1,4,4,
similar,exact_name,tisp_tmo_ev_update,tisp_tmo_ev_update,21,22,1.047619,1,84,88,0,0,1,1,1,1,4,4,
similar,exact_name,tisp_top_wdr_en,tisp_top_wdr_en,21,20,0.952381,-1,84,80,0,0,1,1,1,1,6,6,
similar,exact_name,tisp_awb_pm_resume,tisp_awb_pm_resume,20,16,0.800000,-4,80,64,0,0,3,0,1,1,2,2,
similar,exact_name,tisp_dpc_pm_resume,tisp_dpc_pm_resume,20,16,0.800000,-4,80,64,0,0,3,0,1,1,2,2,
similar,exact_name,tisp_lsc_ct_update,tisp_lsc_ct_update,20,16,0.800000,-4,80,64,1,2,2,1,1,1,4,4,
similar,exact_name,tisp_tmo_get_data,tisp_tmo_get_data,20,16,0.800000,-4,80,64,1,1,0,0,1,0,4,4,
similar,exact_name,sensor_set_fps,sensor_set_fps,20,22,1.100000,2,80,88,1,1,0,0,1,1,2,2,
similar,exact_name,aisp_core_tunning_unlocked_ioctl,aisp_core_tunning_unlocked_ioctl,20,19,0.950000,-1,80,76,2,1,1,1,2,2,2,2,
similar,exact_name,private_kthread_run,private_kthread_run,20,19,0.950000,-1,80,76,1,1,2,2,1,1,4,4,
similar,exact_name,tisp_adr_tgain_update,tisp_adr_tgain_update,20,21,1.050000,1,80,84,0,0,0,0,1,1,6,6,
similar,exact_name,isp_core_delete_aisp,isp_core_delete_aisp,19,21,1.105263,2,76,84,1,1,2,2,1,1,4,4,
similar,exact_name,tisp_defog_wdr_en,tisp_defog_wdr_en,19,20,1.052632,1,76,80,0,0,1,1,1,1,4,4,
similar,exact_name,tisp_set_awb_info,tisp_set_awb_info,19,20,1.052632,1,76,80,0,0,2,2,1,1,4,4,
similar,exact_name,tisp_top_deinit,tisp_top_deinit,19,20,1.052632,1,76,80,1,1,1,1,1,1,4,4,
similar,exact_name,isp_core_tuning_deinit,isp_core_tuning_deinit,18,15,0.833333,-3,72,60,1,2,1,1,1,1,4,4,
similar,exact_name,tisp_ae_api_set_comp,tisp_ae_api_set_comp,18,17,0.944444,-1,72,68,1,0,0,0,1,1,6,6,
similar,exact_name,tisp_ae_long_set_sensor_integration_time,tisp_ae_long_set_sensor_integration_time,18,17,0.944444,-1,72,68,0,0,1,1,1,1,4,4,
similar,exact_name,tisp_ae_short_set_sensor_integration_time,tisp_ae_short_set_sensor_integration_time,18,17,0.944444,-1,72,68,0,0,1,1,1,1,4,4,
similar,exact_name,tisp_bcsh_api_get_ccm,tisp_bcsh_api_get_ccm,18,17,0.944444,-1,72,68,0,0,1,1,1,1,4,4,
similar,exact_name,tisp_bcsh_api_get_offset_rgb,tisp_bcsh_api_get_offset_rgb,18,17,0.944444,-1,72,68,0,0,1,1,1,1,4,4,
similar,exact_name,tisp_ccm_api_get,tisp_ccm_api_get,18,17,0.944444,-1,72,68,0,0,1,1,1,1,4,4,
similar,exact_name,tisp_hldc_get_attr,tisp_hldc_get_attr,18,17,0.944444,-1,72,68,0,0,1,1,1,1,4,4,
similar,exact_name,tisp_lce_wdr_en,tisp_lce_wdr_en,18,19,1.055556,1,72,76,0,0,1,1,1,1,4,4,
similar,exact_name,tisp_log2_fixed_to_fixed_64,tisp_log2_fixed_to_fixed_64,18,17,0.944444,-1,72,68,0,0,1,1,1,1,2,2,
similar,exact_name,fix_point_mult2_32,fix_point_mult2_32,17,14,0.823529,-3,68,56,0,0,0,0,1,1,0,0,
similar,exact_name,private_dma_sync_single_for_device,private_dma_sync_single_for_device,17,15,0.882353,-2,68,60,4,5,0,0,1,1,3,3,
similar,exact_name,tisp_g_autozoom_control,tisp_g_autozoom_control,17,18,1.058824,1,68,72,1,1,0,0,1,1,2,4,
similar,exact_name,tisp_ratio,tisp_ratio,17,16,0.941176,-1,68,64,2,2,0,0,3,3,0,0,
similar,exact_name,lce_pdf_to_cdf,lce_pdf_to_cdf,16,18,1.125000,2,64,72,2,3,0,0,1,1,0,0,
similar,exact_name,private_getrawmonotonic,private_getrawmonotonic,16,17,1.062500,1,64,68,0,0,1,1,1,1,2,2,
similar,exact_name,tisp_raw_deinit,tisp_raw_deinit,16,17,1.062500,1,64,68,1,1,1,1,1,1,5,5,
similar,exact_name,tisp_tstp_param_array_set,tisp_tstp_param_array_set,16,17,1.062500,1,64,68,0,0,2,2,1,1,6,6,
similar,exact_name,tisp_defog_pm_resume,tisp_defog_pm_resume,15,17,1.133333,2,60,68,0,0,2,1,1,1,4,4,
similar,exact_name,tisp_gib_pm_resume,tisp_gib_pm_resume,15,17,1.133333,2,60,68,0,0,2,1,1,1,4,4,
similar,exact_name,tisp_lsc_pm_resume,tisp_lsc_pm_resume,15,17,1.133333,2,60,68,0,0,2,1,1,1,4,4,
similar,exact_name,dfg_array_cmp,dfg_array_cmp,14,12,0.857143,-2,56,48,2,2,0,0,2,1,0,0,
similar,exact_name,private_device_create,private_device_create,14,13,0.928571,-1,56,52,0,0,1,1,1,1,2,2,
similar,exact_name,tisp_log2_fixed_to_fixed,tisp_log2_fixed_to_fixed,14,13,0.928571,-1,56,52,0,0,1,1,1,1,2,2,
similar,exact_name,tisp_msca_addr_ir_fifo_read,tisp_msca_addr_ir_fifo_read,14,13,0.928571,-1,56,52,0,0,1,1,1,1,2,2,
similar,exact_name,tisp_ae_api_get_face_ae_tune_params,tisp_ae_api_get_face_ae_tune_params,13,12,0.923077,-1,52,48,0,0,0,0,1,1,2,2,
similar,exact_name,tisp_ae_api_set_face_ae_tune_params,tisp_ae_api_set_face_ae_tune_params,13,12,0.923077,-1,52,48,0,0,0,0,1,1,2,2,
similar,exact_name,tisp_g_ae_bv,tisp_g_ae_bv,13,12,0.923077,-1,52,48,0,0,1,1,1,1,2,2,
similar,exact_name,private_clk_disable_unprepare,private_clk_disable_unprepare,12,14,1.166667,2,48,56,1,0,1,2,0,1,4,4,
similar,exact_name,tisp_blc_pm_resume,tisp_blc_pm_resume,11,9,0.818182,-2,44,36,0,0,1,0,1,1,2,2,
similar,exact_name,tisp_ccm_pm_resume,tisp_ccm_pm_resume,11,9,0.818182,-2,44,36,0,0,1,0,1,1,2,2,
similar,exact_name,tisp_dmsc_pm_resume,tisp_dmsc_pm_resume,11,9,0.818182,-2,44,36,0,0,1,0,1,1,2,2,
similar,exact_name,__private_spin_lock_irqsave,__private_spin_lock_irqsave,11,12,1.090909,1,44,48,0,0,1,1,1,1,2,2,
similar,exact_name,tisp_event_exit,tisp_event_exit,11,10,0.909091,-1,44,40,0,0,1,1,1,1,2,2,
similar,exact_name,tisp_g_af_metric_attr,tisp_g_af_metric_attr,11,10,0.909091,-1,44,40,0,0,1,1,1,1,2,2,
similar,exact_name,tisp_dmsc_sharpness_set,tisp_dmsc_sharpness_set,10,8,0.800000,-2,40,32,0,0,0,0,0,1,4,2,
similar,exact_name,tisp_g_osd_attr,tisp_g_osd_attr,10,8,0.800000,-2,40,32,0,0,0,0,1,1,2,0,
similar,exact_name,tisp_wdr_short_tgain_update,tisp_wdr_short_tgain_update,9,10,1.111111,1,36,40,0,0,0,0,1,1,3,3,
similar,exact_name,system_reg_read,system_reg_read,7,6,0.857143,-1,28,24,0,0,0,0,1,1,2,2,
similar,exact_name,system_reg_write,system_reg_write,7,8,1.142857,1,28,32,0,0,0,0,1,1,2,2,
similar,exact_name,private_wake_up,private_wake_up,6,7,1.166667,1,24,28,1,1,0,0,0,0,2,2,
similar,exact_name,private_wake_up_all,private_wake_up_all,6,7,1.166667,1,24,28,1,1,0,0,0,0,2,2,
similar,exact_name,tisp_lsc_itp,tisp_lsc_itp,6,7,1.166667,1,24,28,0,0,0,0,1,1,0,0,
similar,exact_name,private_clk_get,private_clk_get,4,5,1.250000,1,16,20,1,1,0,0,0,0,2,2,
similar,exact_name,private_device_destroy,private_device_destroy,4,5,1.250000,1,16,20,1,1,0,0,0,0,2,2,
similar,exact_name,private_filp_close,private_filp_close,4,5,1.250000,1,16,20,1,1,0,0,0,0,2,2,
similar,exact_name,private_schedule_hrtimeout,private_schedule_hrtimeout,4,5,1.250000,1,16,20,1,1,0,0,0,0,2,2,
same_instruction_count,exact_name,tisp_wdr_get_map,tisp_wdr_get_map,390,390,1.000000,0,1560,1560,19,19,27,27,1,1,6,10,
same_instruction_count,exact_name,tisp_gamma_init,tisp_gamma_init,99,99,1.000000,0,396,396,0,0,10,9,1,1,28,26,
same_instruction_count,exact_name,tisp_ae_api_get_scene_par,tisp_ae_api_get_scene_par,97,97,1.000000,0,388,388,11,11,2,2,1,1,6,6,
same_instruction_count,exact_name,tx_isp_video_s_stream,tx_isp_video_s_stream,90,90,1.000000,0,360,360,13,13,5,5,1,1,14,16,
same_instruction_count,exact_name,tx_isp_vin_suspend_module,tx_isp_vin_suspend_module,77,77,1.000000,0,308,308,7,7,5,5,2,2,12,10,
same_instruction_count,exact_name,tisp_tmo_params_hard_refresh,tisp_tmo_params_hard_refresh,73,73,1.000000,0,292,292,0,0,13,13,1,1,4,4,
same_instruction_count,exact_name,tisp_wdr_params_hard_refresh,tisp_wdr_params_hard_refresh,71,71,1.000000,0,284,284,0,0,10,10,1,1,4,4,
same_instruction_count,exact_name,tisp_raw_init,tisp_raw_init,64,64,1.000000,0,256,256,0,0,6,6,1,1,27,25,
same_instruction_count,exact_name,tisp_sin,tisp_sin,60,60,1.000000,0,240,240,4,4,1,1,1,1,4,4,
same_instruction_count,exact_name,tisp_reg_map_get,tisp_reg_map_get,57,57,1.000000,0,228,228,7,5,4,4,1,1,7,6,
same_instruction_count,exact_name,tisp_af_api_get_attr,tisp_af_api_get_attr,53,53,1.000000,0,212,212,0,0,0,0,1,1,4,4,
same_instruction_count,exact_name,tx_isp_module_init,tx_isp_module_init,51,51,1.000000,0,204,204,4,5,3,3,1,1,12,12,
same_instruction_count,exact_name,tx_isp_resume,tx_isp_resume,50,50,1.000000,0,200,200,7,7,3,2,1,1,8,8,
same_instruction_count,exact_name,tx_isp_suspend,tx_isp_suspend,50,50,1.000000,0,200,200,7,7,3,2,1,1,8,8,
same_instruction_count,exact_name,private_wait_event_interruptible_timeout,private_wait_event_interruptible_timeout,49,49,1.000000,0,196,196,6,6,3,3,1,1,6,6,
same_instruction_count,exact_name,__frame_channel_vb2_streamoff,__frame_channel_vb2_streamoff,48,48,1.000000,0,192,192,6,7,3,3,1,1,16,16,
same_instruction_count,exact_name,tisp_lce_param_array_get,tisp_lce_param_array_get,48,48,1.000000,0,192,192,0,0,5,5,1,1,6,6,
same_instruction_count,exact_name,private_log2_int_to_fixed,private_log2_int_to_fixed,42,42,1.000000,0,168,168,6,6,1,1,2,2,2,2,
same_instruction_count,exact_name,isp_irq_thread_handle,isp_irq_thread_handle,38,38,1.000000,0,152,152,7,7,2,2,1,1,0,0,
same_instruction_count,exact_name,private_leading_one_position_64,private_leading_one_position_64,38,38,1.000000,0,152,152,7,7,0,0,1,1,0,0,
same_instruction_count,exact_name,fs_work_kthread,fs_work_kthread,37,37,1.000000,0,148,148,2,2,4,4,1,1,10,10,
same_instruction_count,exact_name,tisp_top_param_array_get,tisp_top_param_array_get,37,37,1.000000,0,148,148,0,0,2,2,1,1,6,6,
same_instruction_count,exact_name,lce_head_tail_search,lce_head_tail_search,36,36,1.000000,0,144,144,7,6,0,0,1,1,0,0,
same_instruction_count,exact_name,tx_isp_vin_reset,tx_isp_vin_reset,36,36,1.000000,0,144,144,6,4,2,2,1,1,4,6,
same_instruction_count,exact_name,ispcore_frame_channel_freebufs,ispcore_frame_channel_freebufs,35,35,1.000000,0,140,140,3,4,3,2,1,2,6,7,
same_instruction_count,exact_name,tisp_af_param_array_set,tisp_af_param_array_set,35,35,1.000000,0,140,140,0,0,3,3,1,1,6,6,
same_instruction_count,exact_name,tisp_af_param_array_get,tisp_af_param_array_get,34,34,1.000000,0,136,136,0,0,2,2,1,1,4,4,
same_instruction_count,exact_name,tisp_dpc_param_array_set,tisp_dpc_param_array_set,33,33,1.000000,0,132,132,0,0,4,4,1,1,8,8,
same_instruction_count,exact_name,tisp_gamma_deinit,tisp_gamma_deinit,33,33,1.000000,0,132,132,4,4,1,1,1,1,6,6,
same_instruction_count,exact_name,tisp_gib_dn_params_refresh,tisp_gib_dn_params_refresh,33,33,1.000000,0,132,132,1,1,3,3,1,1,8,8,
same_instruction_count,exact_name,tisp_lsc_deinit,tisp_lsc_deinit,33,33,1.000000,0,132,132,4,4,1,1,1,1,6,6,
same_instruction_count,exact_name,tisp_tstp_init,tisp_tstp_init,33,33,1.000000,0,132,132,0,0,3,3,1,1,16,16,
same_instruction_count,exact_name,tisp_code_tuning_open,tisp_code_tuning_open,29,29,1.000000,0,116,116,0,0,3,3,1,1,12,12,
same_instruction_count,exact_name,tisp_csc_api_set,tisp_csc_api_set,28,28,1.000000,0,112,112,3,3,2,2,1,1,9,10,
same_instruction_count,exact_name,private_copy_from_user,private_copy_from_user,27,27,1.000000,0,108,108,2,2,2,2,1,1,4,4,
same_instruction_count,exact_name,sensor_alloc_integration_time_short,sensor_alloc_integration_time_short,27,27,1.000000,0,108,108,2,1,1,1,1,2,2,4,
same_instruction_count,exact_name,tisp_defog_ev_update,tisp_defog_ev_update,27,27,1.000000,0,108,108,1,2,1,1,2,2,4,4,
same_instruction_count,exact_name,tisp_sdns_param_array_set,tisp_sdns_param_array_set,27,27,1.000000,0,108,108,0,0,2,2,1,1,6,6,
same_instruction_count,exact_name,tisp_wdr_param_array_set,tisp_wdr_param_array_set,27,27,1.000000,0,108,108,0,0,3,3,1,1,8,8,
same_instruction_count,exact_name,tisp_ydns_param_array_set,tisp_ydns_param_array_set,27,27,1.000000,0,108,108,0,0,2,3,1,1,6,8,
same_instruction_count,exact_name,isp_module_frame_done_wakeup,isp_module_frame_done_wakeup,26,26,1.000000,0,104,104,1,1,2,2,1,1,8,8,
same_instruction_count,exact_name,tisp_g_module_ratio_attr,tisp_g_module_ratio_attr,26,26,1.000000,0,104,104,0,0,0,0,1,1,2,2,
same_instruction_count,exact_name,ivdc_core_ops_ioctl,ivdc_core_ops_ioctl,25,25,1.000000,0,100,100,5,4,1,1,2,2,0,2,
same_instruction_count,exact_name,private_clk_prepare_enable,private_clk_prepare_enable,25,25,1.000000,0,100,100,2,2,3,3,1,1,6,6,
same_instruction_count,exact_name,sensor_fps_control,sensor_fps_control,25,25,1.000000,0,100,100,0,0,0,0,1,1,2,2,
same_instruction_count,exact_name,tisp_af_api_get_metric,tisp_af_api_get_metric,25,25,1.000000,0,100,100,0,0,0,0,1,1,4,4,
same_instruction_count,exact_name,tx_isp_reg_set,tx_isp_reg_set,24,24,1.000000,0,96,96,2,2,0,0,1,0,0,0,
same_instruction_count,exact_name,subdev_video_destroy_link,subdev_video_destroy_link,23,23,1.000000,0,92,92,3,3,0,0,1,1,0,0,
same_instruction_count,exact_name,tisp_hldc_param_array_set,tisp_hldc_param_array_set,23,23,1.000000,0,92,92,0,0,2,2,1,1,6,6,
same_instruction_count,exact_name,tisp_lce_dn_params_refresh,tisp_lce_dn_params_refresh,23,23,1.000000,0,92,92,0,0,2,2,1,1,6,6,
same_instruction_count,exact_name,isp_fw_process,isp_fw_process,21,21,1.000000,0,84,84,2,2,2,2,1,1,4,4,
same_instruction_count,exact_name,tisp_code_tuning_release,tisp_code_tuning_release,21,21,1.000000,0,84,84,0,0,2,2,1,1,10,10,
same_instruction_count,exact_name,tisp_tmo_gain_interp,tisp_tmo_gain_interp,21,21,1.000000,0,84,84,1,1,1,1,2,2,4,4,
same_instruction_count,exact_name,tisp_wdr_hardware_reg_refresh,tisp_wdr_hardware_reg_refresh,20,20,1.000000,0,80,80,0,0,3,3,1,1,6,6,
same_instruction_count,exact_name,private_mdelay,private_mdelay,18,18,1.000000,0,72,72,2,2,1,1,1,1,2,2,
same_instruction_count,exact_name,tisp_adr_ev_update,tisp_adr_ev_update,18,18,1.000000,0,72,72,0,0,0,0,1,1,4,4,
same_instruction_count,exact_name,tisp_adr_gamma_array_get,tisp_adr_gamma_array_get,18,18,1.000000,0,72,72,0,0,1,1,1,1,4,4,
same_instruction_count,exact_name,tisp_g_statis_config_attr,tisp_g_statis_config_attr,18,18,1.000000,0,72,72,0,0,1,1,1,1,4,4,
same_instruction_count,exact_name,tisp_tstp_param_array_get,tisp_tstp_param_array_get,18,18,1.000000,0,72,72,0,0,1,1,1,1,4,4,
same_instruction_count,exact_name,private_log2_fixed_to_fixed_64,private_log2_fixed_to_fixed_64,17,17,1.000000,0,68,68,0,0,1,1,1,1,2,2,
same_instruction_count,exact_name,tisp_g_ae_exprinfo_attr,tisp_g_ae_exprinfo_attr,16,16,1.000000,0,64,64,0,0,1,1,1,1,4,4,
same_instruction_count,exact_name,tisp_s_ae_exprinfo_attr,tisp_s_ae_exprinfo_attr,16,16,1.000000,0,64,64,0,0,1,1,1,1,4,4,
same_instruction_count,exact_name,tisp_tmo_gain_update,tisp_tmo_gain_update,16,16,1.000000,0,64,64,0,0,1,1,1,1,4,4,
same_instruction_count,exact_name,private_i_size_read,private_i_size_read,15,15,1.000000,0,60,60,3,3,0,0,1,1,0,0,
same_instruction_count,exact_name,tisp_disable_tuning,tisp_disable_tuning,15,15,1.000000,0,60,60,1,1,1,1,1,1,5,5,
same_instruction_count,exact_name,tisp_wdr_long_ev_update,tisp_wdr_long_ev_update,15,15,1.000000,0,60,60,0,0,0,0,1,1,4,4,
same_instruction_count,exact_name,tisp_wdr_short_ev_update,tisp_wdr_short_ev_update,15,15,1.000000,0,60,60,0,0,0,0,1,1,4,4,
same_instruction_count,exact_name,pop_buffer_fifo,pop_buffer_fifo,14,14,1.000000,0,56,56,1,1,0,0,2,2,0,0,
same_instruction_count,exact_name,private_request_mem_region,private_request_mem_region,14,14,1.000000,0,56,56,0,0,1,1,1,1,4,4,
same_instruction_count,exact_name,tisp_gamma_pm_resume,tisp_gamma_pm_resume,14,14,1.000000,0,56,56,0,0,2,2,1,1,4,4,
same_instruction_count,exact_name,tisp_set_ae_minmax,tisp_set_ae_minmax,14,14,1.000000,0,56,56,0,0,1,1,1,1,2,2,
same_instruction_count,exact_name,private_gpio_set_debounce,private_gpio_set_debounce,13,13,1.000000,0,52,52,1,1,1,1,0,0,4,4,
same_instruction_count,exact_name,private_log2_fixed_to_fixed,private_log2_fixed_to_fixed,13,13,1.000000,0,52,52,0,0,1,1,1,1,2,2,
same_instruction_count,exact_name,tisp_csccr_api_get,tisp_csccr_api_get,13,13,1.000000,0,52,52,0,0,1,1,1,1,4,4,
same_instruction_count,exact_name,private_gpio_direction_input,private_gpio_direction_input,12,12,1.000000,0,48,48,1,1,1,1,0,0,4,4,
same_instruction_count,exact_name,tisp_g_tmo_curve,tisp_g_tmo_curve,12,12,1.000000,0,48,48,0,0,1,1,1,1,2,2,
same_instruction_count,exact_name,tisp_max,tisp_max,12,12,1.000000,0,48,48,3,3,0,0,1,1,0,0,
same_instruction_count,exact_name,tisp_min,tisp_min,12,12,1.000000,0,48,48,3,3,0,0,1,1,0,0,
same_instruction_count,exact_name,fix_point_mult3_32,fix_point_mult3_32,11,11,1.000000,0,44,44,0,1,1,1,0,0,2,2,
same_instruction_count,exact_name,tisp_ae_api_get_gobal_roi_luma,tisp_ae_api_get_gobal_roi_luma,11,11,1.000000,0,44,44,0,0,0,0,1,1,2,2,
same_instruction_count,exact_name,tisp_awb_algo_deinit_internal,tisp_awb_algo_deinit_internal,11,11,1.000000,0,44,44,1,1,0,0,1,1,2,2,
same_instruction_count,exact_name,tiziano_adr_tgain_func,tiziano_adr_tgain_func,11,11,1.000000,0,44,44,1,1,0,0,1,1,2,2,
same_instruction_count,exact_name,system_irq_func_set,system_irq_func_set,10,10,1.000000,0,40,40,0,0,0,0,1,1,2,2,
same_instruction_count,exact_name,tisp_adr_pm_resume,tisp_adr_pm_resume,10,10,1.000000,0,40,40,0,0,1,1,1,1,2,2,
same_instruction_count,exact_name,tisp_ae_face_set,tisp_ae_face_set,10,10,1.000000,0,40,40,0,0,1,1,1,1,2,2,
same_instruction_count,exact_name,tisp_ae_get_fps,tisp_ae_get_fps,10,10,1.000000,0,40,40,0,0,1,1,1,1,2,2,
same_instruction_count,exact_name,tisp_af_calc_process,tisp_af_calc_process,10,10,1.000000,0,40,40,0,0,1,1,1,1,2,2,
same_instruction_count,exact_name,tisp_dmsc_refresh,tisp_dmsc_refresh,10,10,1.000000,0,40,40,0,0,1,1,1,1,2,2,
same_instruction_count,exact_name,tisp_event_set_cb,tisp_event_set_cb,10,10,1.000000,0,40,40,0,0,0,0,1,1,2,2,
same_instruction_count,exact_name,tisp_fw_process,tisp_fw_process,10,10,1.000000,0,40,40,0,0,1,1,1,1,2,2,
same_instruction_count,exact_name,tisp_g_Gamma,tisp_g_Gamma,10,10,1.000000,0,40,40,0,0,1,1,1,1,2,2,
same_instruction_count,exact_name,tisp_g_ae_scence_attr,tisp_g_ae_scence_attr,10,10,1.000000,0,40,40,0,0,1,1,1,1,2,2,
same_instruction_count,exact_name,tisp_g_ae_weight_attr,tisp_g_ae_weight_attr,10,10,1.000000,0,40,40,0,0,1,1,1,1,2,2,
same_instruction_count,exact_name,tisp_g_antiflick,tisp_g_antiflick,10,10,1.000000,0,40,40,0,0,1,1,1,1,2,2,
same_instruction_count,exact_name,tisp_g_awb_global_statis_attr,tisp_g_awb_global_statis_attr,10,10,1.000000,0,40,40,0,0,1,1,1,1,2,2,
same_instruction_count,exact_name,tisp_g_awb_statis_attr,tisp_g_awb_statis_attr,10,10,1.000000,0,40,40,0,0,1,1,1,1,2,2,
same_instruction_count,exact_name,tisp_g_mdns_ai_par,tisp_g_mdns_ai_par,10,10,1.000000,0,40,40,0,0,1,1,1,1,2,2,
same_instruction_count,exact_name,tisp_get_antiflicker_step,tisp_get_antiflicker_step,10,10,1.000000,0,40,40,0,0,1,1,1,1,2,2,
same_instruction_count,exact_name,tisp_hldc_dn_params_refresh,tisp_hldc_dn_params_refresh,10,10,1.000000,0,40,40,0,0,1,1,1,1,2,2,
same_instruction_count,exact_name,tisp_lce_pm_resume,tisp_lce_pm_resume,10,10,1.000000,0,40,40,0,0,1,1,1,1,2,2,
same_instruction_count,exact_name,tisp_lsc_hvflip,tisp_lsc_hvflip,10,10,1.000000,0,40,40,0,0,1,1,1,1,2,2,
same_instruction_count,exact_name,tisp_s_Gamma,tisp_s_Gamma,10,10,1.000000,0,40,40,0,0,1,1,1,1,2,2,
same_instruction_count,exact_name,tisp_s_ae_scence_attr,tisp_s_ae_scence_attr,10,10,1.000000,0,40,40,0,0,1,1,1,1,2,2,
same_instruction_count,exact_name,tisp_s_ae_weight_attr,tisp_s_ae_weight_attr,10,10,1.000000,0,40,40,0,0,1,1,1,1,2,2,
same_instruction_count,exact_name,tisp_s_antiflick,tisp_s_antiflick,10,10,1.000000,0,40,40,0,0,1,1,1,1,2,2,
same_instruction_count,exact_name,tisp_ysp_refresh,tisp_ysp_refresh,10,10,1.000000,0,40,40,0,0,1,1,1,1,2,2,
same_instruction_count,exact_name,api_ae_get_tgain,api_ae_get_tgain,9,9,1.000000,0,36,36,0,0,0,0,1,1,2,2,
same_instruction_count,exact_name,private_init_completion,private_init_completion,9,9,1.000000,0,36,36,1,1,0,0,0,0,6,6,
same_instruction_count,exact_name,sensor_early_init,sensor_early_init,9,9,1.000000,0,36,36,2,2,0,0,1,1,3,3,
same_instruction_count,exact_name,sensor_get_id,sensor_get_id,9,9,1.000000,0,36,36,0,0,0,0,1,1,2,2,
same_instruction_count,exact_name,tisp_ae_api_get_fps,tisp_ae_api_get_fps,9,9,1.000000,0,36,36,0,0,0,0,1,1,2,2,
same_instruction_count,exact_name,tisp_sync_ivdc_state,tisp_sync_ivdc_state,8,8,1.000000,0,32,32,0,0,0,0,1,1,2,2,
same_instruction_count,exact_name,fix_point_add,fix_point_add,7,7,1.000000,0,28,28,0,0,0,0,1,1,0,0,
same_instruction_count,exact_name,fix_point_add_64,fix_point_add_64,7,7,1.000000,0,28,28,0,0,0,0,1,1,0,0,
same_instruction_count,exact_name,tisp_set_sharpness,tisp_set_sharpness,7,7,1.000000,0,28,28,0,0,0,0,0,1,4,2,
same_instruction_count,exact_name,private_i2c_add_driver,private_i2c_add_driver,6,6,1.000000,0,24,24,1,1,0,0,0,0,4,4,
same_instruction_count,exact_name,private_platform_driver_register,private_platform_driver_register,5,5,1.000000,0,20,20,1,1,0,0,0,0,4,4,
same_instruction_count,exact_name,tisp_adr_pm_get_regsize,tisp_adr_pm_get_regsize,5,5,1.000000,0,20,20,0,0,0,0,1,1,0,0,
same_instruction_count,exact_name,tisp_ae_pm_get_regsize,tisp_ae_pm_get_regsize,5,5,1.000000,0,20,20,0,0,0,0,1,1,0,0,
same_instruction_count,exact_name,tisp_af_pm_get_regsize,tisp_af_pm_get_regsize,5,5,1.000000,0,20,20,0,0,0,0,1,1,0,0,
same_instruction_count,exact_name,tisp_awb_pm_get_regsize,tisp_awb_pm_get_regsize,5,5,1.000000,0,20,20,0,0,0,0,1,1,0,0,
same_instruction_count,exact_name,tisp_bcsh_pm_get_regsize,tisp_bcsh_pm_get_regsize,5,5,1.000000,0,20,20,0,0,0,0,1,1,0,0,
same_instruction_count,exact_name,tisp_blc_pm_get_regsize,tisp_blc_pm_get_regsize,5,5,1.000000,0,20,20,0,0,0,0,1,1,0,0,
same_instruction_count,exact_name,tisp_ccm_pm_get_regsize,tisp_ccm_pm_get_regsize,5,5,1.000000,0,20,20,0,0,0,0,1,1,0,0,
same_instruction_count,exact_name,tisp_cdns_pm_get_regsize,tisp_cdns_pm_get_regsize,5,5,1.000000,0,20,20,0,0,0,0,1,1,0,0,
same_instruction_count,exact_name,tisp_clm_pm_get_regsize,tisp_clm_pm_get_regsize,5,5,1.000000,0,20,20,0,0,0,0,1,1,0,0,
same_instruction_count,exact_name,tisp_csc_pm_get_regsize,tisp_csc_pm_get_regsize,5,5,1.000000,0,20,20,0,0,0,0,1,1,0,0,
same_instruction_count,exact_name,tisp_defog_pm_get_regsize,tisp_defog_pm_get_regsize,5,5,1.000000,0,20,20,0,0,0,0,1,1,0,0,
same_instruction_count,exact_name,tisp_dmsc_pm_get_regsize,tisp_dmsc_pm_get_regsize,5,5,1.000000,0,20,20,0,0,0,0,1,1,0,0,
same_instruction_count,exact_name,tisp_dpc_pm_get_regsize,tisp_dpc_pm_get_regsize,5,5,1.000000,0,20,20,0,0,0,0,1,1,0,0,
same_instruction_count,exact_name,tisp_g_wdr_en,tisp_g_wdr_en,5,5,1.000000,0,20,20,0,0,0,0,1,1,2,2,
same_instruction_count,exact_name,tisp_gib_pm_get_regsize,tisp_gib_pm_get_regsize,5,5,1.000000,0,20,20,0,0,0,0,1,1,0,0,
same_instruction_count,exact_name,tisp_gsm_pm_get_regsize,tisp_gsm_pm_get_regsize,5,5,1.000000,0,20,20,0,0,0,0,1,1,0,0,
same_instruction_count,exact_name,tisp_hldc_pm_get_regsize,tisp_hldc_pm_get_regsize,5,5,1.000000,0,20,20,0,0,0,0,1,1,0,0,
same_instruction_count,exact_name,tisp_lce_pm_get_regsize,tisp_lce_pm_get_regsize,5,5,1.000000,0,20,20,0,0,0,0,1,1,0,0,
same_instruction_count,exact_name,tisp_lsc_pm_get_regsize,tisp_lsc_pm_get_regsize,5,5,1.000000,0,20,20,0,0,0,0,1,1,0,0,
same_instruction_count,exact_name,tisp_mdns_pm_get_regsize,tisp_mdns_pm_get_regsize,5,5,1.000000,0,20,20,0,0,0,0,1,1,0,0,
same_instruction_count,exact_name,tisp_msca_pm_get_regsize,tisp_msca_pm_get_regsize,5,5,1.000000,0,20,20,0,0,0,0,1,1,0,0,
same_instruction_count,exact_name,tisp_sdns_pm_get_regsize,tisp_sdns_pm_get_regsize,5,5,1.000000,0,20,20,0,0,0,0,1,1,0,0,
same_instruction_count,exact_name,tisp_tmo_pm_get_regsize,tisp_tmo_pm_get_regsize,5,5,1.000000,0,20,20,0,0,0,0,1,1,0,0,
same_instruction_count,exact_name,tisp_tstp_pm_get_regsize,tisp_tstp_pm_get_regsize,5,5,1.000000,0,20,20,0,0,0,0,1,1,0,0,
same_instruction_count,exact_name,tisp_ydns_pm_get_regsize,tisp_ydns_pm_get_regsize,5,5,1.000000,0,20,20,0,0,0,0,1,1,0,0,
same_instruction_count,exact_name,tisp_ysp_pm_get_regsize,tisp_ysp_pm_get_regsize,5,5,1.000000,0,20,20,0,0,0,0,1,1,0,0,
same_instruction_count,exact_name,cleanup_module,cleanup_module,4,4,1.000000,0,16,16,1,1,0,0,0,0,2,2,
same_instruction_count,exact_name,private_class_destroy,private_class_destroy,4,4,1.000000,0,16,16,1,1,0,0,0,0,2,2,
same_instruction_count,exact_name,private_clk_get_rate,private_clk_get_rate,4,4,1.000000,0,16,16,1,1,0,0,0,0,2,2,
same_instruction_count,exact_name,private_clk_put,private_clk_put,4,4,1.000000,0,16,16,1,1,0,0,0,0,2,2,
same_instruction_count,exact_name,private_clk_set_parent,private_clk_set_parent,4,4,1.000000,0,16,16,1,1,0,0,0,0,2,2,
same_instruction_count,exact_name,private_clk_set_rate,private_clk_set_rate,4,4,1.000000,0,16,16,1,1,0,0,0,0,2,2,
same_instruction_count,exact_name,private_complete,private_complete,4,4,1.000000,0,16,16,1,1,0,0,0,0,2,2,
same_instruction_count,exact_name,private_devm_clk_get,private_devm_clk_get,4,4,1.000000,0,16,16,1,1,0,0,0,0,2,2,
same_instruction_count,exact_name,private_devm_clk_put,private_devm_clk_put,4,4,1.000000,0,16,16,1,1,0,0,0,0,2,2,
same_instruction_count,exact_name,private_disable_irq,private_disable_irq,4,4,1.000000,0,16,16,1,1,0,0,0,0,2,2,
same_instruction_count,exact_name,private_do_gettimeofday,private_do_gettimeofday,4,4,1.000000,0,16,16,1,1,0,0,0,0,2,2,
same_instruction_count,exact_name,private_enable_irq,private_enable_irq,4,4,1.000000,0,16,16,1,1,0,0,0,0,2,2,
same_instruction_count,exact_name,private_free_irq,private_free_irq,4,4,1.000000,0,16,16,1,1,0,0,0,0,2,2,
same_instruction_count,exact_name,private_get_fs,private_get_fs,4,4,1.000000,0,16,16,0,0,0,0,1,1,0,0,
same_instruction_count,exact_name,private_gpio_request,private_gpio_request,4,4,1.000000,0,16,16,1,1,0,0,0,0,2,2,
same_instruction_count,exact_name,private_i2c_del_driver,private_i2c_del_driver,4,4,1.000000,0,16,16,1,1,0,0,0,0,2,2,
same_instruction_count,exact_name,private_i2c_get_adapter,private_i2c_get_adapter,4,4,1.000000,0,16,16,1,1,0,0,0,0,2,2,
same_instruction_count,exact_name,private_i2c_new_device,private_i2c_new_device,4,4,1.000000,0,16,16,1,1,0,0,0,0,2,2,
same_instruction_count,exact_name,private_i2c_put_adapter,private_i2c_put_adapter,4,4,1.000000,0,16,16,1,1,0,0,0,0,2,2,
same_instruction_count,exact_name,private_i2c_register_driver,private_i2c_register_driver,4,4,1.000000,0,16,16,1,1,0,0,0,0,2,2,
same_instruction_count,exact_name,private_i2c_transfer,private_i2c_transfer,4,4,1.000000,0,16,16,1,1,0,0,0,0,2,2,
same_instruction_count,exact_name,private_i2c_unregister_device,private_i2c_unregister_device,4,4,1.000000,0,16,16,1,1,0,0,0,0,2,2,
same_instruction_count,exact_name,private_ioremap,private_ioremap,4,4,1.000000,0,16,16,1,1,0,0,0,0,2,2,
same_instruction_count,exact_name,private_iounmap,private_iounmap,4,4,1.000000,0,16,16,1,1,0,0,0,0,2,2,
same_instruction_count,exact_name,private_jz_proc_mkdir,private_jz_proc_mkdir,4,4,1.000000,0,16,16,1,1,0,0,0,0,2,2,
same_instruction_count,exact_name,private_jzgpio_set_func,private_jzgpio_set_func,4,4,1.000000,0,16,16,1,1,0,0,0,0,2,2,
same_instruction_count,exact_name,private_kfree,private_kfree,4,4,1.000000,0,16,16,1,1,0,0,0,0,2,2,
same_instruction_count,exact_name,private_kmalloc,private_kmalloc,4,4,1.000000,0,16,16,1,1,0,0,0,0,2,2,
same_instruction_count,exact_name,private_kthread_stop,private_kthread_stop,4,4,1.000000,0,16,16,1,1,0,0,0,0,2,2,
same_instruction_count,exact_name,private_misc_register,private_misc_register,4,4,1.000000,0,16,16,1,1,0,0,0,0,2,2,
same_instruction_count,exact_name,private_module_put,private_module_put,4,4,1.000000,0,16,16,1,1,0,0,0,0,2,2,
same_instruction_count,exact_name,private_msleep,private_msleep,4,4,1.000000,0,16,16,1,1,0,0,0,0,2,2,
same_instruction_count,exact_name,private_mutex_unlock,private_mutex_unlock,4,4,1.000000,0,16,16,1,1,0,0,0,0,2,2,
same_instruction_count,exact_name,private_platform_device_register,private_platform_device_register,4,4,1.000000,0,16,16,1,1,0,0,0,0,2,2,
same_instruction_count,exact_name,private_platform_get_irq,private_platform_get_irq,4,4,1.000000,0,16,16,1,1,0,0,0,0,2,2,
same_instruction_count,exact_name,private_platform_get_resource,private_platform_get_resource,4,4,1.000000,0,16,16,1,1,0,0,0,0,2,2,
same_instruction_count,exact_name,private_proc_create_data,private_proc_create_data,4,4,1.000000,0,16,16,1,1,0,0,0,0,2,2,
same_instruction_count,exact_name,private_remap_pfn_range,private_remap_pfn_range,4,4,1.000000,0,16,16,1,1,0,0,0,0,2,2,
same_instruction_count,exact_name,private_request_threaded_irq,private_request_threaded_irq,4,4,1.000000,0,16,16,1,1,0,0,0,0,2,2,
same_instruction_count,exact_name,private_sched_clock,private_sched_clock,4,4,1.000000,0,16,16,1,1,0,0,0,0,2,2,
same_instruction_count,exact_name,private_set_current_state,private_set_current_state,4,4,1.000000,0,16,16,0,0,0,0,1,1,0,2,
same_instruction_count,exact_name,private_single_open_size,private_single_open_size,4,4,1.000000,0,16,16,1,1,0,0,0,0,2,2,
same_instruction_count,exact_name,private_single_release,private_single_release,4,4,1.000000,0,16,16,1,1,0,0,0,0,2,2,
same_instruction_count,exact_name,private_try_module_get,private_try_module_get,4,4,1.000000,0,16,16,1,1,0,0,0,0,2,2,
same_instruction_count,exact_name,private_vfree,private_vfree,4,4,1.000000,0,16,16,1,1,0,0,0,0,2,2,
same_instruction_count,exact_name,private_vfs_write,private_vfs_write,4,4,1.000000,0,16,16,1,1,0,0,0,0,2,2,
same_instruction_count,exact_name,private_vmalloc,private_vmalloc,4,4,1.000000,0,16,16,1,1,0,0,0,0,2,2,
same_instruction_count,exact_name,private_wait_for_completion_interruptible,private_wait_for_completion_interruptible,4,4,1.000000,0,16,16,1,1,0,0,0,0,2,2,
same_instruction_count,exact_name,private_wait_for_completion_timeout,private_wait_for_completion_timeout,4,4,1.000000,0,16,16,1,1,0,0,0,0,2,2,
same_instruction_count,exact_name,tisp_get_ae_info,tisp_get_ae_info,4,4,1.000000,0,16,16,0,0,0,0,1,1,0,0,
same_instruction_count,exact_name,get_clk_name,get_clk_name,3,3,1.000000,0,12,12,0,0,0,0,1,1,2,2,
same_instruction_count,exact_name,get_clka_name,get_clka_name,3,3,1.000000,0,12,12,0,0,0,0,1,1,2,2,
same_instruction_count,exact_name,get_clks_name,get_clks_name,3,3,1.000000,0,12,12,0,0,0,0,1,1,2,2,
same_instruction_count,exact_name,get_isp_clk,get_isp_clk,3,3,1.000000,0,12,12,0,0,0,0,1,1,2,2,
same_instruction_count,exact_name,get_isp_clka,get_isp_clka,3,3,1.000000,0,12,12,0,0,0,0,1,1,2,2,
same_instruction_count,exact_name,get_isp_clks,get_isp_clks,3,3,1.000000,0,12,12,0,0,0,0,1,1,2,2,
same_instruction_count,exact_name,get_isp_memopt,get_isp_memopt,3,3,1.000000,0,12,12,0,0,0,0,1,1,2,2,
same_instruction_count,exact_name,private_atomic_set,private_atomic_set,3,3,1.000000,0,12,12,0,0,0,0,1,1,0,0,
same_instruction_count,exact_name,tisp_get_tuning,tisp_get_tuning,3,3,1.000000,0,12,12,0,0,0,0,1,1,2,2,
same_instruction_count,exact_name,aisp_core_tunning_open,aisp_core_tunning_open,2,2,1.000000,0,8,8,0,0,0,0,1,1,0,0,
same_instruction_count,exact_name,aisp_core_tunning_release,aisp_core_tunning_release,2,2,1.000000,0,8,8,0,0,0,0,1,1,0,0,
same_instruction_count,exact_name,aisp_save_cmd_set,aisp_save_cmd_set,2,2,1.000000,0,8,8,0,0,0,0,1,1,0,0,
same_instruction_count,exact_name,dump_msca_regs,dump_msca_regs,2,2,1.000000,0,8,8,0,0,0,0,1,1,0,0,
same_instruction_count,exact_name,fix_point_add_32,fix_point_add_32,2,2,1.000000,0,8,8,0,0,0,0,1,1,0,0,
same_instruction_count,exact_name,ispcore_frame_channel_ir_freebufs,ispcore_frame_channel_ir_freebufs,2,2,1.000000,0,8,8,0,0,0,0,1,1,0,0,
same_instruction_count,exact_name,ispcore_frame_channel_ir_reqbufs,ispcore_frame_channel_ir_reqbufs,2,2,1.000000,0,8,8,0,0,0,0,1,1,0,0,
same_instruction_count,exact_name,ispcore_frame_channel_ir_set_fmt,ispcore_frame_channel_ir_set_fmt,2,2,1.000000,0,8,8,0,0,0,0,1,1,0,0,
same_instruction_count,exact_name,ispcore_frame_channel_ir_streamoff,ispcore_frame_channel_ir_streamoff,2,2,1.000000,0,8,8,0,0,0,0,1,1,0,0,
same_instruction_count,exact_name,ispcore_frame_channel_ir_streamon,ispcore_frame_channel_ir_streamon,2,2,1.000000,0,8,8,0,0,0,0,1,1,0,0,
same_instruction_count,exact_name,ispcore_irq_thread_handle,ispcore_irq_thread_handle,2,2,1.000000,0,8,8,0,0,0,0,1,1,0,0,
same_instruction_count,exact_name,ispcore_link_setup,ispcore_link_setup,2,2,1.000000,0,8,8,0,0,0,0,1,1,0,0,
same_instruction_count,exact_name,ivdc_link_setup,ivdc_link_setup,2,2,1.000000,0,8,8,0,0,0,0,1,1,0,0,
same_instruction_count,exact_name,ivdc_misc_open,ivdc_misc_open,2,2,1.000000,0,8,8,0,0,0,0,1,1,0,0,
same_instruction_count,exact_name,ivdc_misc_read,ivdc_misc_read,2,2,1.000000,0,8,8,0,0,0,0,1,1,0,0,
same_instruction_count,exact_name,ivdc_misc_release,ivdc_misc_release,2,2,1.000000,0,8,8,0,0,0,0,1,1,0,0,
same_instruction_count,exact_name,ivdc_video_s_stream,ivdc_video_s_stream,2,2,1.000000,0,8,8,0,0,0,0,1,1,0,0,
same_instruction_count,exact_name,private_dev_get_drvdata,private_dev_get_drvdata,2,2,1.000000,0,8,8,0,0,0,0,1,1,0,0,
same_instruction_count,exact_name,private_file_inode,private_file_inode,2,2,1.000000,0,8,8,0,0,0,0,1,1,0,0,
same_instruction_count,exact_name,private_get_init_net,private_get_init_net,2,2,1.000000,0,8,8,0,0,0,0,1,1,0,0,
same_instruction_count,exact_name,private_i2c_get_clientdata,private_i2c_get_clientdata,2,2,1.000000,0,8,8,0,0,0,0,1,1,0,0,
same_instruction_count,exact_name,private_i2c_set_clientdata,private_i2c_set_clientdata,2,2,1.000000,0,8,8,0,0,0,0,1,1,0,0,
same_instruction_count,exact_name,private_platform_get_drvdata,private_platform_get_drvdata,2,2,1.000000,0,8,8,0,0,0,0,1,1,0,0,
same_instruction_count,exact_name,private_set_fs,private_set_fs,2,2,1.000000,0,8,8,0,0,0,0,1,1,0,0,
same_instruction_count,exact_name,sensor_disable_isp,sensor_disable_isp,2,2,1.000000,0,8,8,0,0,0,0,1,1,0,0,
same_instruction_count,exact_name,sensor_end_changes,sensor_end_changes,2,2,1.000000,0,8,8,0,0,0,0,1,1,0,0,
same_instruction_count,exact_name,sensor_get_lines_per_second,sensor_get_lines_per_second,2,2,1.000000,0,8,8,0,0,0,0,1,1,0,0,
same_instruction_count,exact_name,sensor_hw_reset_disable,sensor_hw_reset_disable,2,2,1.000000,0,8,8,0,0,0,0,1,1,0,0,
same_instruction_count,exact_name,sensor_hw_reset_enable,sensor_hw_reset_enable,2,2,1.000000,0,8,8,0,0,0,0,1,1,0,0,
same_instruction_count,exact_name,sensor_read_black_pedestal,sensor_read_black_pedestal,2,2,1.000000,0,8,8,0,0,0,0,1,1,0,0,
same_instruction_count,exact_name,sensor_set_wdr_mode,sensor_set_wdr_mode,2,2,1.000000,0,8,8,0,0,0,0,1,1,0,0,
same_instruction_count,exact_name,sensor_start_changes,sensor_start_changes,2,2,1.000000,0,8,8,0,0,0,0,1,1,0,0,
same_instruction_count,exact_name,tisp_activate_all,tisp_activate_all,2,2,1.000000,0,8,8,0,0,0,0,1,1,0,0,
same_instruction_count,exact_name,tisp_ae_ir_update,tisp_ae_ir_update,2,2,1.000000,0,8,8,0,0,0,0,1,1,0,0,
same_instruction_count,exact_name,tisp_awb_face_get,tisp_awb_face_get,2,2,1.000000,0,8,8,0,0,0,0,1,1,0,0,
same_instruction_count,exact_name,tisp_awb_face_set,tisp_awb_face_set,2,2,1.000000,0,8,8,0,0,0,0,1,1,0,0,
same_instruction_count,exact_name,tisp_bcsh_pm_resume,tisp_bcsh_pm_resume,2,2,1.000000,0,8,8,0,0,0,0,1,1,0,0,
same_instruction_count,exact_name,tisp_defog_api_get_strength,tisp_defog_api_get_strength,2,2,1.000000,0,8,8,0,0,0,0,1,1,0,0,
same_instruction_count,exact_name,tisp_defog_api_set_strength,tisp_defog_api_set_strength,2,2,1.000000,0,8,8,0,0,0,0,1,1,0,0,
same_instruction_count,exact_name,tisp_function_clear,tisp_function_clear,2,2,1.000000,0,8,8,0,0,0,0,1,1,0,0,
same_instruction_count,exact_name,tisp_gamma_api_get,tisp_gamma_api_get,2,2,1.000000,0,8,8,0,0,0,0,1,1,0,0,
same_instruction_count,exact_name,tisp_gamma_api_set,tisp_gamma_api_set,2,2,1.000000,0,8,8,0,0,0,0,1,1,0,0,
same_instruction_count,exact_name,tisp_gamma_pm_get_regsize,tisp_gamma_pm_get_regsize,2,2,1.000000,0,8,8,0,0,0,0,1,1,0,0,
same_instruction_count,exact_name,tisp_gamma_pm_suspend,tisp_gamma_pm_suspend,2,2,1.000000,0,8,8,0,0,0,0,1,1,0,0,
same_instruction_count,exact_name,tisp_get_wdr_output_mode,tisp_get_wdr_output_mode,2,2,1.000000,0,8,8,0,0,0,0,1,1,0,0,
same_instruction_count,exact_name,tisp_gib_ir_hist_update,tisp_gib_ir_hist_update,2,2,1.000000,0,8,8,0,0,0,0,1,1,0,0,
same_instruction_count,exact_name,tisp_gsm_pm_resume,tisp_gsm_pm_resume,2,2,1.000000,0,8,8,0,0,0,0,1,1,0,0,
same_instruction_count,exact_name,tisp_hldc_api_get,tisp_hldc_api_get,2,2,1.000000,0,8,8,0,0,0,0,1,1,0,0,
same_instruction_count,exact_name,tisp_hldc_api_set,tisp_hldc_api_set,2,2,1.000000,0,8,8,0,0,0,0,1,1,0,0,
same_instruction_count,exact_name,tisp_lce_get_debug,tisp_lce_get_debug,2,2,1.000000,0,8,8,0,0,0,0,1,1,0,0,
same_instruction_count,exact_name,tisp_long_again_update,tisp_long_again_update,2,2,1.000000,0,8,8,0,0,0,0,1,1,0,0,
same_instruction_count,exact_name,tisp_msca_state,tisp_msca_state,2,2,1.000000,0,8,8,0,0,0,0,1,1,0,0,
same_instruction_count,exact_name,tisp_raw_pm_get_regsize,tisp_raw_pm_get_regsize,2,2,1.000000,0,8,8,0,0,0,0,1,1,0,0,
same_instruction_count,exact_name,tisp_raw_pm_resume,tisp_raw_pm_resume,2,2,1.000000,0,8,8,0,0,0,0,1,1,0,0,
same_instruction_count,exact_name,tisp_raw_pm_suspend,tisp_raw_pm_suspend,2,2,1.000000,0,8,8,0,0,0,0,1,1,0,0,
same_instruction_count,exact_name,tisp_set_wdr_output_mode,tisp_set_wdr_output_mode,2,2,1.000000,0,8,8,0,0,0,0,1,1,0,0,
same_instruction_count,exact_name,tisp_tstp_pm_resume,tisp_tstp_pm_resume,2,2,1.000000,0,8,8,0,0,0,0,1,1,0,0,
same_instruction_count,exact_name,tisp_wdr_long_tgain_update,tisp_wdr_long_tgain_update,2,2,1.000000,0,8,8,0,0,0,0,1,1,0,0,
same_instruction_count,exact_name,tx_isp_release_device,tx_isp_release_device,2,2,1.000000,0,8,8,0,0,0,0,1,1,0,0,
same_instruction_count,exact_name,tx_isp_release_ldc_device,tx_isp_release_ldc_device,2,2,1.000000,0,8,8,0,0,0,0,1,1,0,0,
same_instruction_count,exact_name,vic_frame_channel_reqbufs,vic_frame_channel_reqbufs,2,2,1.000000,0,8,8,0,0,0,0,1,1,0,0,
