/*
 * Generated T40 CLM literal chain from OEM tx-isp-t40.ko.
 * Default-off until live validation. Native recovered CLM has GP-relative
 * decompiler artifacts, so this include is self-contained.
 */
static bool regtrace_enable_clm;
static uint32_t regtrace_clm_stage_limit;
static uint32_t regtrace_clm_defer_trig;
static uint32_t regtrace_clm_stage_reached;
static int32_t regtrace_clm_last_ret;
module_param_named(enable_clm, regtrace_enable_clm, bool, 0644);
module_param_named(clm_stage_limit, regtrace_clm_stage_limit, uint, 0644);
module_param_named(clm_defer_trig, regtrace_clm_defer_trig, uint, 0644);
module_param_named(clm_stage_reached, regtrace_clm_stage_reached, uint, 0444);
module_param_named(clm_last_ret, regtrace_clm_last_ret, int, 0444);

static uint32_t pstMainClmOri_lit[18];
static uint32_t pstSecClmOri_lit[18];
static uintptr_t stMainClmOuter_lit;
static uintptr_t stSecClmOuter_lit;

static unsigned char __attribute__((aligned(4))) stMainClmInterOri_lit[6548] = {
    0x00, 0x00, 0x00, 0x00, 0x00, 0x00, 0x00, 0x00, 0x00, 0x00, 0x00, 0x00, 0x00, 0x00, 0x00, 0x00,
    0x00, 0x00, 0x00, 0x00, 0x00, 0x00, 0x00, 0x00, 0x00, 0x00, 0x00, 0x00, 0x00, 0x00, 0x00, 0x00,
    0x00, 0x00, 0x00, 0x00, 0x00, 0x00, 0x00, 0x00, 0x00, 0x00, 0x00, 0x00, 0x00, 0x00, 0x00, 0x00,
    0x00, 0x00, 0x00, 0x00, 0x00, 0x00, 0x00, 0x00, 0x00, 0x00, 0x00, 0x00, 0x00, 0x00, 0x00, 0x00,
    0x00, 0x00, 0x00, 0x00, 0x00, 0x00, 0x00, 0x00, 0x00, 0x00, 0x00, 0x00, 0x00, 0x00, 0x00, 0x00,
    0x00, 0x00, 0x00, 0x00, 0x00, 0x00, 0x00, 0x00, 0x00, 0x00, 0x00, 0x00, 0x00, 0x00, 0x00, 0x00,
    0x00, 0x00, 0x00, 0x00, 0x00, 0x00, 0x00, 0x00, 0x00, 0x00, 0x00, 0x00, 0x00, 0x00, 0x00, 0x00,
    0x00, 0x00, 0x00, 0x00, 0x00, 0x00, 0x00, 0x00, 0x00, 0x00, 0x00, 0x00, 0x00, 0x00, 0x00, 0x00,
    0x00, 0x00, 0x00, 0x00, 0x00, 0x00, 0x00, 0x00, 0x00, 0x00, 0x00, 0x00, 0x00, 0x00, 0x00, 0x00,
    0x00, 0x00, 0x00, 0x00, 0x00, 0x00, 0x00, 0x00, 0x00, 0x00, 0x00, 0x00, 0x00, 0x00, 0x00, 0x00,
    0x00, 0x00, 0x00, 0x00, 0x00, 0x00, 0x00, 0x00, 0x00, 0x00, 0x00, 0x00, 0x00, 0x00, 0x00, 0x00,
    0x00, 0x00, 0x00, 0x00, 0x00, 0x00, 0x00, 0x00, 0x00, 0x00, 0x00, 0x00, 0x00, 0x00, 0x00, 0x00,
    0x00, 0x00, 0x00, 0x00, 0x00, 0x00, 0x00, 0x00, 0x00, 0x00, 0x00, 0x00, 0x00, 0x00, 0x00, 0x00,
    0x00, 0x00, 0x00, 0x00, 0x00, 0x00, 0x00, 0x00, 0x00, 0x00, 0x00, 0x00, 0x00, 0x00, 0x00, 0x00,
    0x00, 0x00, 0x00, 0x00, 0x00, 0x00, 0x00, 0x00, 0x00, 0x00, 0x00, 0x00, 0x00, 0x00, 0x00, 0x00,
    0x00, 0x00, 0x00, 0x00, 0x00, 0x00, 0x00, 0x00, 0x00, 0x00, 0x00, 0x00, 0x00, 0x00, 0x00, 0x00,
    0x00, 0x00, 0x00, 0x00, 0x00, 0x00, 0x00, 0x00, 0x00, 0x00, 0x00, 0x00, 0x00, 0x00, 0x00, 0x00,
    0x00, 0x00, 0x00, 0x00, 0x00, 0x00, 0x00, 0x00, 0x00, 0x00, 0x00, 0x00, 0x00, 0x00, 0x00, 0x00,
    0x00, 0x00, 0x00, 0x00, 0x00, 0x00, 0x00, 0x00, 0x00, 0x00, 0x00, 0x00, 0x00, 0x00, 0x00, 0x00,
    0x00, 0x00, 0x00, 0x00, 0x00, 0x00, 0x00, 0x00, 0x00, 0x00, 0x00, 0x00, 0x00, 0x00, 0x00, 0x00,
    0x00, 0x00, 0x00, 0x00, 0x00, 0x00, 0x00, 0x00, 0x00, 0x00, 0x00, 0x00, 0x00, 0x00, 0x00, 0x00,
    0x00, 0x00, 0x00, 0x00, 0x00, 0x00, 0x00, 0x00, 0x00, 0x00, 0x00, 0x00, 0x00, 0x00, 0x00, 0x00,
    0x00, 0x00, 0x00, 0x00, 0x00, 0x00, 0x00, 0x00, 0x00, 0x00, 0x00, 0x00, 0x00, 0x00, 0x00, 0x00,
    0x00, 0x00, 0x00, 0x00, 0x00, 0x00, 0x00, 0x00, 0x00, 0x00, 0x00, 0x00, 0x00, 0x00, 0x00, 0x00,
    0x00, 0x00, 0x00, 0x00, 0x00, 0x00, 0x00, 0x00, 0x00, 0x00, 0x00, 0x00, 0x00, 0x00, 0x00, 0x00,
    0x00, 0x00, 0x00, 0x00, 0x00, 0x00, 0x00, 0x00, 0x00, 0x00, 0x00, 0x00, 0x00, 0x00, 0x00, 0x00,
    0x00, 0x00, 0x00, 0x00, 0x00, 0x00, 0x00, 0x00, 0x00, 0x00, 0x00, 0x00, 0x00, 0x00, 0x00, 0x00,
    0x00, 0x00, 0x00, 0x00, 0x00, 0x00, 0x00, 0x00, 0x00, 0x00, 0x00, 0x00, 0x00, 0x00, 0x00, 0x00,
    0x00, 0x00, 0x00, 0x00, 0x00, 0x00, 0x00, 0x00, 0x00, 0x00, 0x00, 0x00, 0x00, 0x00, 0x00, 0x00,
    0x00, 0x00, 0x00, 0x00, 0x00, 0x00, 0x00, 0x00, 0x00, 0x00, 0x00, 0x00, 0x00, 0x00, 0x00, 0x00,
    0x00, 0x00, 0x00, 0x00, 0x00, 0x00, 0x00, 0x00, 0x00, 0x00, 0x00, 0x00, 0x00, 0x00, 0x00, 0x00,
    0x00, 0x00, 0x00, 0x00, 0x00, 0x00, 0x00, 0x00, 0x00, 0x00, 0x00, 0x00, 0x00, 0x00, 0x00, 0x00,
    0x00, 0x00, 0x00, 0x00, 0x00, 0x00, 0x00, 0x00, 0x00, 0x00, 0x00, 0x00, 0x00, 0x00, 0x00, 0x00,
    0x00, 0x00, 0x00, 0x00, 0x00, 0x00, 0x00, 0x00, 0x00, 0x00, 0x00, 0x00, 0x00, 0x00, 0x00, 0x00,
    0x00, 0x00, 0x00, 0x00, 0x00, 0x00, 0x00, 0x00, 0x00, 0x00, 0x00, 0x00, 0x00, 0x00, 0x00, 0x00,
    0x00, 0x00, 0x00, 0x00, 0x00, 0x00, 0x00, 0x00, 0x00, 0x00, 0x00, 0x00, 0x00, 0x00, 0x00, 0x00,
    0x00, 0x00, 0x00, 0x00, 0x00, 0x00, 0x00, 0x00, 0x00, 0x00, 0x00, 0x00, 0x00, 0x00, 0x00, 0x00,
    0x00, 0x00, 0x00, 0x00, 0x00, 0x00, 0x00, 0x00, 0x00, 0x00, 0x00, 0x00, 0x00, 0x00, 0x00, 0x00,
    0x00, 0x00, 0x00, 0x00, 0x00, 0x00, 0x00, 0x00, 0x00, 0x00, 0x00, 0x00, 0x00, 0x00, 0x00, 0x00,
    0x00, 0x00, 0x00, 0x00, 0x00, 0x00, 0x00, 0x00, 0x00, 0x00, 0x00, 0x00, 0x00, 0x00, 0x00, 0x00,
    0x00, 0x00, 0x00, 0x00, 0x00, 0x00, 0x00, 0x00, 0x00, 0x00, 0x00, 0x00, 0x00, 0x00, 0x00, 0x00,
    0x00, 0x00, 0x00, 0x00, 0x00, 0x00, 0x00, 0x00, 0x00, 0x00, 0x00, 0x00, 0x00, 0x00, 0x00, 0x00,
    0x00, 0x00, 0x00, 0x00, 0x00, 0x00, 0x00, 0x00, 0x00, 0x00, 0x00, 0x00, 0x00, 0x00, 0x00, 0x00,
    0x00, 0x00, 0x00, 0x00, 0x00, 0x00, 0x00, 0x00, 0x00, 0x00, 0x00, 0x00, 0x00, 0x00, 0x00, 0x00,
    0x00, 0x00, 0x00, 0x00, 0x00, 0x00, 0x00, 0x00, 0x00, 0x00, 0x00, 0x00, 0x00, 0x00, 0x00, 0x00,
    0x00, 0x00, 0x00, 0x00, 0x00, 0x00, 0x00, 0x00, 0x00, 0x00, 0x00, 0x00, 0x00, 0x00, 0x00, 0x00,
    0x00, 0x00, 0x00, 0x00, 0x00, 0x00, 0x00, 0x00, 0x00, 0x00, 0x00, 0x00, 0x00, 0x00, 0x00, 0x00,
    0x00, 0x00, 0x00, 0x00, 0x00, 0x00, 0x00, 0x00, 0x00, 0x00, 0x00, 0x00, 0x00, 0x00, 0x00, 0x00,
    0x00, 0x00, 0x00, 0x00, 0x00, 0x00, 0x00, 0x00, 0x00, 0x00, 0x00, 0x00, 0x00, 0x00, 0x00, 0x00,
    0x00, 0x00, 0x00, 0x00, 0x00, 0x00, 0x00, 0x00, 0x00, 0x00, 0x00, 0x00, 0x00, 0x00, 0x00, 0x00,
    0x00, 0x00, 0x00, 0x00, 0x00, 0x00, 0x00, 0x00, 0x00, 0x00, 0x00, 0x00, 0x00, 0x00, 0x00, 0x00,
    0x00, 0x00, 0x00, 0x00, 0x00, 0x00, 0x00, 0x00, 0x00, 0x00, 0x00, 0x00, 0x00, 0x00, 0x00, 0x00,
    0x00, 0x00, 0x00, 0x00, 0x00, 0x00, 0x00, 0x00, 0x00, 0x00, 0x00, 0x00, 0x00, 0x00, 0x00, 0x00,
    0x00, 0x00, 0x00, 0x00, 0x00, 0x00, 0x00, 0x00, 0x00, 0x00, 0x00, 0x00, 0x00, 0x00, 0x00, 0x00,
    0x00, 0x00, 0x00, 0x00, 0x00, 0x00, 0x00, 0x00, 0x00, 0x00, 0x00, 0x00, 0x00, 0x00, 0x00, 0x00,
    0x00, 0x00, 0x00, 0x00, 0x00, 0x00, 0x00, 0x00, 0x00, 0x00, 0x00, 0x00, 0x00, 0x00, 0x00, 0x00,
    0x00, 0x00, 0x00, 0x00, 0x00, 0x00, 0x00, 0x00, 0x00, 0x00, 0x00, 0x00, 0x00, 0x00, 0x00, 0x00,
    0x00, 0x00, 0x00, 0x00, 0x00, 0x00, 0x00, 0x00, 0x00, 0x00, 0x00, 0x00, 0x00, 0x00, 0x00, 0x00,
    0x00, 0x00, 0x00, 0x00, 0x00, 0x00, 0x00, 0x00, 0x00, 0x00, 0x00, 0x00, 0x00, 0x00, 0x00, 0x00,
    0x00, 0x00, 0x00, 0x00, 0x00, 0x00, 0x00, 0x00, 0x00, 0x00, 0x00, 0x00, 0x00, 0x00, 0x00, 0x00,
    0x00, 0x00, 0x00, 0x00, 0x00, 0x00, 0x00, 0x00, 0x00, 0x00, 0x00, 0x00, 0x00, 0x00, 0x00, 0x00,
    0x00, 0x00, 0x00, 0x00, 0x00, 0x00, 0x00, 0x00, 0x00, 0x00, 0x00, 0x00, 0x00, 0x00, 0x00, 0x00,
    0x00, 0x00, 0x00, 0x00, 0x00, 0x00, 0x00, 0x00, 0x00, 0x00, 0x00, 0x00, 0x00, 0x00, 0x00, 0x00,
    0x00, 0x00, 0x00, 0x00, 0x00, 0x00, 0x00, 0x00, 0x00, 0x00, 0x00, 0x00, 0x00, 0x00, 0x00, 0x00,
    0x00, 0x00, 0x00, 0x00, 0x00, 0x00, 0x00, 0x00, 0x00, 0x00, 0x00, 0x00, 0x00, 0x00, 0x00, 0x00,
    0x00, 0x00, 0x00, 0x00, 0x00, 0x00, 0x00, 0x00, 0x00, 0x00, 0x00, 0x00, 0x00, 0x00, 0x00, 0x00,
    0x00, 0x00, 0x00, 0x00, 0x00, 0x00, 0x00, 0x00, 0x00, 0x00, 0x00, 0x00, 0x00, 0x00, 0x00, 0x00,
    0x00, 0x00, 0x00, 0x00, 0x00, 0x00, 0x00, 0x00, 0x00, 0x00, 0x00, 0x00, 0x00, 0x00, 0x00, 0x00,
    0x00, 0x00, 0x00, 0x00, 0x00, 0x00, 0x00, 0x00, 0x00, 0x00, 0x00, 0x00, 0x00, 0x00, 0x00, 0x00,
    0x00, 0x00, 0x00, 0x00, 0x00, 0x00, 0x00, 0x00, 0x00, 0x00, 0x00, 0x00, 0x00, 0x00, 0x00, 0x00,
    0x00, 0x00, 0x00, 0x00, 0x00, 0x00, 0x00, 0x00, 0x00, 0x00, 0x00, 0x00, 0x00, 0x00, 0x00, 0x00,
    0x00, 0x00, 0x00, 0x00, 0x00, 0x00, 0x00, 0x00, 0x00, 0x00, 0x00, 0x00, 0x00, 0x00, 0x00, 0x00,
    0x00, 0x00, 0x00, 0x00, 0x00, 0x00, 0x00, 0x00, 0x00, 0x00, 0x00, 0x00, 0x00, 0x00, 0x00, 0x00,
    0x00, 0x00, 0x00, 0x00, 0x00, 0x00, 0x00, 0x00, 0x00, 0x00, 0x00, 0x00, 0x00, 0x00, 0x00, 0x00,
    0x00, 0x00, 0x00, 0x00, 0x00, 0x00, 0x00, 0x00, 0x00, 0x00, 0x00, 0x00, 0x00, 0x00, 0x00, 0x00,
    0x00, 0x00, 0x00, 0x00, 0x00, 0x00, 0x00, 0x00, 0x00, 0x00, 0x00, 0x00, 0x00, 0x00, 0x00, 0x00,
    0x00, 0x00, 0x00, 0x00, 0x00, 0x00, 0x00, 0x00, 0x00, 0x00, 0x00, 0x00, 0x00, 0x00, 0x00, 0x00,
    0x00, 0x00, 0x00, 0x00, 0x00, 0x00, 0x00, 0x00, 0x00, 0x00, 0x00, 0x00, 0x00, 0x00, 0x00, 0x00,
    0x00, 0x00, 0x00, 0x00, 0x00, 0x00, 0x00, 0x00, 0x00, 0x00, 0x00, 0x00, 0x00, 0x00, 0x00, 0x00,
    0x00, 0x00, 0x00, 0x00, 0x00, 0x00, 0x00, 0x00, 0x00, 0x00, 0x00, 0x00, 0x00, 0x00, 0x00, 0x00,
    0x00, 0x00, 0x00, 0x00, 0x00, 0x00, 0x00, 0x00, 0x00, 0x00, 0x00, 0x00, 0x00, 0x00, 0x00, 0x00,
    0x00, 0x00, 0x00, 0x00, 0x00, 0x00, 0x00, 0x00, 0x00, 0x00, 0x00, 0x00, 0x00, 0x00, 0x00, 0x00,
    0x00, 0x00, 0x00, 0x00, 0x00, 0x00, 0x00, 0x00, 0x00, 0x00, 0x00, 0x00, 0x00, 0x00, 0x00, 0x00,
    0x00, 0x00, 0x00, 0x00, 0x00, 0x00, 0x00, 0x00, 0x00, 0x00, 0x00, 0x00, 0x00, 0x00, 0x00, 0x00,
    0x00, 0x00, 0x00, 0x00, 0x00, 0x00, 0x00, 0x00, 0x00, 0x00, 0x00, 0x00, 0x00, 0x00, 0x00, 0x00,
    0x00, 0x00, 0x00, 0x00, 0x00, 0x00, 0x00, 0x00, 0x00, 0x00, 0x00, 0x00, 0x00, 0x00, 0x00, 0x00,
    0x00, 0x00, 0x00, 0x00, 0x00, 0x00, 0x00, 0x00, 0x00, 0x00, 0x00, 0x00, 0x00, 0x00, 0x00, 0x00,
    0x00, 0x00, 0x00, 0x00, 0x00, 0x00, 0x00, 0x00, 0x00, 0x00, 0x00, 0x00, 0x00, 0x00, 0x00, 0x00,
    0x00, 0x00, 0x00, 0x00, 0x00, 0x00, 0x00, 0x00, 0x00, 0x00, 0x00, 0x00, 0x00, 0x00, 0x00, 0x00,
    0x00, 0x00, 0x00, 0x00, 0x00, 0x00, 0x00, 0x00, 0x00, 0x00, 0x00, 0x00, 0x00, 0x00, 0x00, 0x00,
    0x00, 0x00, 0x00, 0x00, 0x00, 0x00, 0x00, 0x00, 0x00, 0x00, 0x00, 0x00, 0x00, 0x00, 0x00, 0x00,
    0x00, 0x00, 0x00, 0x00, 0x00, 0x00, 0x00, 0x00, 0x00, 0x00, 0x00, 0x00, 0x00, 0x00, 0x00, 0x00,
    0x00, 0x00, 0x00, 0x00, 0x00, 0x00, 0x00, 0x00, 0x00, 0x00, 0x00, 0x00, 0x00, 0x00, 0x00, 0x00,
    0x00, 0x00, 0x00, 0x00, 0x00, 0x00, 0x00, 0x00, 0x00, 0x00, 0x00, 0x00, 0x00, 0x00, 0x00, 0x00,
    0x00, 0x00, 0x00, 0x00, 0x00, 0x00, 0x00, 0x00, 0x00, 0x00, 0x00, 0x00, 0x00, 0x00, 0x00, 0x00,
    0x00, 0x00, 0x00, 0x00, 0x00, 0x00, 0x00, 0x00, 0x00, 0x00, 0x00, 0x00, 0x00, 0x00, 0x00, 0x00,
    0x00, 0x00, 0x00, 0x00, 0x00, 0x00, 0x00, 0x00, 0x00, 0x00, 0x00, 0x00, 0x00, 0x00, 0x00, 0x00,
    0x00, 0x00, 0x00, 0x00, 0x00, 0x00, 0x00, 0x00, 0x00, 0x00, 0x00, 0x00, 0x00, 0x00, 0x00, 0x00,
    0x00, 0x00, 0x00, 0x00, 0x00, 0x00, 0x00, 0x00, 0x00, 0x00, 0x00, 0x00, 0x00, 0x00, 0x00, 0x00,
    0x00, 0x00, 0x00, 0x00, 0x00, 0x00, 0x00, 0x00, 0x00, 0x00, 0x00, 0x00, 0x00, 0x00, 0x00, 0x00,
    0x00, 0x00, 0x00, 0x00, 0x00, 0x00, 0x00, 0x00, 0x00, 0x00, 0x00, 0x00, 0x00, 0x00, 0x00, 0x00,
    0x00, 0x00, 0x00, 0x00, 0x00, 0x00, 0x00, 0x00, 0x00, 0x00, 0x00, 0x00, 0x00, 0x00, 0x00, 0x00,
    0x00, 0x00, 0x00, 0x00, 0x00, 0x00, 0x00, 0x00, 0x00, 0x00, 0x00, 0x00, 0x00, 0x00, 0x00, 0x00,
    0x00, 0x00, 0x00, 0x00, 0x00, 0x00, 0x00, 0x00, 0x00, 0x00, 0x00, 0x00, 0x00, 0x00, 0x00, 0x00,
    0x00, 0x00, 0x00, 0x00, 0x00, 0x00, 0x00, 0x00, 0x00, 0x00, 0x00, 0x00, 0x00, 0x00, 0x00, 0x00,
    0x00, 0x00, 0x00, 0x00, 0x00, 0x00, 0x00, 0x00, 0x00, 0x00, 0x00, 0x00, 0x00, 0x00, 0x00, 0x00,
    0x00, 0x00, 0x00, 0x00, 0x00, 0x00, 0x00, 0x00, 0x00, 0x00, 0x00, 0x00, 0x00, 0x00, 0x00, 0x00,
    0x00, 0x00, 0x00, 0x00, 0x00, 0x00, 0x00, 0x00, 0x00, 0x00, 0x00, 0x00, 0x00, 0x00, 0x00, 0x00,
    0x00, 0x00, 0x00, 0x00, 0x00, 0x00, 0x00, 0x00, 0x00, 0x00, 0x00, 0x00, 0x00, 0x00, 0x00, 0x00,
    0x00, 0x00, 0x00, 0x00, 0x00, 0x00, 0x00, 0x00, 0x00, 0x00, 0x00, 0x00, 0x00, 0x00, 0x00, 0x00,
    0x00, 0x00, 0x00, 0x00, 0x00, 0x00, 0x00, 0x00, 0x00, 0x00, 0x00, 0x00, 0x00, 0x00, 0x00, 0x00,
    0x00, 0x00, 0x00, 0x00, 0x00, 0x00, 0x00, 0x00, 0x00, 0x00, 0x00, 0x00, 0x00, 0x00, 0x00, 0x00,
    0x00, 0x00, 0x00, 0x00, 0x00, 0x00, 0x00, 0x00, 0x00, 0x00, 0x00, 0x00, 0x00, 0x00, 0x00, 0x00,
    0x00, 0x00, 0x00, 0x00, 0x00, 0x00, 0x00, 0x00, 0x00, 0x00, 0x00, 0x00, 0x00, 0x00, 0x00, 0x00,
    0x00, 0x00, 0x00, 0x00, 0x00, 0x00, 0x00, 0x00, 0x00, 0x00, 0x00, 0x00, 0x00, 0x00, 0x00, 0x00,
    0x00, 0x00, 0x00, 0x00, 0x00, 0x00, 0x00, 0x00, 0x00, 0x00, 0x00, 0x00, 0x00, 0x00, 0x00, 0x00,
    0x00, 0x00, 0x00, 0x00, 0x00, 0x00, 0x00, 0x00, 0x00, 0x00, 0x00, 0x00, 0x00, 0x00, 0x00, 0x00,
    0x00, 0x00, 0x00, 0x00, 0x00, 0x00, 0x00, 0x00, 0x00, 0x00, 0x00, 0x00, 0x00, 0x00, 0x00, 0x00,
    0x00, 0x00, 0x00, 0x00, 0x00, 0x00, 0x00, 0x00, 0x00, 0x00, 0x00, 0x00, 0x00, 0x00, 0x00, 0x00,
    0x00, 0x00, 0x00, 0x00, 0x00, 0x00, 0x00, 0x00, 0x00, 0x00, 0x00, 0x00, 0x00, 0x00, 0x00, 0x00,
    0x00, 0x00, 0x00, 0x00, 0x00, 0x00, 0x00, 0x00, 0x00, 0x00, 0x00, 0x00, 0x00, 0x00, 0x00, 0x00,
    0x00, 0x00, 0x00, 0x00, 0x00, 0x00, 0x00, 0x00, 0x00, 0x00, 0x00, 0x00, 0x00, 0x00, 0x00, 0x00,
    0x00, 0x00, 0x00, 0x00, 0x00, 0x00, 0x00, 0x00, 0x00, 0x00, 0x00, 0x00, 0x00, 0x00, 0x00, 0x00,
    0x00, 0x00, 0x00, 0x00, 0x00, 0x00, 0x00, 0x00, 0x00, 0x00, 0x00, 0x00, 0x00, 0x00, 0x00, 0x00,
    0x00, 0x00, 0x00, 0x00, 0x00, 0x00, 0x00, 0x00, 0x00, 0x00, 0x00, 0x00, 0x00, 0x00, 0x00, 0x00,
    0x00, 0x00, 0x00, 0x00, 0x00, 0x00, 0x00, 0x00, 0x00, 0x00, 0x00, 0x00, 0x00, 0x00, 0x00, 0x00,
    0x00, 0x00, 0x00, 0x00, 0x00, 0x00, 0x00, 0x00, 0x00, 0x00, 0x00, 0x00, 0x00, 0x00, 0x00, 0x00,
    0x00, 0x00, 0x00, 0x00, 0x00, 0x00, 0x00, 0x00, 0x00, 0x00, 0x00, 0x00, 0x00, 0x00, 0x00, 0x00,
    0x00, 0x00, 0x00, 0x00, 0x00, 0x00, 0x00, 0x00, 0x00, 0x00, 0x00, 0x00, 0x00, 0x00, 0x00, 0x00,
    0x00, 0x00, 0x00, 0x00, 0x00, 0x00, 0x00, 0x00, 0x00, 0x00, 0x00, 0x00, 0x00, 0x00, 0x00, 0x00,
    0x00, 0x00, 0x00, 0x00, 0x00, 0x00, 0x00, 0x00, 0x00, 0x00, 0x00, 0x00, 0x00, 0x00, 0x00, 0x00,
    0x00, 0x00, 0x00, 0x00, 0x00, 0x00, 0x00, 0x00, 0x00, 0x00, 0x00, 0x00, 0x00, 0x00, 0x00, 0x00,
    0x00, 0x00, 0x00, 0x00, 0x00, 0x00, 0x00, 0x00, 0x00, 0x00, 0x00, 0x00, 0x00, 0x00, 0x00, 0x00,
    0x00, 0x00, 0x00, 0x00, 0x00, 0x00, 0x00, 0x00, 0x00, 0x00, 0x00, 0x00, 0x00, 0x00, 0x00, 0x00,
    0x00, 0x00, 0x00, 0x00, 0x00, 0x00, 0x00, 0x00, 0x00, 0x00, 0x00, 0x00, 0x00, 0x00, 0x00, 0x00,
    0x00, 0x00, 0x00, 0x00, 0x00, 0x00, 0x00, 0x00, 0x00, 0x00, 0x00, 0x00, 0x00, 0x00, 0x00, 0x00,
    0x00, 0x00, 0x00, 0x00, 0x00, 0x00, 0x00, 0x00, 0x00, 0x00, 0x00, 0x00, 0x00, 0x00, 0x00, 0x00,
    0x00, 0x00, 0x00, 0x00, 0x00, 0x00, 0x00, 0x00, 0x00, 0x00, 0x00, 0x00, 0x00, 0x00, 0x00, 0x00,
    0x00, 0x00, 0x00, 0x00, 0x00, 0x00, 0x00, 0x00, 0x00, 0x00, 0x00, 0x00, 0x00, 0x00, 0x00, 0x00,
    0x00, 0x00, 0x00, 0x00, 0x00, 0x00, 0x00, 0x00, 0x00, 0x00, 0x00, 0x00, 0x00, 0x00, 0x00, 0x00,
    0x00, 0x00, 0x00, 0x00, 0x00, 0x00, 0x00, 0x00, 0x00, 0x00, 0x00, 0x00, 0x00, 0x00, 0x00, 0x00,
    0x00, 0x00, 0x00, 0x00, 0x00, 0x00, 0x00, 0x00, 0x00, 0x00, 0x00, 0x00, 0x00, 0x00, 0x00, 0x00,
    0x00, 0x00, 0x00, 0x00, 0x00, 0x00, 0x00, 0x00, 0x00, 0x00, 0x00, 0x00, 0x00, 0x00, 0x00, 0x00,
    0x00, 0x00, 0x00, 0x00, 0x00, 0x00, 0x00, 0x00, 0x00, 0x00, 0x00, 0x00, 0x00, 0x00, 0x00, 0x00,
    0x00, 0x00, 0x00, 0x00, 0x00, 0x00, 0x00, 0x00, 0x00, 0x00, 0x00, 0x00, 0x00, 0x00, 0x00, 0x00,
    0x00, 0x00, 0x00, 0x00, 0x00, 0x00, 0x00, 0x00, 0x00, 0x00, 0x00, 0x00, 0x00, 0x00, 0x00, 0x00,
    0x00, 0x00, 0x00, 0x00, 0x00, 0x00, 0x00, 0x00, 0x00, 0x00, 0x00, 0x00, 0x00, 0x00, 0x00, 0x00,
    0x00, 0x00, 0x00, 0x00, 0x00, 0x00, 0x00, 0x00, 0x00, 0x00, 0x00, 0x00, 0x00, 0x00, 0x00, 0x00,
    0x00, 0x00, 0x00, 0x00, 0x00, 0x00, 0x00, 0x00, 0x00, 0x00, 0x00, 0x00, 0x00, 0x00, 0x00, 0x00,
    0x00, 0x00, 0x00, 0x00, 0x00, 0x00, 0x00, 0x00, 0x00, 0x00, 0x00, 0x00, 0x00, 0x00, 0x00, 0x00,
    0x00, 0x00, 0x00, 0x00, 0x00, 0x00, 0x00, 0x00, 0x00, 0x00, 0x00, 0x00, 0x00, 0x00, 0x00, 0x00,
    0x00, 0x00, 0x00, 0x00, 0x00, 0x00, 0x00, 0x00, 0x00, 0x00, 0x00, 0x00, 0x00, 0x00, 0x00, 0x00,
    0x00, 0x00, 0x00, 0x00, 0x00, 0x00, 0x00, 0x00, 0x00, 0x00, 0x00, 0x00, 0x00, 0x00, 0x00, 0x00,
    0x00, 0x00, 0x00, 0x00, 0x00, 0x00, 0x00, 0x00, 0x00, 0x00, 0x00, 0x00, 0x00, 0x00, 0x00, 0x00,
    0x00, 0x00, 0x00, 0x00, 0x00, 0x00, 0x00, 0x00, 0x00, 0x00, 0x00, 0x00, 0x00, 0x00, 0x00, 0x00,
    0x00, 0x00, 0x00, 0x00, 0x00, 0x00, 0x00, 0x00, 0x00, 0x00, 0x00, 0x00, 0x00, 0x00, 0x00, 0x00,
    0x00, 0x00, 0x00, 0x00, 0x00, 0x00, 0x00, 0x00, 0x00, 0x00, 0x00, 0x00, 0x00, 0x00, 0x00, 0x00,
    0x00, 0x00, 0x00, 0x00, 0x00, 0x00, 0x00, 0x00, 0x00, 0x00, 0x00, 0x00, 0x00, 0x00, 0x00, 0x00,
    0x00, 0x00, 0x00, 0x00, 0x00, 0x00, 0x00, 0x00, 0x00, 0x00, 0x00, 0x00, 0x00, 0x00, 0x00, 0x00,
    0x00, 0x00, 0x00, 0x00, 0x00, 0x00, 0x00, 0x00, 0x00, 0x00, 0x00, 0x00, 0x00, 0x00, 0x00, 0x00,
    0x00, 0x00, 0x00, 0x00, 0x00, 0x00, 0x00, 0x00, 0x00, 0x00, 0x00, 0x00, 0x00, 0x00, 0x00, 0x00,
    0x00, 0x00, 0x00, 0x00, 0x00, 0x00, 0x00, 0x00, 0x00, 0x00, 0x00, 0x00, 0x00, 0x00, 0x00, 0x00,
    0x00, 0x00, 0x00, 0x00, 0x00, 0x00, 0x00, 0x00, 0x00, 0x00, 0x00, 0x00, 0x00, 0x00, 0x00, 0x00,
    0x00, 0x00, 0x00, 0x00, 0x00, 0x00, 0x00, 0x00, 0x00, 0x00, 0x00, 0x00, 0x00, 0x00, 0x00, 0x00,
    0x00, 0x00, 0x00, 0x00, 0x00, 0x00, 0x00, 0x00, 0x00, 0x00, 0x00, 0x00, 0x00, 0x00, 0x00, 0x00,
    0x00, 0x00, 0x00, 0x00, 0x00, 0x00, 0x00, 0x00, 0x00, 0x00, 0x00, 0x00, 0x00, 0x00, 0x00, 0x00,
    0x00, 0x00, 0x00, 0x00, 0x00, 0x00, 0x00, 0x00, 0x00, 0x00, 0x00, 0x00, 0x00, 0x00, 0x00, 0x00,
    0x00, 0x00, 0x00, 0x00, 0x00, 0x00, 0x00, 0x00, 0x00, 0x00, 0x00, 0x00, 0x00, 0x00, 0x00, 0x00,
    0x00, 0x00, 0x00, 0x00, 0x00, 0x00, 0x00, 0x00, 0x00, 0x00, 0x00, 0x00, 0x00, 0x00, 0x00, 0x00,
    0x00, 0x00, 0x00, 0x00, 0x00, 0x00, 0x00, 0x00, 0x00, 0x00, 0x00, 0x00, 0x00, 0x00, 0x00, 0x00,
    0x00, 0x00, 0x00, 0x00, 0x00, 0x00, 0x00, 0x00, 0x00, 0x00, 0x00, 0x00, 0x00, 0x00, 0x00, 0x00,
    0x00, 0x00, 0x00, 0x00, 0x00, 0x00, 0x00, 0x00, 0x00, 0x00, 0x00, 0x00, 0x00, 0x00, 0x00, 0x00,
    0x00, 0x00, 0x00, 0x00, 0x00, 0x00, 0x00, 0x00, 0x00, 0x00, 0x00, 0x00, 0x00, 0x00, 0x00, 0x00,
    0x00, 0x00, 0x00, 0x00, 0x00, 0x00, 0x00, 0x00, 0x00, 0x00, 0x00, 0x00, 0x00, 0x00, 0x00, 0x00,
    0x00, 0x00, 0x00, 0x00, 0x00, 0x00, 0x00, 0x00, 0x00, 0x00, 0x00, 0x00, 0x00, 0x00, 0x00, 0x00,
    0x00, 0x00, 0x00, 0x00, 0x00, 0x00, 0x00, 0x00, 0x00, 0x00, 0x00, 0x00, 0x00, 0x00, 0x00, 0x00,
    0x00, 0x00, 0x00, 0x00, 0x00, 0x00, 0x00, 0x00, 0x00, 0x00, 0x00, 0x00, 0x00, 0x00, 0x00, 0x00,
    0x00, 0x00, 0x00, 0x00, 0x00, 0x00, 0x00, 0x00, 0x00, 0x00, 0x00, 0x00, 0x00, 0x00, 0x00, 0x00,
    0x00, 0x00, 0x00, 0x00, 0x00, 0x00, 0x00, 0x00, 0x00, 0x00, 0x00, 0x00, 0x00, 0x00, 0x00, 0x00,
    0x00, 0x00, 0x00, 0x00, 0x00, 0x00, 0x00, 0x00, 0x00, 0x00, 0x00, 0x00, 0x00, 0x00, 0x00, 0x00,
    0x00, 0x00, 0x00, 0x00, 0x00, 0x00, 0x00, 0x00, 0x00, 0x00, 0x00, 0x00, 0x00, 0x00, 0x00, 0x00,
    0x00, 0x00, 0x00, 0x00, 0x00, 0x00, 0x00, 0x00, 0x00, 0x00, 0x00, 0x00, 0x00, 0x00, 0x00, 0x00,
    0x00, 0x00, 0x00, 0x00, 0x00, 0x00, 0x00, 0x00, 0x00, 0x00, 0x00, 0x00, 0x00, 0x00, 0x00, 0x00,
    0x00, 0x00, 0x00, 0x00, 0x00, 0x00, 0x00, 0x00, 0x00, 0x00, 0x00, 0x00, 0x00, 0x00, 0x00, 0x00,
    0x00, 0x00, 0x00, 0x00, 0x00, 0x00, 0x00, 0x00, 0x00, 0x00, 0x00, 0x00, 0x00, 0x00, 0x00, 0x00,
    0x00, 0x00, 0x00, 0x00, 0x00, 0x00, 0x00, 0x00, 0x00, 0x00, 0x00, 0x00, 0x00, 0x00, 0x00, 0x00,
    0x00, 0x00, 0x00, 0x00, 0x00, 0x00, 0x00, 0x00, 0x00, 0x00, 0x00, 0x00, 0x00, 0x00, 0x00, 0x00,
    0x00, 0x00, 0x00, 0x00, 0x00, 0x00, 0x00, 0x00, 0x00, 0x00, 0x00, 0x00, 0x00, 0x00, 0x00, 0x00,
    0x00, 0x00, 0x00, 0x00, 0x00, 0x00, 0x00, 0x00, 0x00, 0x00, 0x00, 0x00, 0x00, 0x00, 0x00, 0x00,
    0x00, 0x00, 0x00, 0x00, 0x00, 0x00, 0x00, 0x00, 0x00, 0x00, 0x00, 0x00, 0x00, 0x00, 0x00, 0x00,
    0x00, 0x00, 0x00, 0x00, 0x00, 0x00, 0x00, 0x00, 0x00, 0x00, 0x00, 0x00, 0x00, 0x00, 0x00, 0x00,
    0x00, 0x00, 0x00, 0x00, 0x00, 0x00, 0x00, 0x00, 0x00, 0x00, 0x00, 0x00, 0x00, 0x00, 0x00, 0x00,
    0x00, 0x00, 0x00, 0x00, 0x00, 0x00, 0x00, 0x00, 0x00, 0x00, 0x00, 0x00, 0x00, 0x00, 0x00, 0x00,
    0x00, 0x00, 0x00, 0x00, 0x00, 0x00, 0x00, 0x00, 0x00, 0x00, 0x00, 0x00, 0x00, 0x00, 0x00, 0x00,
    0x00, 0x00, 0x00, 0x00, 0x00, 0x00, 0x00, 0x00, 0x00, 0x00, 0x00, 0x00, 0x00, 0x00, 0x00, 0x00,
    0x00, 0x00, 0x00, 0x00, 0x00, 0x00, 0x00, 0x00, 0x00, 0x00, 0x00, 0x00, 0x00, 0x00, 0x00, 0x00,
    0x00, 0x00, 0x00, 0x00, 0x00, 0x00, 0x00, 0x00, 0x00, 0x00, 0x00, 0x00, 0x00, 0x00, 0x00, 0x00,
    0x00, 0x00, 0x00, 0x00, 0x00, 0x00, 0x00, 0x00, 0x00, 0x00, 0x00, 0x00, 0x00, 0x00, 0x00, 0x00,
    0x00, 0x00, 0x00, 0x00, 0x00, 0x00, 0x00, 0x00, 0x00, 0x00, 0x00, 0x00, 0x00, 0x00, 0x00, 0x00,
    0x00, 0x00, 0x00, 0x00, 0x00, 0x00, 0x00, 0x00, 0x00, 0x00, 0x00, 0x00, 0x00, 0x00, 0x00, 0x00,
    0x00, 0x00, 0x00, 0x00, 0x00, 0x00, 0x00, 0x00, 0x00, 0x00, 0x00, 0x00, 0x00, 0x00, 0x00, 0x00,
    0x00, 0x00, 0x00, 0x00, 0x00, 0x00, 0x00, 0x00, 0x00, 0x00, 0x00, 0x00, 0x00, 0x00, 0x00, 0x00,
    0x00, 0x00, 0x00, 0x00, 0x00, 0x00, 0x00, 0x00, 0x00, 0x00, 0x00, 0x00, 0x00, 0x00, 0x00, 0x00,
    0x00, 0x00, 0x00, 0x00, 0x00, 0x00, 0x00, 0x00, 0x00, 0x00, 0x00, 0x00, 0x00, 0x00, 0x00, 0x00,
    0x00, 0x00, 0x00, 0x00, 0x00, 0x00, 0x00, 0x00, 0x00, 0x00, 0x00, 0x00, 0x00, 0x00, 0x00, 0x00,
    0x00, 0x00, 0x00, 0x00, 0x00, 0x00, 0x00, 0x00, 0x00, 0x00, 0x00, 0x00, 0x00, 0x00, 0x00, 0x00,
    0x00, 0x00, 0x00, 0x00, 0x00, 0x00, 0x00, 0x00, 0x00, 0x00, 0x00, 0x00, 0x00, 0x00, 0x00, 0x00,
    0x00, 0x00, 0x00, 0x00, 0x00, 0x00, 0x00, 0x00, 0x00, 0x00, 0x00, 0x00, 0x00, 0x00, 0x00, 0x00,
    0x00, 0x00, 0x00, 0x00, 0x00, 0x00, 0x00, 0x00, 0x00, 0x00, 0x00, 0x00, 0x00, 0x00, 0x00, 0x00,
    0x00, 0x00, 0x00, 0x00, 0x00, 0x00, 0x00, 0x00, 0x00, 0x00, 0x00, 0x00, 0x00, 0x00, 0x00, 0x00,
    0x00, 0x00, 0x00, 0x00, 0x00, 0x00, 0x00, 0x00, 0x00, 0x00, 0x00, 0x00, 0x00, 0x00, 0x00, 0x00,
    0x00, 0x00, 0x00, 0x00, 0x00, 0x00, 0x00, 0x00, 0x00, 0x00, 0x00, 0x00, 0x00, 0x00, 0x00, 0x00,
    0x00, 0x00, 0x00, 0x00, 0x00, 0x00, 0x00, 0x00, 0x00, 0x00, 0x00, 0x00, 0x00, 0x00, 0x00, 0x00,
    0x00, 0x00, 0x00, 0x00, 0x00, 0x00, 0x00, 0x00, 0x00, 0x00, 0x00, 0x00, 0x00, 0x00, 0x00, 0x00,
    0x00, 0x00, 0x00, 0x00, 0x00, 0x00, 0x00, 0x00, 0x00, 0x00, 0x00, 0x00, 0x00, 0x00, 0x00, 0x00,
    0x00, 0x00, 0x00, 0x00, 0x00, 0x00, 0x00, 0x00, 0x00, 0x00, 0x00, 0x00, 0x00, 0x00, 0x00, 0x00,
    0x00, 0x00, 0x00, 0x00, 0x00, 0x00, 0x00, 0x00, 0x00, 0x00, 0x00, 0x00, 0x00, 0x00, 0x00, 0x00,
    0x00, 0x00, 0x00, 0x00, 0x00, 0x00, 0x00, 0x00, 0x00, 0x00, 0x00, 0x00, 0x00, 0x00, 0x00, 0x00,
    0x00, 0x00, 0x00, 0x00, 0x00, 0x00, 0x00, 0x00, 0x00, 0x00, 0x00, 0x00, 0x00, 0x00, 0x00, 0x00,
    0x00, 0x00, 0x00, 0x00, 0x00, 0x00, 0x00, 0x00, 0x00, 0x00, 0x00, 0x00, 0x00, 0x00, 0x00, 0x00,
    0x00, 0x00, 0x00, 0x00, 0x00, 0x00, 0x00, 0x00, 0x00, 0x00, 0x00, 0x00, 0x00, 0x00, 0x00, 0x00,
    0x00, 0x00, 0x00, 0x00, 0x00, 0x00, 0x00, 0x00, 0x00, 0x00, 0x00, 0x00, 0x00, 0x00, 0x00, 0x00,
    0x00, 0x00, 0x00, 0x00, 0x00, 0x00, 0x00, 0x00, 0x00, 0x00, 0x00, 0x00, 0x00, 0x00, 0x00, 0x00,
    0x00, 0x00, 0x00, 0x00, 0x00, 0x00, 0x00, 0x00, 0x00, 0x00, 0x00, 0x00, 0x00, 0x00, 0x00, 0x00,
    0x00, 0x00, 0x00, 0x00, 0x00, 0x00, 0x00, 0x00, 0x00, 0x00, 0x00, 0x00, 0x00, 0x00, 0x00, 0x00,
    0x00, 0x00, 0x00, 0x00, 0x00, 0x00, 0x00, 0x00, 0x00, 0x00, 0x00, 0x00, 0x00, 0x00, 0x00, 0x00,
    0x00, 0x00, 0x00, 0x00, 0x00, 0x00, 0x00, 0x00, 0x00, 0x00, 0x00, 0x00, 0x00, 0x00, 0x00, 0x00,
    0x00, 0x00, 0x00, 0x00, 0x00, 0x00, 0x00, 0x00, 0x00, 0x00, 0x00, 0x00, 0x00, 0x00, 0x00, 0x00,
    0x00, 0x00, 0x00, 0x00, 0x00, 0x00, 0x00, 0x00, 0x00, 0x00, 0x00, 0x00, 0x00, 0x00, 0x00, 0x00,
    0x00, 0x00, 0x00, 0x00, 0x00, 0x00, 0x00, 0x00, 0x00, 0x00, 0x00, 0x00, 0x00, 0x00, 0x00, 0x00,
    0x00, 0x00, 0x00, 0x00, 0x00, 0x00, 0x00, 0x00, 0x00, 0x00, 0x00, 0x00, 0x00, 0x00, 0x00, 0x00,
    0x00, 0x00, 0x00, 0x00, 0x00, 0x00, 0x00, 0x00, 0x00, 0x00, 0x00, 0x00, 0x00, 0x00, 0x00, 0x00,
    0x00, 0x00, 0x00, 0x00, 0x00, 0x00, 0x00, 0x00, 0x00, 0x00, 0x00, 0x00, 0x00, 0x00, 0x00, 0x00,
    0x00, 0x00, 0x00, 0x00, 0x00, 0x00, 0x00, 0x00, 0x00, 0x00, 0x00, 0x00, 0x00, 0x00, 0x00, 0x00,
    0x00, 0x00, 0x00, 0x00, 0x00, 0x00, 0x00, 0x00, 0x00, 0x00, 0x00, 0x00, 0x00, 0x00, 0x00, 0x00,
    0x00, 0x00, 0x00, 0x00, 0x00, 0x00, 0x00, 0x00, 0x00, 0x00, 0x00, 0x00, 0x00, 0x00, 0x00, 0x00,
    0x00, 0x00, 0x00, 0x00, 0x00, 0x00, 0x00, 0x00, 0x00, 0x00, 0x00, 0x00, 0x00, 0x00, 0x00, 0x00,
    0x00, 0x00, 0x00, 0x00, 0x00, 0x00, 0x00, 0x00, 0x00, 0x00, 0x00, 0x00, 0x00, 0x00, 0x00, 0x00,
    0x00, 0x00, 0x00, 0x00, 0x00, 0x00, 0x00, 0x00, 0x00, 0x00, 0x00, 0x00, 0x00, 0x00, 0x00, 0x00,
    0x00, 0x00, 0x00, 0x00, 0x00, 0x00, 0x00, 0x00, 0x00, 0x00, 0x00, 0x00, 0x00, 0x00, 0x00, 0x00,
    0x00, 0x00, 0x00, 0x00, 0x00, 0x00, 0x00, 0x00, 0x00, 0x00, 0x00, 0x00, 0x00, 0x00, 0x00, 0x00,
    0x00, 0x00, 0x00, 0x00, 0x00, 0x00, 0x00, 0x00, 0x00, 0x00, 0x00, 0x00, 0x00, 0x00, 0x00, 0x00,
    0x00, 0x00, 0x00, 0x00, 0x00, 0x00, 0x00, 0x00, 0x00, 0x00, 0x00, 0x00, 0x00, 0x00, 0x00, 0x00,
    0x00, 0x00, 0x00, 0x00, 0x00, 0x00, 0x00, 0x00, 0x00, 0x00, 0x00, 0x00, 0x00, 0x00, 0x00, 0x00,
    0x00, 0x00, 0x00, 0x00, 0x00, 0x00, 0x00, 0x00, 0x00, 0x00, 0x00, 0x00, 0x00, 0x00, 0x00, 0x00,
    0x00, 0x00, 0x00, 0x00, 0x00, 0x00, 0x00, 0x00, 0x00, 0x00, 0x00, 0x00, 0x00, 0x00, 0x00, 0x00,
    0x00, 0x00, 0x00, 0x00, 0x00, 0x00, 0x00, 0x00, 0x00, 0x00, 0x00, 0x00, 0x00, 0x00, 0x00, 0x00,
    0x00, 0x00, 0x00, 0x00, 0x00, 0x00, 0x00, 0x00, 0x00, 0x00, 0x00, 0x00, 0x00, 0x00, 0x00, 0x00,
    0x00, 0x00, 0x00, 0x00, 0x00, 0x00, 0x00, 0x00, 0x00, 0x00, 0x00, 0x00, 0x00, 0x00, 0x00, 0x00,
    0x00, 0x00, 0x00, 0x00, 0x00, 0x00, 0x00, 0x00, 0x00, 0x00, 0x00, 0x00, 0x00, 0x00, 0x00, 0x00,
    0x00, 0x00, 0x00, 0x00, 0x00, 0x00, 0x00, 0x00, 0x00, 0x00, 0x00, 0x00, 0x00, 0x00, 0x00, 0x00,
    0x00, 0x00, 0x00, 0x00, 0x00, 0x00, 0x00, 0x00, 0x00, 0x00, 0x00, 0x00, 0x00, 0x00, 0x00, 0x00,
    0x00, 0x00, 0x00, 0x00, 0x00, 0x00, 0x00, 0x00, 0x00, 0x00, 0x00, 0x00, 0x00, 0x00, 0x00, 0x00,
    0x00, 0x00, 0x00, 0x00, 0x00, 0x00, 0x00, 0x00, 0x00, 0x00, 0x00, 0x00, 0x00, 0x00, 0x00, 0x00,
    0x00, 0x00, 0x00, 0x00, 0x00, 0x00, 0x00, 0x00, 0x00, 0x00, 0x00, 0x00, 0x00, 0x00, 0x00, 0x00,
    0x00, 0x00, 0x00, 0x00, 0x00, 0x00, 0x00, 0x00, 0x00, 0x00, 0x00, 0x00, 0x00, 0x00, 0x00, 0x00,
    0x00, 0x00, 0x00, 0x00, 0x00, 0x00, 0x00, 0x00, 0x00, 0x00, 0x00, 0x00, 0x00, 0x00, 0x00, 0x00,
    0x00, 0x00, 0x00, 0x00, 0x00, 0x00, 0x00, 0x00, 0x00, 0x00, 0x00, 0x00, 0x00, 0x00, 0x00, 0x00,
    0x00, 0x00, 0x00, 0x00, 0x00, 0x00, 0x00, 0x00, 0x00, 0x00, 0x00, 0x00, 0x00, 0x00, 0x00, 0x00,
    0x00, 0x00, 0x00, 0x00, 0x00, 0x00, 0x00, 0x00, 0x00, 0x00, 0x00, 0x00, 0x00, 0x00, 0x00, 0x00,
    0x00, 0x00, 0x00, 0x00, 0x00, 0x00, 0x00, 0x00, 0x00, 0x00, 0x00, 0x00, 0x00, 0x00, 0x00, 0x00,
    0x00, 0x00, 0x00, 0x00, 0x00, 0x00, 0x00, 0x00, 0x00, 0x00, 0x00, 0x00, 0x00, 0x00, 0x00, 0x00,
    0x00, 0x00, 0x00, 0x00, 0x00, 0x00, 0x00, 0x00, 0x00, 0x00, 0x00, 0x00, 0x00, 0x00, 0x00, 0x00,
    0x00, 0x00, 0x00, 0x00, 0x00, 0x00, 0x00, 0x00, 0x00, 0x00, 0x00, 0x00, 0x00, 0x00, 0x00, 0x00,
    0x00, 0x00, 0x00, 0x00, 0x00, 0x00, 0x00, 0x00, 0x00, 0x00, 0x00, 0x00, 0x00, 0x00, 0x00, 0x00,
    0x00, 0x00, 0x00, 0x00, 0x00, 0x00, 0x00, 0x00, 0x00, 0x00, 0x00, 0x00, 0x00, 0x00, 0x00, 0x00,
    0x00, 0x00, 0x00, 0x00, 0x00, 0x00, 0x00, 0x00, 0x00, 0x00, 0x00, 0x00, 0x00, 0x00, 0x00, 0x00,
    0x00, 0x00, 0x00, 0x00, 0x00, 0x00, 0x00, 0x00, 0x00, 0x00, 0x00, 0x00, 0x00, 0x00, 0x00, 0x00,
    0x00, 0x00, 0x00, 0x00, 0x00, 0x00, 0x00, 0x00, 0x00, 0x00, 0x00, 0x00, 0x00, 0x00, 0x00, 0x00,
    0x00, 0x00, 0x00, 0x00, 0x00, 0x00, 0x00, 0x00, 0x00, 0x00, 0x00, 0x00, 0x00, 0x00, 0x00, 0x00,
    0x00, 0x00, 0x00, 0x00, 0x00, 0x00, 0x00, 0x00, 0x00, 0x00, 0x00, 0x00, 0x00, 0x00, 0x00, 0x00,
    0x00, 0x00, 0x00, 0x00, 0x00, 0x00, 0x00, 0x00, 0x00, 0x00, 0x00, 0x00, 0x00, 0x00, 0x00, 0x00,
    0x00, 0x00, 0x00, 0x00, 0x00, 0x00, 0x00, 0x00, 0x00, 0x00, 0x00, 0x00, 0x00, 0x00, 0x00, 0x00,
    0x00, 0x00, 0x00, 0x00, 0x00, 0x00, 0x00, 0x00, 0x00, 0x00, 0x00, 0x00, 0x00, 0x00, 0x00, 0x00,
    0x00, 0x00, 0x00, 0x00, 0x00, 0x00, 0x00, 0x00, 0x00, 0x00, 0x00, 0x00, 0x00, 0x00, 0x00, 0x00,
    0x00, 0x00, 0x00, 0x00, 0x00, 0x00, 0x00, 0x00, 0x00, 0x00, 0x00, 0x00, 0x00, 0x00, 0x00, 0x00,
    0x00, 0x00, 0x00, 0x00, 0x00, 0x00, 0x00, 0x00, 0x00, 0x00, 0x00, 0x00, 0x00, 0x00, 0x00, 0x00,
    0x00, 0x00, 0x00, 0x00, 0x00, 0x00, 0x00, 0x00, 0x00, 0x00, 0x00, 0x00, 0x00, 0x00, 0x00, 0x00,
    0x00, 0x00, 0x00, 0x00, 0x00, 0x00, 0x00, 0x00, 0x00, 0x00, 0x00, 0x00, 0x00, 0x00, 0x00, 0x00,
    0x00, 0x00, 0x00, 0x00, 0x00, 0x00, 0x00, 0x00, 0x00, 0x00, 0x00, 0x00, 0x00, 0x00, 0x00, 0x00,
    0x00, 0x00, 0x00, 0x00, 0x00, 0x00, 0x00, 0x00, 0x00, 0x00, 0x00, 0x00, 0x00, 0x00, 0x00, 0x00,
    0x00, 0x00, 0x00, 0x00, 0x00, 0x00, 0x00, 0x00, 0x00, 0x00, 0x00, 0x00, 0x00, 0x00, 0x00, 0x00,
    0x00, 0x00, 0x00, 0x00, 0x00, 0x00, 0x00, 0x00, 0x00, 0x00, 0x00, 0x00, 0x00, 0x00, 0x00, 0x00,
    0x00, 0x00, 0x00, 0x00, 0x00, 0x00, 0x00, 0x00, 0x00, 0x00, 0x00, 0x00, 0x00, 0x00, 0x00, 0x00,
    0x00, 0x00, 0x00, 0x00, 0x00, 0x00, 0x00, 0x00, 0x00, 0x00, 0x00, 0x00, 0x00, 0x00, 0x00, 0x00,
    0x00, 0x00, 0x00, 0x00, 0x00, 0x00, 0x00, 0x00, 0x00, 0x00, 0x00, 0x00, 0x00, 0x00, 0x00, 0x00,
    0x00, 0x00, 0x00, 0x00, 0x00, 0x00, 0x00, 0x00, 0x00, 0x00, 0x00, 0x00, 0x00, 0x00, 0x00, 0x00,
    0x00, 0x00, 0x00, 0x00, 0x00, 0x00, 0x00, 0x00, 0x00, 0x00, 0x00, 0x00, 0x00, 0x00, 0x00, 0x00,
    0x00, 0x00, 0x00, 0x00, 0x00, 0x00, 0x00, 0x00, 0x00, 0x00, 0x00, 0x00, 0x00, 0x00, 0x00, 0x00,
    0x00, 0x00, 0x00, 0x00, 0x00, 0x00, 0x00, 0x00, 0x00, 0x00, 0x00, 0x00, 0x00, 0x00, 0x00, 0x00,
    0x00, 0x00, 0x00, 0x00, 0x00, 0x00, 0x00, 0x00, 0x00, 0x00, 0x00, 0x00, 0x00, 0x00, 0x00, 0x00,
    0x00, 0x00, 0x00, 0x00, 0x00, 0x00, 0x00, 0x00, 0x00, 0x00, 0x00, 0x00, 0x00, 0x00, 0x00, 0x00,
    0x00, 0x00, 0x00, 0x00, 0x00, 0x00, 0x00, 0x00, 0x00, 0x00, 0x00, 0x00, 0x00, 0x00, 0x00, 0x00,
    0x00, 0x00, 0x00, 0x00, 0x00, 0x00, 0x00, 0x00, 0x00, 0x00, 0x00, 0x00, 0x00, 0x00, 0x00, 0x00,
    0x00, 0x00, 0x00, 0x00, 0x00, 0x00, 0x00, 0x00, 0x00, 0x00, 0x00, 0x00, 0x00, 0x00, 0x00, 0x00,
    0x00, 0x00, 0x00, 0x00, 0x00, 0x00, 0x00, 0x00, 0x00, 0x00, 0x00, 0x00, 0x00, 0x00, 0x00, 0x00,
    0x00, 0x00, 0x00, 0x00, 0x00, 0x00, 0x00, 0x00, 0x00, 0x00, 0x00, 0x00, 0x00, 0x00, 0x00, 0x00,
    0x00, 0x00, 0x00, 0x00, 0x00, 0x00, 0x00, 0x00, 0x00, 0x00, 0x00, 0x00, 0x00, 0x00, 0x00, 0x00,
    0x00, 0x00, 0x00, 0x00, 0x00, 0x00, 0x00, 0x00, 0x00, 0x00, 0x00, 0x00, 0x00, 0x00, 0x00, 0x00,
    0x00, 0x00, 0x00, 0x00, 0x00, 0x00, 0x00, 0x00, 0x00, 0x00, 0x00, 0x00, 0x00, 0x00, 0x00, 0x00,
    0x00, 0x00, 0x00, 0x00, 0x00, 0x00, 0x00, 0x00, 0x00, 0x00, 0x00, 0x00, 0x00, 0x00, 0x00, 0x00,
    0x00, 0x00, 0x00, 0x00, 0x00, 0x00, 0x00, 0x00, 0x00, 0x00, 0x00, 0x00, 0x00, 0x00, 0x00, 0x00,
    0x00, 0x00, 0x00, 0x00, 0x00, 0x00, 0x00, 0x00, 0x00, 0x00, 0x00, 0x00, 0x00, 0x00, 0x00, 0x00,
    0x00, 0x00, 0x00, 0x00, 0x00, 0x00, 0x00, 0x00, 0x00, 0x00, 0x00, 0x00, 0x00, 0x00, 0x00, 0x00,
    0x00, 0x00, 0x00, 0x00, 0x00, 0x00, 0x00, 0x00, 0x00, 0x00, 0x00, 0x00, 0x00, 0x00, 0x00, 0x00,
    0x00, 0x00, 0x00, 0x00, 0x00, 0x00, 0x00, 0x00, 0x00, 0x00, 0x00, 0x00, 0x00, 0x00, 0x00, 0x00,
    0x00, 0x00, 0x00, 0x00, 0x00, 0x00, 0x00, 0x00, 0x00, 0x00, 0x00, 0x00, 0x00, 0x00, 0x00, 0x00,
    0x00, 0x00, 0x00, 0x00, 0x00, 0x00, 0x00, 0x00, 0x00, 0x00, 0x00, 0x00, 0x00, 0x00, 0x00, 0x00,
    0x00, 0x00, 0x00, 0x00, 0x00, 0x00, 0x00, 0x00, 0x00, 0x00, 0x00, 0x00, 0x00, 0x00, 0x00, 0x00,
    0x00, 0x00, 0x00, 0x00, 0x00, 0x00, 0x00, 0x00, 0x00, 0x00, 0x00, 0x00, 0x00, 0x00, 0x00, 0x00,
    0x00, 0x00, 0x00, 0x00, 0x00, 0x00, 0x00, 0x00, 0x00, 0x00, 0x00, 0x00, 0x00, 0x00, 0x00, 0x00,
    0x00, 0x00, 0x00, 0x00, 0x00, 0x00, 0x00, 0x00, 0x00, 0x00, 0x00, 0x00, 0x00, 0x00, 0x00, 0x00,
    0x00, 0x00, 0x00, 0x00, 0x00, 0x00, 0x00, 0x00, 0x00, 0x00, 0x00, 0x00, 0x00, 0x00, 0x00, 0x00,
    0x00, 0x00, 0x00, 0x00, 0x00, 0x00, 0x00, 0x00, 0x00, 0x00, 0x00, 0x00, 0x00, 0x00, 0x00, 0x00,
    0x00, 0x00, 0x00, 0x00, 0x00, 0x00, 0x00, 0x00, 0x00, 0x00, 0x00, 0x00, 0x00, 0x00, 0x00, 0x00,
    0x00, 0x00, 0x00, 0x00, 0x00, 0x00, 0x00, 0x00, 0x00, 0x00, 0x00, 0x00, 0x00, 0x00, 0x00, 0x00,
    0x00, 0x00, 0x00, 0x00, 0x00, 0x00, 0x00, 0x00, 0x00, 0x00, 0x00, 0x00, 0x00, 0x00, 0x00, 0x00,
    0x00, 0x00, 0x00, 0x00, 0x00, 0x00, 0x00, 0x00, 0x00, 0x00, 0x00, 0x00, 0x00, 0x00, 0x00, 0x00,
    0x00, 0x00, 0x00, 0x00, 0x00, 0x00, 0x00, 0x00, 0x00, 0x00, 0x00, 0x00, 0x00, 0x00, 0x00, 0x00,
    0x00, 0x00, 0x00, 0x00, 0x00, 0x00, 0x00, 0x00, 0x00, 0x00, 0x00, 0x00, 0x00, 0x00, 0x00, 0x00,
    0x00, 0x00, 0x00, 0x00, 0x00, 0x00, 0x00, 0x00, 0x00, 0x00, 0x00, 0x00, 0x00, 0x00, 0x00, 0x00,
    0x00, 0x00, 0x00, 0x00, 0x00, 0x00, 0x00, 0x00, 0x00, 0x00, 0x00, 0x00, 0x00, 0x00, 0x00, 0x00,
    0x00, 0x00, 0x00, 0x00, 0x00, 0x00, 0x00, 0x00, 0x00, 0x00, 0x00, 0x00, 0x00, 0x00, 0x00, 0x00,
    0x00, 0x00, 0x00, 0x00, 0x00, 0x00, 0x00, 0x00, 0x00, 0x00, 0x00, 0x00, 0x00, 0x00, 0x00, 0x00,
    0x00, 0x00, 0x00, 0x00, 0x00, 0x00, 0x00, 0x00, 0x00, 0x00, 0x00, 0x00, 0x00, 0x00, 0x00, 0x00,
    0x00, 0x00, 0x00, 0x00, 0x00, 0x00, 0x00, 0x00, 0x00, 0x00, 0x00, 0x00, 0x00, 0x00, 0x00, 0x00,
    0x00, 0x00, 0x00, 0x00, 0x00, 0x00, 0x00, 0x00, 0x00, 0x00, 0x00, 0x00, 0x00, 0x00, 0x00, 0x00,
    0x00, 0x00, 0x00, 0x00, 0x00, 0x00, 0x00, 0x00, 0x00, 0x00, 0x00, 0x00, 0x00, 0x00, 0x00, 0x00,
    0x00, 0x00, 0x00, 0x00, 0x00, 0x00, 0x00, 0x00, 0x00, 0x00, 0x00, 0x00, 0x00, 0x00, 0x00, 0x00,
    0x00, 0x00, 0x00, 0x00, 0x00, 0x00, 0x00, 0x00, 0x00, 0x00, 0x00, 0x00, 0x00, 0x00, 0x00, 0x00,
    0x00, 0x00, 0x00, 0x00, 0x00, 0x00, 0x00, 0x00, 0x00, 0x00, 0x00, 0x00, 0x00, 0x00, 0x00, 0x00,
    0x00, 0x00, 0x00, 0x00, 0x00, 0x00, 0x00, 0x00, 0x00, 0x00, 0x00, 0x00, 0x00, 0x00, 0x00, 0x00,
    0x00, 0x00, 0x00, 0x00, 0x00, 0x00, 0x00, 0x00, 0x00, 0x00, 0x00, 0x00, 0x00, 0x00, 0x00, 0x00,
    0x00, 0x00, 0x00, 0x00, 0x00, 0x00, 0x00, 0x00, 0x00, 0x00, 0x00, 0x00, 0x00, 0x00, 0x00, 0x00,
    0x00, 0x00, 0x00, 0x00, 0x00, 0x00, 0x00, 0x00, 0x00, 0x00, 0x00, 0x00, 0x00, 0x00, 0x00, 0x00,
    0x00, 0x00, 0x00, 0x00, 0x00, 0x00, 0x00, 0x00, 0x00, 0x00, 0x00, 0x00, 0x00, 0x00, 0x00, 0x00,
    0x00, 0x00, 0x00, 0x00, 0x00, 0x00, 0x00, 0x00, 0x00, 0x00, 0x00, 0x00, 0x00, 0x00, 0x00, 0x00,
    0x00, 0x00, 0x00, 0x00, 0x00, 0x00, 0x00, 0x00, 0x00, 0x00, 0x00, 0x00, 0x00, 0x00, 0x00, 0x00,
    0x00, 0x00, 0x00, 0x00, 0x00, 0x00, 0x00, 0x00, 0x00, 0x00, 0x00, 0x00, 0x00, 0x00, 0x00, 0x00,
    0x00, 0x00, 0x00, 0x00, 0x00, 0x00, 0x00, 0x00, 0x00, 0x00, 0x00, 0x00, 0x00, 0x00, 0x00, 0x00,
    0x00, 0x00, 0x00, 0x00, 0x00, 0x00, 0x00, 0x00, 0x00, 0x00, 0x00, 0x00, 0x00, 0x00, 0x00, 0x00,
    0x00, 0x00, 0x00, 0x00, 0x00, 0x00, 0x00, 0x00, 0x00, 0x00, 0x00, 0x00, 0x00, 0x00, 0x00, 0x00,
    0x00, 0x00, 0x00, 0x00, 0x00, 0x00, 0x00, 0x00, 0x00, 0x00, 0x00, 0x00, 0x00, 0x00, 0x00, 0x00,
    0x00, 0x00, 0x00, 0x00, 0x00, 0x00, 0x00, 0x00, 0x00, 0x00, 0x00, 0x00, 0x00, 0x00, 0x00, 0x00,
    0x00, 0x00, 0x00, 0x00, 0x00, 0x00, 0x00, 0x00, 0x00, 0x00, 0x00, 0x00, 0x00, 0x00, 0x00, 0x00,
    0x00, 0x00, 0x00, 0x00, 0x00, 0x00, 0x00, 0x00, 0x00, 0x00, 0x00, 0x00, 0x00, 0x00, 0x00, 0x00,
    0x00, 0x00, 0x00, 0x00, 0x00, 0x00, 0x00, 0x00, 0x00, 0x00, 0x00, 0x00, 0x00, 0x00, 0x00, 0x00,
    0x00, 0x00, 0x00, 0x00, 0x00, 0x00, 0x00, 0x00, 0x00, 0x00, 0x00, 0x00, 0x00, 0x00, 0x00, 0x00,
    0x00, 0x00, 0x00, 0x00, 0x00, 0x00, 0x00, 0x00, 0x00, 0x00, 0x00, 0x00, 0x00, 0x00, 0x00, 0x00,
    0x00, 0x00, 0x00, 0x00, 0x00, 0x00, 0x00, 0x00, 0x00, 0x00, 0x00, 0x00, 0x00, 0x00, 0x00, 0x00,
    0x00, 0x00, 0x00, 0x00, 0x00, 0x00, 0x00, 0x00, 0x00, 0x00, 0x00, 0x00, 0x00, 0x00, 0x00, 0x00,
    0x00, 0x00, 0x00, 0x00, 0x00, 0x00, 0x00, 0x00, 0x00, 0x00, 0x00, 0x00, 0x00, 0x00, 0x00, 0x00,
    0x00, 0x00, 0x00, 0x00, 0x00, 0x00, 0x00, 0x00, 0x00, 0x00, 0x00, 0x00, 0x00, 0x00, 0x00, 0x00,
    0x00, 0x00, 0x00, 0x00, 0x00, 0x00, 0x00, 0x00, 0x00, 0x00, 0x00, 0x00, 0x00, 0x00, 0x00, 0x00,
    0x00, 0x00, 0x00, 0x00, 0x00, 0x00, 0x00, 0x00, 0x00, 0x00, 0x00, 0x00, 0x00, 0x00, 0x00, 0x00,
    0x00, 0x00, 0x00, 0x00, 0x00, 0x00, 0x00, 0x00, 0x00, 0x00, 0x00, 0x00, 0x00, 0x00, 0x00, 0x00,
    0x00, 0x00, 0x00, 0x00, 0x00, 0x00, 0x00, 0x00, 0x00, 0x00, 0x00, 0x00, 0x00, 0x00, 0x00, 0x00,
    0x00, 0x00, 0x00, 0x00, 0x00, 0x00, 0x00, 0x00, 0x00, 0x00, 0x00, 0x00, 0x00, 0x00, 0x00, 0x00,
    0x00, 0x00, 0x00, 0x00, 0x00, 0x00, 0x00, 0x00, 0x00, 0x00, 0x00, 0x00, 0x00, 0x00, 0x00, 0x00,
    0x00, 0x00, 0x00, 0x00, 0x00, 0x00, 0x00, 0x00, 0x00, 0x00, 0x00, 0x00, 0x00, 0x00, 0x00, 0x00,
    0x00, 0x00, 0x00, 0x00, 0x00, 0x00, 0x00, 0x00, 0x00, 0x00, 0x00, 0x00, 0x00, 0x00, 0x00, 0x00,
    0x00, 0x00, 0x00, 0x00, 0x00, 0x00, 0x00, 0x00, 0x00, 0x00, 0x00, 0x00, 0x00, 0x00, 0x00, 0x00,
    0x00, 0x00, 0x00, 0x00, 0x00, 0x00, 0x00, 0x00, 0x00, 0x00, 0x00, 0x00, 0x00, 0x00, 0x00, 0x00,
    0x00, 0x00, 0x00, 0x00, 0x00, 0x00, 0x00, 0x00, 0x00, 0x00, 0x00, 0x00, 0x00, 0x00, 0x00, 0x00,
    0x00, 0x00, 0x00, 0x00, 0x00, 0x00, 0x00, 0x00, 0x00, 0x00, 0x00, 0x00, 0x00, 0x00, 0x00, 0x00,
    0x00, 0x00, 0x00, 0x00, 0x00, 0x00, 0x00, 0x00, 0x00, 0x00, 0x00, 0x00, 0x00, 0x00, 0x00, 0x00,
    0x00, 0x00, 0x00, 0x00, 0x00, 0x00, 0x00, 0x00, 0x00, 0x00, 0x00, 0x00, 0x00, 0x00, 0x00, 0x00,
    0x00, 0x00, 0x00, 0x00, 0x00, 0x00, 0x00, 0x00, 0x00, 0x00, 0x00, 0x00, 0x00, 0x00, 0x00, 0x00,
    0x00, 0x00, 0x00, 0x00, 0x00, 0x00, 0x00, 0x00, 0x00, 0x00, 0x00, 0x00, 0x00, 0x00, 0x00, 0x00,
    0x00, 0x00, 0x00, 0x00, 0x00, 0x00, 0x00, 0x00, 0x00, 0x00, 0x00, 0x00, 0x00, 0x00, 0x00, 0x00,
    0x00, 0x00, 0x00, 0x00, 0x00, 0x00, 0x00, 0x00, 0x00, 0x00, 0x00, 0x00, 0x00, 0x00, 0x00, 0x00,
    0x00, 0x00, 0x00, 0x00, 0x00, 0x00, 0x00, 0x00, 0x00, 0x00, 0x00, 0x00, 0x00, 0x00, 0x00, 0x00,
    0x00, 0x00, 0x00, 0x00, 0x00, 0x00, 0x00, 0x00, 0x00, 0x00, 0x00, 0x00, 0x00, 0x00, 0x00, 0x00,
    0x00, 0x00, 0x00, 0x00, 0x00, 0x00, 0x00, 0x00, 0x00, 0x00, 0x00, 0x00, 0x00, 0x00, 0x00, 0x00,
    0x00, 0x00, 0x00, 0x00, 0x00, 0x00, 0x00, 0x00, 0x00, 0x00, 0x00, 0x00, 0x00, 0x00, 0x00, 0x00,
    0x00, 0x00, 0x00, 0x00, 0x00, 0x00, 0x00, 0x00, 0x00, 0x00, 0x00, 0x00, 0x00, 0x00, 0x00, 0x00,
    0x00, 0x00, 0x00, 0x00, 0x00, 0x00, 0x00, 0x00, 0x00, 0x00, 0x00, 0x00, 0x00, 0x00, 0x00, 0x00,
    0x00, 0x00, 0x00, 0x00, 0x00, 0x00, 0x00, 0x00, 0x00, 0x00, 0x00, 0x00, 0x00, 0x00, 0x00, 0x00,
    0x00, 0x00, 0x00, 0x00, 0x00, 0x00, 0x00, 0x00, 0x00, 0x00, 0x00, 0x00, 0x00, 0x00, 0x00, 0x00,
    0x00, 0x00, 0x00, 0x00, 0x00, 0x00, 0x00, 0x00, 0x00, 0x00, 0x00, 0x00, 0x00, 0x00, 0x00, 0x00,
    0x00, 0x00, 0x00, 0x00, 0x00, 0x00, 0x00, 0x00, 0x00, 0x00, 0x00, 0x00, 0x00, 0x00, 0x00, 0x00,
    0x00, 0x00, 0x00, 0x00, 0x00, 0x00, 0x00, 0x00, 0x00, 0x00, 0x00, 0x00, 0x00, 0x00, 0x00, 0x00,
    0x00, 0x00, 0x00, 0x00, 0x00, 0x00, 0x00, 0x00, 0x00, 0x00, 0x00, 0x00, 0x00, 0x00, 0x00, 0x00,
    0x00, 0x00, 0x00, 0x00, 0x00, 0x00, 0x00, 0x00, 0x00, 0x00, 0x00, 0x00, 0x00, 0x00, 0x00, 0x00,
    0x00, 0x00, 0x00, 0x00, 0x00, 0x00, 0x00, 0x00, 0x00, 0x00, 0x00, 0x00, 0x00, 0x00, 0x00, 0x00,
    0x00, 0x00, 0x00, 0x00, 0x00, 0x00, 0x00, 0x00, 0x00, 0x00, 0x00, 0x00, 0x00, 0x00, 0x00, 0x00,
    0x00, 0x00, 0x00, 0x00, 0x00, 0x00, 0x00, 0x00, 0x00, 0x00, 0x00, 0x00, 0x00, 0x00, 0x00, 0x00,
    0x00, 0x00, 0x00, 0x00, 0x00, 0x00, 0x00, 0x00, 0x00, 0x00, 0x00, 0x00, 0x00, 0x00, 0x00, 0x00,
    0x00, 0x00, 0x00, 0x00, 0x00, 0x00, 0x00, 0x00, 0x00, 0x00, 0x00, 0x00, 0x00, 0x00, 0x00, 0x00,
    0x00, 0x00, 0x00, 0x00, 0x00, 0x00, 0x00, 0x00, 0x00, 0x00, 0x00, 0x00, 0x00, 0x00, 0x00, 0x00,
    0x00, 0x00, 0x00, 0x00, 0x00, 0x00, 0x00, 0x00, 0x00, 0x00, 0x00, 0x00, 0x00, 0x00, 0x00, 0x00,
    0x00, 0x00, 0x00, 0x00, 0x00, 0x00, 0x00, 0x00, 0x00, 0x00, 0x00, 0x00, 0x00, 0x00, 0x00, 0x00,
    0x00, 0x00, 0x00, 0x00, 0x00, 0x00, 0x00, 0x00, 0x00, 0x00, 0x00, 0x00, 0x00, 0x00, 0x00, 0x00,
    0x00, 0x00, 0x00, 0x00, 0x00, 0x00, 0x00, 0x00, 0x00, 0x00, 0x00, 0x00, 0x00, 0x00, 0x00, 0x00,
    0x00, 0x00, 0x00, 0x00, 0x00, 0x00, 0x00, 0x00, 0x00, 0x00, 0x00, 0x00, 0x00, 0x00, 0x00, 0x00,
    0x00, 0x00, 0x00, 0x00, 0x00, 0x00, 0x00, 0x00, 0x00, 0x00, 0x00, 0x00, 0x00, 0x00, 0x00, 0x00,
    0x00, 0x00, 0x00, 0x00, 0x00, 0x00, 0x00, 0x00, 0x00, 0x00, 0x00, 0x00, 0x00, 0x00, 0x00, 0x00,
    0x00, 0x00, 0x00, 0x00, 0x00, 0x00, 0x00, 0x00, 0x00, 0x00, 0x00, 0x00, 0x00, 0x00, 0x00, 0x00,
    0x00, 0x00, 0x00, 0x00, 0x00, 0x00, 0x00, 0x00, 0x00, 0x00, 0x00, 0x00, 0x00, 0x00, 0x00, 0x00,
    0x00, 0x00, 0x00, 0x00, 0x00, 0x00, 0x00, 0x00, 0x00, 0x00, 0x00, 0x00, 0x00, 0x00, 0x00, 0x00,
    0x00, 0x00, 0x00, 0x00, 0x00, 0x00, 0x00, 0x00, 0x00, 0x00, 0x00, 0x00, 0x00, 0x00, 0x00, 0x00,
    0x00, 0x00, 0x00, 0x00, 0x00, 0x00, 0x00, 0x00, 0x00, 0x00, 0x00, 0x00, 0x00, 0x00, 0x00, 0x00,
    0x00, 0x00, 0x00, 0x00, 0x00, 0x00, 0x00, 0x00, 0x00, 0x00, 0x00, 0x00, 0x00, 0x00, 0x00, 0x00,
    0x00, 0x00, 0x00, 0x00, 0x00, 0x00, 0x00, 0x00, 0x00, 0x00, 0x00, 0x00, 0x00, 0x00, 0x00, 0x00,
    0x00, 0x00, 0x00, 0x00, 0x00, 0x00, 0x00, 0x00, 0x00, 0x00, 0x00, 0x00, 0x00, 0x00, 0x00, 0x00,
    0x00, 0x00, 0x00, 0x00, 0x00, 0x00, 0x00, 0x00, 0x00, 0x00, 0x00, 0x00, 0x00, 0x00, 0x00, 0x00,
    0x00, 0x00, 0x00, 0x00, 0x00, 0x00, 0x00, 0x00, 0x00, 0x00, 0x00, 0x00, 0x00, 0x00, 0x00, 0x00,
    0x00, 0x00, 0x00, 0x00, 0x00, 0x00, 0x00, 0x00, 0x00, 0x00, 0x00, 0x00, 0x00, 0x00, 0x00, 0x00,
    0x00, 0x00, 0x00, 0x00, 0x00, 0x00, 0x00, 0x00, 0x88, 0x13, 0x00, 0x00, 0x88, 0x13, 0x00, 0x00,
    0x01, 0x00, 0x00, 0x00,
};
static unsigned char __attribute__((aligned(4))) stSecClmInterOri_lit[6548] = {
    0x00, 0x00, 0x00, 0x00, 0x00, 0x00, 0x00, 0x00, 0x00, 0x00, 0x00, 0x00, 0x00, 0x00, 0x00, 0x00,
    0x00, 0x00, 0x00, 0x00, 0x00, 0x00, 0x00, 0x00, 0x00, 0x00, 0x00, 0x00, 0x00, 0x00, 0x00, 0x00,
    0x00, 0x00, 0x00, 0x00, 0x00, 0x00, 0x00, 0x00, 0x00, 0x00, 0x00, 0x00, 0x00, 0x00, 0x00, 0x00,
    0x00, 0x00, 0x00, 0x00, 0x00, 0x00, 0x00, 0x00, 0x00, 0x00, 0x00, 0x00, 0x00, 0x00, 0x00, 0x00,
    0x00, 0x00, 0x00, 0x00, 0x00, 0x00, 0x00, 0x00, 0x00, 0x00, 0x00, 0x00, 0x00, 0x00, 0x00, 0x00,
    0x00, 0x00, 0x00, 0x00, 0x00, 0x00, 0x00, 0x00, 0x00, 0x00, 0x00, 0x00, 0x00, 0x00, 0x00, 0x00,
    0x00, 0x00, 0x00, 0x00, 0x00, 0x00, 0x00, 0x00, 0x00, 0x00, 0x00, 0x00, 0x00, 0x00, 0x00, 0x00,
    0x00, 0x00, 0x00, 0x00, 0x00, 0x00, 0x00, 0x00, 0x00, 0x00, 0x00, 0x00, 0x00, 0x00, 0x00, 0x00,
    0x00, 0x00, 0x00, 0x00, 0x00, 0x00, 0x00, 0x00, 0x00, 0x00, 0x00, 0x00, 0x00, 0x00, 0x00, 0x00,
    0x00, 0x00, 0x00, 0x00, 0x00, 0x00, 0x00, 0x00, 0x00, 0x00, 0x00, 0x00, 0x00, 0x00, 0x00, 0x00,
    0x00, 0x00, 0x00, 0x00, 0x00, 0x00, 0x00, 0x00, 0x00, 0x00, 0x00, 0x00, 0x00, 0x00, 0x00, 0x00,
    0x00, 0x00, 0x00, 0x00, 0x00, 0x00, 0x00, 0x00, 0x00, 0x00, 0x00, 0x00, 0x00, 0x00, 0x00, 0x00,
    0x00, 0x00, 0x00, 0x00, 0x00, 0x00, 0x00, 0x00, 0x00, 0x00, 0x00, 0x00, 0x00, 0x00, 0x00, 0x00,
    0x00, 0x00, 0x00, 0x00, 0x00, 0x00, 0x00, 0x00, 0x00, 0x00, 0x00, 0x00, 0x00, 0x00, 0x00, 0x00,
    0x00, 0x00, 0x00, 0x00, 0x00, 0x00, 0x00, 0x00, 0x00, 0x00, 0x00, 0x00, 0x00, 0x00, 0x00, 0x00,
    0x00, 0x00, 0x00, 0x00, 0x00, 0x00, 0x00, 0x00, 0x00, 0x00, 0x00, 0x00, 0x00, 0x00, 0x00, 0x00,
    0x00, 0x00, 0x00, 0x00, 0x00, 0x00, 0x00, 0x00, 0x00, 0x00, 0x00, 0x00, 0x00, 0x00, 0x00, 0x00,
    0x00, 0x00, 0x00, 0x00, 0x00, 0x00, 0x00, 0x00, 0x00, 0x00, 0x00, 0x00, 0x00, 0x00, 0x00, 0x00,
    0x00, 0x00, 0x00, 0x00, 0x00, 0x00, 0x00, 0x00, 0x00, 0x00, 0x00, 0x00, 0x00, 0x00, 0x00, 0x00,
    0x00, 0x00, 0x00, 0x00, 0x00, 0x00, 0x00, 0x00, 0x00, 0x00, 0x00, 0x00, 0x00, 0x00, 0x00, 0x00,
    0x00, 0x00, 0x00, 0x00, 0x00, 0x00, 0x00, 0x00, 0x00, 0x00, 0x00, 0x00, 0x00, 0x00, 0x00, 0x00,
    0x00, 0x00, 0x00, 0x00, 0x00, 0x00, 0x00, 0x00, 0x00, 0x00, 0x00, 0x00, 0x00, 0x00, 0x00, 0x00,
    0x00, 0x00, 0x00, 0x00, 0x00, 0x00, 0x00, 0x00, 0x00, 0x00, 0x00, 0x00, 0x00, 0x00, 0x00, 0x00,
    0x00, 0x00, 0x00, 0x00, 0x00, 0x00, 0x00, 0x00, 0x00, 0x00, 0x00, 0x00, 0x00, 0x00, 0x00, 0x00,
    0x00, 0x00, 0x00, 0x00, 0x00, 0x00, 0x00, 0x00, 0x00, 0x00, 0x00, 0x00, 0x00, 0x00, 0x00, 0x00,
    0x00, 0x00, 0x00, 0x00, 0x00, 0x00, 0x00, 0x00, 0x00, 0x00, 0x00, 0x00, 0x00, 0x00, 0x00, 0x00,
    0x00, 0x00, 0x00, 0x00, 0x00, 0x00, 0x00, 0x00, 0x00, 0x00, 0x00, 0x00, 0x00, 0x00, 0x00, 0x00,
    0x00, 0x00, 0x00, 0x00, 0x00, 0x00, 0x00, 0x00, 0x00, 0x00, 0x00, 0x00, 0x00, 0x00, 0x00, 0x00,
    0x00, 0x00, 0x00, 0x00, 0x00, 0x00, 0x00, 0x00, 0x00, 0x00, 0x00, 0x00, 0x00, 0x00, 0x00, 0x00,
    0x00, 0x00, 0x00, 0x00, 0x00, 0x00, 0x00, 0x00, 0x00, 0x00, 0x00, 0x00, 0x00, 0x00, 0x00, 0x00,
    0x00, 0x00, 0x00, 0x00, 0x00, 0x00, 0x00, 0x00, 0x00, 0x00, 0x00, 0x00, 0x00, 0x00, 0x00, 0x00,
    0x00, 0x00, 0x00, 0x00, 0x00, 0x00, 0x00, 0x00, 0x00, 0x00, 0x00, 0x00, 0x00, 0x00, 0x00, 0x00,
    0x00, 0x00, 0x00, 0x00, 0x00, 0x00, 0x00, 0x00, 0x00, 0x00, 0x00, 0x00, 0x00, 0x00, 0x00, 0x00,
    0x00, 0x00, 0x00, 0x00, 0x00, 0x00, 0x00, 0x00, 0x00, 0x00, 0x00, 0x00, 0x00, 0x00, 0x00, 0x00,
    0x00, 0x00, 0x00, 0x00, 0x00, 0x00, 0x00, 0x00, 0x00, 0x00, 0x00, 0x00, 0x00, 0x00, 0x00, 0x00,
    0x00, 0x00, 0x00, 0x00, 0x00, 0x00, 0x00, 0x00, 0x00, 0x00, 0x00, 0x00, 0x00, 0x00, 0x00, 0x00,
    0x00, 0x00, 0x00, 0x00, 0x00, 0x00, 0x00, 0x00, 0x00, 0x00, 0x00, 0x00, 0x00, 0x00, 0x00, 0x00,
    0x00, 0x00, 0x00, 0x00, 0x00, 0x00, 0x00, 0x00, 0x00, 0x00, 0x00, 0x00, 0x00, 0x00, 0x00, 0x00,
    0x00, 0x00, 0x00, 0x00, 0x00, 0x00, 0x00, 0x00, 0x00, 0x00, 0x00, 0x00, 0x00, 0x00, 0x00, 0x00,
    0x00, 0x00, 0x00, 0x00, 0x00, 0x00, 0x00, 0x00, 0x00, 0x00, 0x00, 0x00, 0x00, 0x00, 0x00, 0x00,
    0x00, 0x00, 0x00, 0x00, 0x00, 0x00, 0x00, 0x00, 0x00, 0x00, 0x00, 0x00, 0x00, 0x00, 0x00, 0x00,
    0x00, 0x00, 0x00, 0x00, 0x00, 0x00, 0x00, 0x00, 0x00, 0x00, 0x00, 0x00, 0x00, 0x00, 0x00, 0x00,
    0x00, 0x00, 0x00, 0x00, 0x00, 0x00, 0x00, 0x00, 0x00, 0x00, 0x00, 0x00, 0x00, 0x00, 0x00, 0x00,
    0x00, 0x00, 0x00, 0x00, 0x00, 0x00, 0x00, 0x00, 0x00, 0x00, 0x00, 0x00, 0x00, 0x00, 0x00, 0x00,
    0x00, 0x00, 0x00, 0x00, 0x00, 0x00, 0x00, 0x00, 0x00, 0x00, 0x00, 0x00, 0x00, 0x00, 0x00, 0x00,
    0x00, 0x00, 0x00, 0x00, 0x00, 0x00, 0x00, 0x00, 0x00, 0x00, 0x00, 0x00, 0x00, 0x00, 0x00, 0x00,
    0x00, 0x00, 0x00, 0x00, 0x00, 0x00, 0x00, 0x00, 0x00, 0x00, 0x00, 0x00, 0x00, 0x00, 0x00, 0x00,
    0x00, 0x00, 0x00, 0x00, 0x00, 0x00, 0x00, 0x00, 0x00, 0x00, 0x00, 0x00, 0x00, 0x00, 0x00, 0x00,
    0x00, 0x00, 0x00, 0x00, 0x00, 0x00, 0x00, 0x00, 0x00, 0x00, 0x00, 0x00, 0x00, 0x00, 0x00, 0x00,
    0x00, 0x00, 0x00, 0x00, 0x00, 0x00, 0x00, 0x00, 0x00, 0x00, 0x00, 0x00, 0x00, 0x00, 0x00, 0x00,
    0x00, 0x00, 0x00, 0x00, 0x00, 0x00, 0x00, 0x00, 0x00, 0x00, 0x00, 0x00, 0x00, 0x00, 0x00, 0x00,
    0x00, 0x00, 0x00, 0x00, 0x00, 0x00, 0x00, 0x00, 0x00, 0x00, 0x00, 0x00, 0x00, 0x00, 0x00, 0x00,
    0x00, 0x00, 0x00, 0x00, 0x00, 0x00, 0x00, 0x00, 0x00, 0x00, 0x00, 0x00, 0x00, 0x00, 0x00, 0x00,
    0x00, 0x00, 0x00, 0x00, 0x00, 0x00, 0x00, 0x00, 0x00, 0x00, 0x00, 0x00, 0x00, 0x00, 0x00, 0x00,
    0x00, 0x00, 0x00, 0x00, 0x00, 0x00, 0x00, 0x00, 0x00, 0x00, 0x00, 0x00, 0x00, 0x00, 0x00, 0x00,
    0x00, 0x00, 0x00, 0x00, 0x00, 0x00, 0x00, 0x00, 0x00, 0x00, 0x00, 0x00, 0x00, 0x00, 0x00, 0x00,
    0x00, 0x00, 0x00, 0x00, 0x00, 0x00, 0x00, 0x00, 0x00, 0x00, 0x00, 0x00, 0x00, 0x00, 0x00, 0x00,
    0x00, 0x00, 0x00, 0x00, 0x00, 0x00, 0x00, 0x00, 0x00, 0x00, 0x00, 0x00, 0x00, 0x00, 0x00, 0x00,
    0x00, 0x00, 0x00, 0x00, 0x00, 0x00, 0x00, 0x00, 0x00, 0x00, 0x00, 0x00, 0x00, 0x00, 0x00, 0x00,
    0x00, 0x00, 0x00, 0x00, 0x00, 0x00, 0x00, 0x00, 0x00, 0x00, 0x00, 0x00, 0x00, 0x00, 0x00, 0x00,
    0x00, 0x00, 0x00, 0x00, 0x00, 0x00, 0x00, 0x00, 0x00, 0x00, 0x00, 0x00, 0x00, 0x00, 0x00, 0x00,
    0x00, 0x00, 0x00, 0x00, 0x00, 0x00, 0x00, 0x00, 0x00, 0x00, 0x00, 0x00, 0x00, 0x00, 0x00, 0x00,
    0x00, 0x00, 0x00, 0x00, 0x00, 0x00, 0x00, 0x00, 0x00, 0x00, 0x00, 0x00, 0x00, 0x00, 0x00, 0x00,
    0x00, 0x00, 0x00, 0x00, 0x00, 0x00, 0x00, 0x00, 0x00, 0x00, 0x00, 0x00, 0x00, 0x00, 0x00, 0x00,
    0x00, 0x00, 0x00, 0x00, 0x00, 0x00, 0x00, 0x00, 0x00, 0x00, 0x00, 0x00, 0x00, 0x00, 0x00, 0x00,
    0x00, 0x00, 0x00, 0x00, 0x00, 0x00, 0x00, 0x00, 0x00, 0x00, 0x00, 0x00, 0x00, 0x00, 0x00, 0x00,
    0x00, 0x00, 0x00, 0x00, 0x00, 0x00, 0x00, 0x00, 0x00, 0x00, 0x00, 0x00, 0x00, 0x00, 0x00, 0x00,
    0x00, 0x00, 0x00, 0x00, 0x00, 0x00, 0x00, 0x00, 0x00, 0x00, 0x00, 0x00, 0x00, 0x00, 0x00, 0x00,
    0x00, 0x00, 0x00, 0x00, 0x00, 0x00, 0x00, 0x00, 0x00, 0x00, 0x00, 0x00, 0x00, 0x00, 0x00, 0x00,
    0x00, 0x00, 0x00, 0x00, 0x00, 0x00, 0x00, 0x00, 0x00, 0x00, 0x00, 0x00, 0x00, 0x00, 0x00, 0x00,
    0x00, 0x00, 0x00, 0x00, 0x00, 0x00, 0x00, 0x00, 0x00, 0x00, 0x00, 0x00, 0x00, 0x00, 0x00, 0x00,
    0x00, 0x00, 0x00, 0x00, 0x00, 0x00, 0x00, 0x00, 0x00, 0x00, 0x00, 0x00, 0x00, 0x00, 0x00, 0x00,
    0x00, 0x00, 0x00, 0x00, 0x00, 0x00, 0x00, 0x00, 0x00, 0x00, 0x00, 0x00, 0x00, 0x00, 0x00, 0x00,
    0x00, 0x00, 0x00, 0x00, 0x00, 0x00, 0x00, 0x00, 0x00, 0x00, 0x00, 0x00, 0x00, 0x00, 0x00, 0x00,
    0x00, 0x00, 0x00, 0x00, 0x00, 0x00, 0x00, 0x00, 0x00, 0x00, 0x00, 0x00, 0x00, 0x00, 0x00, 0x00,
    0x00, 0x00, 0x00, 0x00, 0x00, 0x00, 0x00, 0x00, 0x00, 0x00, 0x00, 0x00, 0x00, 0x00, 0x00, 0x00,
    0x00, 0x00, 0x00, 0x00, 0x00, 0x00, 0x00, 0x00, 0x00, 0x00, 0x00, 0x00, 0x00, 0x00, 0x00, 0x00,
    0x00, 0x00, 0x00, 0x00, 0x00, 0x00, 0x00, 0x00, 0x00, 0x00, 0x00, 0x00, 0x00, 0x00, 0x00, 0x00,
    0x00, 0x00, 0x00, 0x00, 0x00, 0x00, 0x00, 0x00, 0x00, 0x00, 0x00, 0x00, 0x00, 0x00, 0x00, 0x00,
    0x00, 0x00, 0x00, 0x00, 0x00, 0x00, 0x00, 0x00, 0x00, 0x00, 0x00, 0x00, 0x00, 0x00, 0x00, 0x00,
    0x00, 0x00, 0x00, 0x00, 0x00, 0x00, 0x00, 0x00, 0x00, 0x00, 0x00, 0x00, 0x00, 0x00, 0x00, 0x00,
    0x00, 0x00, 0x00, 0x00, 0x00, 0x00, 0x00, 0x00, 0x00, 0x00, 0x00, 0x00, 0x00, 0x00, 0x00, 0x00,
    0x00, 0x00, 0x00, 0x00, 0x00, 0x00, 0x00, 0x00, 0x00, 0x00, 0x00, 0x00, 0x00, 0x00, 0x00, 0x00,
    0x00, 0x00, 0x00, 0x00, 0x00, 0x00, 0x00, 0x00, 0x00, 0x00, 0x00, 0x00, 0x00, 0x00, 0x00, 0x00,
    0x00, 0x00, 0x00, 0x00, 0x00, 0x00, 0x00, 0x00, 0x00, 0x00, 0x00, 0x00, 0x00, 0x00, 0x00, 0x00,
    0x00, 0x00, 0x00, 0x00, 0x00, 0x00, 0x00, 0x00, 0x00, 0x00, 0x00, 0x00, 0x00, 0x00, 0x00, 0x00,
    0x00, 0x00, 0x00, 0x00, 0x00, 0x00, 0x00, 0x00, 0x00, 0x00, 0x00, 0x00, 0x00, 0x00, 0x00, 0x00,
    0x00, 0x00, 0x00, 0x00, 0x00, 0x00, 0x00, 0x00, 0x00, 0x00, 0x00, 0x00, 0x00, 0x00, 0x00, 0x00,
    0x00, 0x00, 0x00, 0x00, 0x00, 0x00, 0x00, 0x00, 0x00, 0x00, 0x00, 0x00, 0x00, 0x00, 0x00, 0x00,
    0x00, 0x00, 0x00, 0x00, 0x00, 0x00, 0x00, 0x00, 0x00, 0x00, 0x00, 0x00, 0x00, 0x00, 0x00, 0x00,
    0x00, 0x00, 0x00, 0x00, 0x00, 0x00, 0x00, 0x00, 0x00, 0x00, 0x00, 0x00, 0x00, 0x00, 0x00, 0x00,
    0x00, 0x00, 0x00, 0x00, 0x00, 0x00, 0x00, 0x00, 0x00, 0x00, 0x00, 0x00, 0x00, 0x00, 0x00, 0x00,
    0x00, 0x00, 0x00, 0x00, 0x00, 0x00, 0x00, 0x00, 0x00, 0x00, 0x00, 0x00, 0x00, 0x00, 0x00, 0x00,
    0x00, 0x00, 0x00, 0x00, 0x00, 0x00, 0x00, 0x00, 0x00, 0x00, 0x00, 0x00, 0x00, 0x00, 0x00, 0x00,
    0x00, 0x00, 0x00, 0x00, 0x00, 0x00, 0x00, 0x00, 0x00, 0x00, 0x00, 0x00, 0x00, 0x00, 0x00, 0x00,
    0x00, 0x00, 0x00, 0x00, 0x00, 0x00, 0x00, 0x00, 0x00, 0x00, 0x00, 0x00, 0x00, 0x00, 0x00, 0x00,
    0x00, 0x00, 0x00, 0x00, 0x00, 0x00, 0x00, 0x00, 0x00, 0x00, 0x00, 0x00, 0x00, 0x00, 0x00, 0x00,
    0x00, 0x00, 0x00, 0x00, 0x00, 0x00, 0x00, 0x00, 0x00, 0x00, 0x00, 0x00, 0x00, 0x00, 0x00, 0x00,
    0x00, 0x00, 0x00, 0x00, 0x00, 0x00, 0x00, 0x00, 0x00, 0x00, 0x00, 0x00, 0x00, 0x00, 0x00, 0x00,
    0x00, 0x00, 0x00, 0x00, 0x00, 0x00, 0x00, 0x00, 0x00, 0x00, 0x00, 0x00, 0x00, 0x00, 0x00, 0x00,
    0x00, 0x00, 0x00, 0x00, 0x00, 0x00, 0x00, 0x00, 0x00, 0x00, 0x00, 0x00, 0x00, 0x00, 0x00, 0x00,
    0x00, 0x00, 0x00, 0x00, 0x00, 0x00, 0x00, 0x00, 0x00, 0x00, 0x00, 0x00, 0x00, 0x00, 0x00, 0x00,
    0x00, 0x00, 0x00, 0x00, 0x00, 0x00, 0x00, 0x00, 0x00, 0x00, 0x00, 0x00, 0x00, 0x00, 0x00, 0x00,
    0x00, 0x00, 0x00, 0x00, 0x00, 0x00, 0x00, 0x00, 0x00, 0x00, 0x00, 0x00, 0x00, 0x00, 0x00, 0x00,
    0x00, 0x00, 0x00, 0x00, 0x00, 0x00, 0x00, 0x00, 0x00, 0x00, 0x00, 0x00, 0x00, 0x00, 0x00, 0x00,
    0x00, 0x00, 0x00, 0x00, 0x00, 0x00, 0x00, 0x00, 0x00, 0x00, 0x00, 0x00, 0x00, 0x00, 0x00, 0x00,
    0x00, 0x00, 0x00, 0x00, 0x00, 0x00, 0x00, 0x00, 0x00, 0x00, 0x00, 0x00, 0x00, 0x00, 0x00, 0x00,
    0x00, 0x00, 0x00, 0x00, 0x00, 0x00, 0x00, 0x00, 0x00, 0x00, 0x00, 0x00, 0x00, 0x00, 0x00, 0x00,
    0x00, 0x00, 0x00, 0x00, 0x00, 0x00, 0x00, 0x00, 0x00, 0x00, 0x00, 0x00, 0x00, 0x00, 0x00, 0x00,
    0x00, 0x00, 0x00, 0x00, 0x00, 0x00, 0x00, 0x00, 0x00, 0x00, 0x00, 0x00, 0x00, 0x00, 0x00, 0x00,
    0x00, 0x00, 0x00, 0x00, 0x00, 0x00, 0x00, 0x00, 0x00, 0x00, 0x00, 0x00, 0x00, 0x00, 0x00, 0x00,
    0x00, 0x00, 0x00, 0x00, 0x00, 0x00, 0x00, 0x00, 0x00, 0x00, 0x00, 0x00, 0x00, 0x00, 0x00, 0x00,
    0x00, 0x00, 0x00, 0x00, 0x00, 0x00, 0x00, 0x00, 0x00, 0x00, 0x00, 0x00, 0x00, 0x00, 0x00, 0x00,
    0x00, 0x00, 0x00, 0x00, 0x00, 0x00, 0x00, 0x00, 0x00, 0x00, 0x00, 0x00, 0x00, 0x00, 0x00, 0x00,
    0x00, 0x00, 0x00, 0x00, 0x00, 0x00, 0x00, 0x00, 0x00, 0x00, 0x00, 0x00, 0x00, 0x00, 0x00, 0x00,
    0x00, 0x00, 0x00, 0x00, 0x00, 0x00, 0x00, 0x00, 0x00, 0x00, 0x00, 0x00, 0x00, 0x00, 0x00, 0x00,
    0x00, 0x00, 0x00, 0x00, 0x00, 0x00, 0x00, 0x00, 0x00, 0x00, 0x00, 0x00, 0x00, 0x00, 0x00, 0x00,
    0x00, 0x00, 0x00, 0x00, 0x00, 0x00, 0x00, 0x00, 0x00, 0x00, 0x00, 0x00, 0x00, 0x00, 0x00, 0x00,
    0x00, 0x00, 0x00, 0x00, 0x00, 0x00, 0x00, 0x00, 0x00, 0x00, 0x00, 0x00, 0x00, 0x00, 0x00, 0x00,
    0x00, 0x00, 0x00, 0x00, 0x00, 0x00, 0x00, 0x00, 0x00, 0x00, 0x00, 0x00, 0x00, 0x00, 0x00, 0x00,
    0x00, 0x00, 0x00, 0x00, 0x00, 0x00, 0x00, 0x00, 0x00, 0x00, 0x00, 0x00, 0x00, 0x00, 0x00, 0x00,
    0x00, 0x00, 0x00, 0x00, 0x00, 0x00, 0x00, 0x00, 0x00, 0x00, 0x00, 0x00, 0x00, 0x00, 0x00, 0x00,
    0x00, 0x00, 0x00, 0x00, 0x00, 0x00, 0x00, 0x00, 0x00, 0x00, 0x00, 0x00, 0x00, 0x00, 0x00, 0x00,
    0x00, 0x00, 0x00, 0x00, 0x00, 0x00, 0x00, 0x00, 0x00, 0x00, 0x00, 0x00, 0x00, 0x00, 0x00, 0x00,
    0x00, 0x00, 0x00, 0x00, 0x00, 0x00, 0x00, 0x00, 0x00, 0x00, 0x00, 0x00, 0x00, 0x00, 0x00, 0x00,
    0x00, 0x00, 0x00, 0x00, 0x00, 0x00, 0x00, 0x00, 0x00, 0x00, 0x00, 0x00, 0x00, 0x00, 0x00, 0x00,
    0x00, 0x00, 0x00, 0x00, 0x00, 0x00, 0x00, 0x00, 0x00, 0x00, 0x00, 0x00, 0x00, 0x00, 0x00, 0x00,
    0x00, 0x00, 0x00, 0x00, 0x00, 0x00, 0x00, 0x00, 0x00, 0x00, 0x00, 0x00, 0x00, 0x00, 0x00, 0x00,
    0x00, 0x00, 0x00, 0x00, 0x00, 0x00, 0x00, 0x00, 0x00, 0x00, 0x00, 0x00, 0x00, 0x00, 0x00, 0x00,
    0x00, 0x00, 0x00, 0x00, 0x00, 0x00, 0x00, 0x00, 0x00, 0x00, 0x00, 0x00, 0x00, 0x00, 0x00, 0x00,
    0x00, 0x00, 0x00, 0x00, 0x00, 0x00, 0x00, 0x00, 0x00, 0x00, 0x00, 0x00, 0x00, 0x00, 0x00, 0x00,
    0x00, 0x00, 0x00, 0x00, 0x00, 0x00, 0x00, 0x00, 0x00, 0x00, 0x00, 0x00, 0x00, 0x00, 0x00, 0x00,
    0x00, 0x00, 0x00, 0x00, 0x00, 0x00, 0x00, 0x00, 0x00, 0x00, 0x00, 0x00, 0x00, 0x00, 0x00, 0x00,
    0x00, 0x00, 0x00, 0x00, 0x00, 0x00, 0x00, 0x00, 0x00, 0x00, 0x00, 0x00, 0x00, 0x00, 0x00, 0x00,
    0x00, 0x00, 0x00, 0x00, 0x00, 0x00, 0x00, 0x00, 0x00, 0x00, 0x00, 0x00, 0x00, 0x00, 0x00, 0x00,
    0x00, 0x00, 0x00, 0x00, 0x00, 0x00, 0x00, 0x00, 0x00, 0x00, 0x00, 0x00, 0x00, 0x00, 0x00, 0x00,
    0x00, 0x00, 0x00, 0x00, 0x00, 0x00, 0x00, 0x00, 0x00, 0x00, 0x00, 0x00, 0x00, 0x00, 0x00, 0x00,
    0x00, 0x00, 0x00, 0x00, 0x00, 0x00, 0x00, 0x00, 0x00, 0x00, 0x00, 0x00, 0x00, 0x00, 0x00, 0x00,
    0x00, 0x00, 0x00, 0x00, 0x00, 0x00, 0x00, 0x00, 0x00, 0x00, 0x00, 0x00, 0x00, 0x00, 0x00, 0x00,
    0x00, 0x00, 0x00, 0x00, 0x00, 0x00, 0x00, 0x00, 0x00, 0x00, 0x00, 0x00, 0x00, 0x00, 0x00, 0x00,
    0x00, 0x00, 0x00, 0x00, 0x00, 0x00, 0x00, 0x00, 0x00, 0x00, 0x00, 0x00, 0x00, 0x00, 0x00, 0x00,
    0x00, 0x00, 0x00, 0x00, 0x00, 0x00, 0x00, 0x00, 0x00, 0x00, 0x00, 0x00, 0x00, 0x00, 0x00, 0x00,
    0x00, 0x00, 0x00, 0x00, 0x00, 0x00, 0x00, 0x00, 0x00, 0x00, 0x00, 0x00, 0x00, 0x00, 0x00, 0x00,
    0x00, 0x00, 0x00, 0x00, 0x00, 0x00, 0x00, 0x00, 0x00, 0x00, 0x00, 0x00, 0x00, 0x00, 0x00, 0x00,
    0x00, 0x00, 0x00, 0x00, 0x00, 0x00, 0x00, 0x00, 0x00, 0x00, 0x00, 0x00, 0x00, 0x00, 0x00, 0x00,
    0x00, 0x00, 0x00, 0x00, 0x00, 0x00, 0x00, 0x00, 0x00, 0x00, 0x00, 0x00, 0x00, 0x00, 0x00, 0x00,
    0x00, 0x00, 0x00, 0x00, 0x00, 0x00, 0x00, 0x00, 0x00, 0x00, 0x00, 0x00, 0x00, 0x00, 0x00, 0x00,
    0x00, 0x00, 0x00, 0x00, 0x00, 0x00, 0x00, 0x00, 0x00, 0x00, 0x00, 0x00, 0x00, 0x00, 0x00, 0x00,
    0x00, 0x00, 0x00, 0x00, 0x00, 0x00, 0x00, 0x00, 0x00, 0x00, 0x00, 0x00, 0x00, 0x00, 0x00, 0x00,
    0x00, 0x00, 0x00, 0x00, 0x00, 0x00, 0x00, 0x00, 0x00, 0x00, 0x00, 0x00, 0x00, 0x00, 0x00, 0x00,
    0x00, 0x00, 0x00, 0x00, 0x00, 0x00, 0x00, 0x00, 0x00, 0x00, 0x00, 0x00, 0x00, 0x00, 0x00, 0x00,
    0x00, 0x00, 0x00, 0x00, 0x00, 0x00, 0x00, 0x00, 0x00, 0x00, 0x00, 0x00, 0x00, 0x00, 0x00, 0x00,
    0x00, 0x00, 0x00, 0x00, 0x00, 0x00, 0x00, 0x00, 0x00, 0x00, 0x00, 0x00, 0x00, 0x00, 0x00, 0x00,
    0x00, 0x00, 0x00, 0x00, 0x00, 0x00, 0x00, 0x00, 0x00, 0x00, 0x00, 0x00, 0x00, 0x00, 0x00, 0x00,
    0x00, 0x00, 0x00, 0x00, 0x00, 0x00, 0x00, 0x00, 0x00, 0x00, 0x00, 0x00, 0x00, 0x00, 0x00, 0x00,
    0x00, 0x00, 0x00, 0x00, 0x00, 0x00, 0x00, 0x00, 0x00, 0x00, 0x00, 0x00, 0x00, 0x00, 0x00, 0x00,
    0x00, 0x00, 0x00, 0x00, 0x00, 0x00, 0x00, 0x00, 0x00, 0x00, 0x00, 0x00, 0x00, 0x00, 0x00, 0x00,
    0x00, 0x00, 0x00, 0x00, 0x00, 0x00, 0x00, 0x00, 0x00, 0x00, 0x00, 0x00, 0x00, 0x00, 0x00, 0x00,
    0x00, 0x00, 0x00, 0x00, 0x00, 0x00, 0x00, 0x00, 0x00, 0x00, 0x00, 0x00, 0x00, 0x00, 0x00, 0x00,
    0x00, 0x00, 0x00, 0x00, 0x00, 0x00, 0x00, 0x00, 0x00, 0x00, 0x00, 0x00, 0x00, 0x00, 0x00, 0x00,
    0x00, 0x00, 0x00, 0x00, 0x00, 0x00, 0x00, 0x00, 0x00, 0x00, 0x00, 0x00, 0x00, 0x00, 0x00, 0x00,
    0x00, 0x00, 0x00, 0x00, 0x00, 0x00, 0x00, 0x00, 0x00, 0x00, 0x00, 0x00, 0x00, 0x00, 0x00, 0x00,
    0x00, 0x00, 0x00, 0x00, 0x00, 0x00, 0x00, 0x00, 0x00, 0x00, 0x00, 0x00, 0x00, 0x00, 0x00, 0x00,
    0x00, 0x00, 0x00, 0x00, 0x00, 0x00, 0x00, 0x00, 0x00, 0x00, 0x00, 0x00, 0x00, 0x00, 0x00, 0x00,
    0x00, 0x00, 0x00, 0x00, 0x00, 0x00, 0x00, 0x00, 0x00, 0x00, 0x00, 0x00, 0x00, 0x00, 0x00, 0x00,
    0x00, 0x00, 0x00, 0x00, 0x00, 0x00, 0x00, 0x00, 0x00, 0x00, 0x00, 0x00, 0x00, 0x00, 0x00, 0x00,
    0x00, 0x00, 0x00, 0x00, 0x00, 0x00, 0x00, 0x00, 0x00, 0x00, 0x00, 0x00, 0x00, 0x00, 0x00, 0x00,
    0x00, 0x00, 0x00, 0x00, 0x00, 0x00, 0x00, 0x00, 0x00, 0x00, 0x00, 0x00, 0x00, 0x00, 0x00, 0x00,
    0x00, 0x00, 0x00, 0x00, 0x00, 0x00, 0x00, 0x00, 0x00, 0x00, 0x00, 0x00, 0x00, 0x00, 0x00, 0x00,
    0x00, 0x00, 0x00, 0x00, 0x00, 0x00, 0x00, 0x00, 0x00, 0x00, 0x00, 0x00, 0x00, 0x00, 0x00, 0x00,
    0x00, 0x00, 0x00, 0x00, 0x00, 0x00, 0x00, 0x00, 0x00, 0x00, 0x00, 0x00, 0x00, 0x00, 0x00, 0x00,
    0x00, 0x00, 0x00, 0x00, 0x00, 0x00, 0x00, 0x00, 0x00, 0x00, 0x00, 0x00, 0x00, 0x00, 0x00, 0x00,
    0x00, 0x00, 0x00, 0x00, 0x00, 0x00, 0x00, 0x00, 0x00, 0x00, 0x00, 0x00, 0x00, 0x00, 0x00, 0x00,
    0x00, 0x00, 0x00, 0x00, 0x00, 0x00, 0x00, 0x00, 0x00, 0x00, 0x00, 0x00, 0x00, 0x00, 0x00, 0x00,
    0x00, 0x00, 0x00, 0x00, 0x00, 0x00, 0x00, 0x00, 0x00, 0x00, 0x00, 0x00, 0x00, 0x00, 0x00, 0x00,
    0x00, 0x00, 0x00, 0x00, 0x00, 0x00, 0x00, 0x00, 0x00, 0x00, 0x00, 0x00, 0x00, 0x00, 0x00, 0x00,
    0x00, 0x00, 0x00, 0x00, 0x00, 0x00, 0x00, 0x00, 0x00, 0x00, 0x00, 0x00, 0x00, 0x00, 0x00, 0x00,
    0x00, 0x00, 0x00, 0x00, 0x00, 0x00, 0x00, 0x00, 0x00, 0x00, 0x00, 0x00, 0x00, 0x00, 0x00, 0x00,
    0x00, 0x00, 0x00, 0x00, 0x00, 0x00, 0x00, 0x00, 0x00, 0x00, 0x00, 0x00, 0x00, 0x00, 0x00, 0x00,
    0x00, 0x00, 0x00, 0x00, 0x00, 0x00, 0x00, 0x00, 0x00, 0x00, 0x00, 0x00, 0x00, 0x00, 0x00, 0x00,
    0x00, 0x00, 0x00, 0x00, 0x00, 0x00, 0x00, 0x00, 0x00, 0x00, 0x00, 0x00, 0x00, 0x00, 0x00, 0x00,
    0x00, 0x00, 0x00, 0x00, 0x00, 0x00, 0x00, 0x00, 0x00, 0x00, 0x00, 0x00, 0x00, 0x00, 0x00, 0x00,
    0x00, 0x00, 0x00, 0x00, 0x00, 0x00, 0x00, 0x00, 0x00, 0x00, 0x00, 0x00, 0x00, 0x00, 0x00, 0x00,
    0x00, 0x00, 0x00, 0x00, 0x00, 0x00, 0x00, 0x00, 0x00, 0x00, 0x00, 0x00, 0x00, 0x00, 0x00, 0x00,
    0x00, 0x00, 0x00, 0x00, 0x00, 0x00, 0x00, 0x00, 0x00, 0x00, 0x00, 0x00, 0x00, 0x00, 0x00, 0x00,
    0x00, 0x00, 0x00, 0x00, 0x00, 0x00, 0x00, 0x00, 0x00, 0x00, 0x00, 0x00, 0x00, 0x00, 0x00, 0x00,
    0x00, 0x00, 0x00, 0x00, 0x00, 0x00, 0x00, 0x00, 0x00, 0x00, 0x00, 0x00, 0x00, 0x00, 0x00, 0x00,
    0x00, 0x00, 0x00, 0x00, 0x00, 0x00, 0x00, 0x00, 0x00, 0x00, 0x00, 0x00, 0x00, 0x00, 0x00, 0x00,
    0x00, 0x00, 0x00, 0x00, 0x00, 0x00, 0x00, 0x00, 0x00, 0x00, 0x00, 0x00, 0x00, 0x00, 0x00, 0x00,
    0x00, 0x00, 0x00, 0x00, 0x00, 0x00, 0x00, 0x00, 0x00, 0x00, 0x00, 0x00, 0x00, 0x00, 0x00, 0x00,
    0x00, 0x00, 0x00, 0x00, 0x00, 0x00, 0x00, 0x00, 0x00, 0x00, 0x00, 0x00, 0x00, 0x00, 0x00, 0x00,
    0x00, 0x00, 0x00, 0x00, 0x00, 0x00, 0x00, 0x00, 0x00, 0x00, 0x00, 0x00, 0x00, 0x00, 0x00, 0x00,
    0x00, 0x00, 0x00, 0x00, 0x00, 0x00, 0x00, 0x00, 0x00, 0x00, 0x00, 0x00, 0x00, 0x00, 0x00, 0x00,
    0x00, 0x00, 0x00, 0x00, 0x00, 0x00, 0x00, 0x00, 0x00, 0x00, 0x00, 0x00, 0x00, 0x00, 0x00, 0x00,
    0x00, 0x00, 0x00, 0x00, 0x00, 0x00, 0x00, 0x00, 0x00, 0x00, 0x00, 0x00, 0x00, 0x00, 0x00, 0x00,
    0x00, 0x00, 0x00, 0x00, 0x00, 0x00, 0x00, 0x00, 0x00, 0x00, 0x00, 0x00, 0x00, 0x00, 0x00, 0x00,
    0x00, 0x00, 0x00, 0x00, 0x00, 0x00, 0x00, 0x00, 0x00, 0x00, 0x00, 0x00, 0x00, 0x00, 0x00, 0x00,
    0x00, 0x00, 0x00, 0x00, 0x00, 0x00, 0x00, 0x00, 0x00, 0x00, 0x00, 0x00, 0x00, 0x00, 0x00, 0x00,
    0x00, 0x00, 0x00, 0x00, 0x00, 0x00, 0x00, 0x00, 0x00, 0x00, 0x00, 0x00, 0x00, 0x00, 0x00, 0x00,
    0x00, 0x00, 0x00, 0x00, 0x00, 0x00, 0x00, 0x00, 0x00, 0x00, 0x00, 0x00, 0x00, 0x00, 0x00, 0x00,
    0x00, 0x00, 0x00, 0x00, 0x00, 0x00, 0x00, 0x00, 0x00, 0x00, 0x00, 0x00, 0x00, 0x00, 0x00, 0x00,
    0x00, 0x00, 0x00, 0x00, 0x00, 0x00, 0x00, 0x00, 0x00, 0x00, 0x00, 0x00, 0x00, 0x00, 0x00, 0x00,
    0x00, 0x00, 0x00, 0x00, 0x00, 0x00, 0x00, 0x00, 0x00, 0x00, 0x00, 0x00, 0x00, 0x00, 0x00, 0x00,
    0x00, 0x00, 0x00, 0x00, 0x00, 0x00, 0x00, 0x00, 0x00, 0x00, 0x00, 0x00, 0x00, 0x00, 0x00, 0x00,
    0x00, 0x00, 0x00, 0x00, 0x00, 0x00, 0x00, 0x00, 0x00, 0x00, 0x00, 0x00, 0x00, 0x00, 0x00, 0x00,
    0x00, 0x00, 0x00, 0x00, 0x00, 0x00, 0x00, 0x00, 0x00, 0x00, 0x00, 0x00, 0x00, 0x00, 0x00, 0x00,
    0x00, 0x00, 0x00, 0x00, 0x00, 0x00, 0x00, 0x00, 0x00, 0x00, 0x00, 0x00, 0x00, 0x00, 0x00, 0x00,
    0x00, 0x00, 0x00, 0x00, 0x00, 0x00, 0x00, 0x00, 0x00, 0x00, 0x00, 0x00, 0x00, 0x00, 0x00, 0x00,
    0x00, 0x00, 0x00, 0x00, 0x00, 0x00, 0x00, 0x00, 0x00, 0x00, 0x00, 0x00, 0x00, 0x00, 0x00, 0x00,
    0x00, 0x00, 0x00, 0x00, 0x00, 0x00, 0x00, 0x00, 0x00, 0x00, 0x00, 0x00, 0x00, 0x00, 0x00, 0x00,
    0x00, 0x00, 0x00, 0x00, 0x00, 0x00, 0x00, 0x00, 0x00, 0x00, 0x00, 0x00, 0x00, 0x00, 0x00, 0x00,
    0x00, 0x00, 0x00, 0x00, 0x00, 0x00, 0x00, 0x00, 0x00, 0x00, 0x00, 0x00, 0x00, 0x00, 0x00, 0x00,
    0x00, 0x00, 0x00, 0x00, 0x00, 0x00, 0x00, 0x00, 0x00, 0x00, 0x00, 0x00, 0x00, 0x00, 0x00, 0x00,
    0x00, 0x00, 0x00, 0x00, 0x00, 0x00, 0x00, 0x00, 0x00, 0x00, 0x00, 0x00, 0x00, 0x00, 0x00, 0x00,
    0x00, 0x00, 0x00, 0x00, 0x00, 0x00, 0x00, 0x00, 0x00, 0x00, 0x00, 0x00, 0x00, 0x00, 0x00, 0x00,
    0x00, 0x00, 0x00, 0x00, 0x00, 0x00, 0x00, 0x00, 0x00, 0x00, 0x00, 0x00, 0x00, 0x00, 0x00, 0x00,
    0x00, 0x00, 0x00, 0x00, 0x00, 0x00, 0x00, 0x00, 0x00, 0x00, 0x00, 0x00, 0x00, 0x00, 0x00, 0x00,
    0x00, 0x00, 0x00, 0x00, 0x00, 0x00, 0x00, 0x00, 0x00, 0x00, 0x00, 0x00, 0x00, 0x00, 0x00, 0x00,
    0x00, 0x00, 0x00, 0x00, 0x00, 0x00, 0x00, 0x00, 0x00, 0x00, 0x00, 0x00, 0x00, 0x00, 0x00, 0x00,
    0x00, 0x00, 0x00, 0x00, 0x00, 0x00, 0x00, 0x00, 0x00, 0x00, 0x00, 0x00, 0x00, 0x00, 0x00, 0x00,
    0x00, 0x00, 0x00, 0x00, 0x00, 0x00, 0x00, 0x00, 0x00, 0x00, 0x00, 0x00, 0x00, 0x00, 0x00, 0x00,
    0x00, 0x00, 0x00, 0x00, 0x00, 0x00, 0x00, 0x00, 0x00, 0x00, 0x00, 0x00, 0x00, 0x00, 0x00, 0x00,
    0x00, 0x00, 0x00, 0x00, 0x00, 0x00, 0x00, 0x00, 0x00, 0x00, 0x00, 0x00, 0x00, 0x00, 0x00, 0x00,
    0x00, 0x00, 0x00, 0x00, 0x00, 0x00, 0x00, 0x00, 0x00, 0x00, 0x00, 0x00, 0x00, 0x00, 0x00, 0x00,
    0x00, 0x00, 0x00, 0x00, 0x00, 0x00, 0x00, 0x00, 0x00, 0x00, 0x00, 0x00, 0x00, 0x00, 0x00, 0x00,
    0x00, 0x00, 0x00, 0x00, 0x00, 0x00, 0x00, 0x00, 0x00, 0x00, 0x00, 0x00, 0x00, 0x00, 0x00, 0x00,
    0x00, 0x00, 0x00, 0x00, 0x00, 0x00, 0x00, 0x00, 0x00, 0x00, 0x00, 0x00, 0x00, 0x00, 0x00, 0x00,
    0x00, 0x00, 0x00, 0x00, 0x00, 0x00, 0x00, 0x00, 0x00, 0x00, 0x00, 0x00, 0x00, 0x00, 0x00, 0x00,
    0x00, 0x00, 0x00, 0x00, 0x00, 0x00, 0x00, 0x00, 0x00, 0x00, 0x00, 0x00, 0x00, 0x00, 0x00, 0x00,
    0x00, 0x00, 0x00, 0x00, 0x00, 0x00, 0x00, 0x00, 0x00, 0x00, 0x00, 0x00, 0x00, 0x00, 0x00, 0x00,
    0x00, 0x00, 0x00, 0x00, 0x00, 0x00, 0x00, 0x00, 0x00, 0x00, 0x00, 0x00, 0x00, 0x00, 0x00, 0x00,
    0x00, 0x00, 0x00, 0x00, 0x00, 0x00, 0x00, 0x00, 0x00, 0x00, 0x00, 0x00, 0x00, 0x00, 0x00, 0x00,
    0x00, 0x00, 0x00, 0x00, 0x00, 0x00, 0x00, 0x00, 0x00, 0x00, 0x00, 0x00, 0x00, 0x00, 0x00, 0x00,
    0x00, 0x00, 0x00, 0x00, 0x00, 0x00, 0x00, 0x00, 0x00, 0x00, 0x00, 0x00, 0x00, 0x00, 0x00, 0x00,
    0x00, 0x00, 0x00, 0x00, 0x00, 0x00, 0x00, 0x00, 0x00, 0x00, 0x00, 0x00, 0x00, 0x00, 0x00, 0x00,
    0x00, 0x00, 0x00, 0x00, 0x00, 0x00, 0x00, 0x00, 0x00, 0x00, 0x00, 0x00, 0x00, 0x00, 0x00, 0x00,
    0x00, 0x00, 0x00, 0x00, 0x00, 0x00, 0x00, 0x00, 0x00, 0x00, 0x00, 0x00, 0x00, 0x00, 0x00, 0x00,
    0x00, 0x00, 0x00, 0x00, 0x00, 0x00, 0x00, 0x00, 0x00, 0x00, 0x00, 0x00, 0x00, 0x00, 0x00, 0x00,
    0x00, 0x00, 0x00, 0x00, 0x00, 0x00, 0x00, 0x00, 0x00, 0x00, 0x00, 0x00, 0x00, 0x00, 0x00, 0x00,
    0x00, 0x00, 0x00, 0x00, 0x00, 0x00, 0x00, 0x00, 0x00, 0x00, 0x00, 0x00, 0x00, 0x00, 0x00, 0x00,
    0x00, 0x00, 0x00, 0x00, 0x00, 0x00, 0x00, 0x00, 0x00, 0x00, 0x00, 0x00, 0x00, 0x00, 0x00, 0x00,
    0x00, 0x00, 0x00, 0x00, 0x00, 0x00, 0x00, 0x00, 0x00, 0x00, 0x00, 0x00, 0x00, 0x00, 0x00, 0x00,
    0x00, 0x00, 0x00, 0x00, 0x00, 0x00, 0x00, 0x00, 0x00, 0x00, 0x00, 0x00, 0x00, 0x00, 0x00, 0x00,
    0x00, 0x00, 0x00, 0x00, 0x00, 0x00, 0x00, 0x00, 0x00, 0x00, 0x00, 0x00, 0x00, 0x00, 0x00, 0x00,
    0x00, 0x00, 0x00, 0x00, 0x00, 0x00, 0x00, 0x00, 0x00, 0x00, 0x00, 0x00, 0x00, 0x00, 0x00, 0x00,
    0x00, 0x00, 0x00, 0x00, 0x00, 0x00, 0x00, 0x00, 0x00, 0x00, 0x00, 0x00, 0x00, 0x00, 0x00, 0x00,
    0x00, 0x00, 0x00, 0x00, 0x00, 0x00, 0x00, 0x00, 0x00, 0x00, 0x00, 0x00, 0x00, 0x00, 0x00, 0x00,
    0x00, 0x00, 0x00, 0x00, 0x00, 0x00, 0x00, 0x00, 0x00, 0x00, 0x00, 0x00, 0x00, 0x00, 0x00, 0x00,
    0x00, 0x00, 0x00, 0x00, 0x00, 0x00, 0x00, 0x00, 0x00, 0x00, 0x00, 0x00, 0x00, 0x00, 0x00, 0x00,
    0x00, 0x00, 0x00, 0x00, 0x00, 0x00, 0x00, 0x00, 0x00, 0x00, 0x00, 0x00, 0x00, 0x00, 0x00, 0x00,
    0x00, 0x00, 0x00, 0x00, 0x00, 0x00, 0x00, 0x00, 0x00, 0x00, 0x00, 0x00, 0x00, 0x00, 0x00, 0x00,
    0x00, 0x00, 0x00, 0x00, 0x00, 0x00, 0x00, 0x00, 0x00, 0x00, 0x00, 0x00, 0x00, 0x00, 0x00, 0x00,
    0x00, 0x00, 0x00, 0x00, 0x00, 0x00, 0x00, 0x00, 0x00, 0x00, 0x00, 0x00, 0x00, 0x00, 0x00, 0x00,
    0x00, 0x00, 0x00, 0x00, 0x00, 0x00, 0x00, 0x00, 0x00, 0x00, 0x00, 0x00, 0x00, 0x00, 0x00, 0x00,
    0x00, 0x00, 0x00, 0x00, 0x00, 0x00, 0x00, 0x00, 0x00, 0x00, 0x00, 0x00, 0x00, 0x00, 0x00, 0x00,
    0x00, 0x00, 0x00, 0x00, 0x00, 0x00, 0x00, 0x00, 0x00, 0x00, 0x00, 0x00, 0x00, 0x00, 0x00, 0x00,
    0x00, 0x00, 0x00, 0x00, 0x00, 0x00, 0x00, 0x00, 0x00, 0x00, 0x00, 0x00, 0x00, 0x00, 0x00, 0x00,
    0x00, 0x00, 0x00, 0x00, 0x00, 0x00, 0x00, 0x00, 0x00, 0x00, 0x00, 0x00, 0x00, 0x00, 0x00, 0x00,
    0x00, 0x00, 0x00, 0x00, 0x00, 0x00, 0x00, 0x00, 0x00, 0x00, 0x00, 0x00, 0x00, 0x00, 0x00, 0x00,
    0x00, 0x00, 0x00, 0x00, 0x00, 0x00, 0x00, 0x00, 0x00, 0x00, 0x00, 0x00, 0x00, 0x00, 0x00, 0x00,
    0x00, 0x00, 0x00, 0x00, 0x00, 0x00, 0x00, 0x00, 0x00, 0x00, 0x00, 0x00, 0x00, 0x00, 0x00, 0x00,
    0x00, 0x00, 0x00, 0x00, 0x00, 0x00, 0x00, 0x00, 0x00, 0x00, 0x00, 0x00, 0x00, 0x00, 0x00, 0x00,
    0x00, 0x00, 0x00, 0x00, 0x00, 0x00, 0x00, 0x00, 0x00, 0x00, 0x00, 0x00, 0x00, 0x00, 0x00, 0x00,
    0x00, 0x00, 0x00, 0x00, 0x00, 0x00, 0x00, 0x00, 0x00, 0x00, 0x00, 0x00, 0x00, 0x00, 0x00, 0x00,
    0x00, 0x00, 0x00, 0x00, 0x00, 0x00, 0x00, 0x00, 0x00, 0x00, 0x00, 0x00, 0x00, 0x00, 0x00, 0x00,
    0x00, 0x00, 0x00, 0x00, 0x00, 0x00, 0x00, 0x00, 0x00, 0x00, 0x00, 0x00, 0x00, 0x00, 0x00, 0x00,
    0x00, 0x00, 0x00, 0x00, 0x00, 0x00, 0x00, 0x00, 0x00, 0x00, 0x00, 0x00, 0x00, 0x00, 0x00, 0x00,
    0x00, 0x00, 0x00, 0x00, 0x00, 0x00, 0x00, 0x00, 0x00, 0x00, 0x00, 0x00, 0x00, 0x00, 0x00, 0x00,
    0x00, 0x00, 0x00, 0x00, 0x00, 0x00, 0x00, 0x00, 0x00, 0x00, 0x00, 0x00, 0x00, 0x00, 0x00, 0x00,
    0x00, 0x00, 0x00, 0x00, 0x00, 0x00, 0x00, 0x00, 0x00, 0x00, 0x00, 0x00, 0x00, 0x00, 0x00, 0x00,
    0x00, 0x00, 0x00, 0x00, 0x00, 0x00, 0x00, 0x00, 0x00, 0x00, 0x00, 0x00, 0x00, 0x00, 0x00, 0x00,
    0x00, 0x00, 0x00, 0x00, 0x00, 0x00, 0x00, 0x00, 0x00, 0x00, 0x00, 0x00, 0x00, 0x00, 0x00, 0x00,
    0x00, 0x00, 0x00, 0x00, 0x00, 0x00, 0x00, 0x00, 0x00, 0x00, 0x00, 0x00, 0x00, 0x00, 0x00, 0x00,
    0x00, 0x00, 0x00, 0x00, 0x00, 0x00, 0x00, 0x00, 0x00, 0x00, 0x00, 0x00, 0x00, 0x00, 0x00, 0x00,
    0x00, 0x00, 0x00, 0x00, 0x00, 0x00, 0x00, 0x00, 0x00, 0x00, 0x00, 0x00, 0x00, 0x00, 0x00, 0x00,
    0x00, 0x00, 0x00, 0x00, 0x00, 0x00, 0x00, 0x00, 0x00, 0x00, 0x00, 0x00, 0x00, 0x00, 0x00, 0x00,
    0x00, 0x00, 0x00, 0x00, 0x00, 0x00, 0x00, 0x00, 0x00, 0x00, 0x00, 0x00, 0x00, 0x00, 0x00, 0x00,
    0x00, 0x00, 0x00, 0x00, 0x00, 0x00, 0x00, 0x00, 0x00, 0x00, 0x00, 0x00, 0x00, 0x00, 0x00, 0x00,
    0x00, 0x00, 0x00, 0x00, 0x00, 0x00, 0x00, 0x00, 0x00, 0x00, 0x00, 0x00, 0x00, 0x00, 0x00, 0x00,
    0x00, 0x00, 0x00, 0x00, 0x00, 0x00, 0x00, 0x00, 0x00, 0x00, 0x00, 0x00, 0x00, 0x00, 0x00, 0x00,
    0x00, 0x00, 0x00, 0x00, 0x00, 0x00, 0x00, 0x00, 0x00, 0x00, 0x00, 0x00, 0x00, 0x00, 0x00, 0x00,
    0x00, 0x00, 0x00, 0x00, 0x00, 0x00, 0x00, 0x00, 0x00, 0x00, 0x00, 0x00, 0x00, 0x00, 0x00, 0x00,
    0x00, 0x00, 0x00, 0x00, 0x00, 0x00, 0x00, 0x00, 0x00, 0x00, 0x00, 0x00, 0x00, 0x00, 0x00, 0x00,
    0x00, 0x00, 0x00, 0x00, 0x00, 0x00, 0x00, 0x00, 0x00, 0x00, 0x00, 0x00, 0x00, 0x00, 0x00, 0x00,
    0x00, 0x00, 0x00, 0x00, 0x00, 0x00, 0x00, 0x00, 0x00, 0x00, 0x00, 0x00, 0x00, 0x00, 0x00, 0x00,
    0x00, 0x00, 0x00, 0x00, 0x00, 0x00, 0x00, 0x00, 0x00, 0x00, 0x00, 0x00, 0x00, 0x00, 0x00, 0x00,
    0x00, 0x00, 0x00, 0x00, 0x00, 0x00, 0x00, 0x00, 0x00, 0x00, 0x00, 0x00, 0x00, 0x00, 0x00, 0x00,
    0x00, 0x00, 0x00, 0x00, 0x00, 0x00, 0x00, 0x00, 0x00, 0x00, 0x00, 0x00, 0x00, 0x00, 0x00, 0x00,
    0x00, 0x00, 0x00, 0x00, 0x00, 0x00, 0x00, 0x00, 0x00, 0x00, 0x00, 0x00, 0x00, 0x00, 0x00, 0x00,
    0x00, 0x00, 0x00, 0x00, 0x00, 0x00, 0x00, 0x00, 0x00, 0x00, 0x00, 0x00, 0x00, 0x00, 0x00, 0x00,
    0x00, 0x00, 0x00, 0x00, 0x00, 0x00, 0x00, 0x00, 0x00, 0x00, 0x00, 0x00, 0x00, 0x00, 0x00, 0x00,
    0x00, 0x00, 0x00, 0x00, 0x00, 0x00, 0x00, 0x00, 0x00, 0x00, 0x00, 0x00, 0x00, 0x00, 0x00, 0x00,
    0x00, 0x00, 0x00, 0x00, 0x00, 0x00, 0x00, 0x00, 0x00, 0x00, 0x00, 0x00, 0x00, 0x00, 0x00, 0x00,
    0x00, 0x00, 0x00, 0x00, 0x00, 0x00, 0x00, 0x00, 0x00, 0x00, 0x00, 0x00, 0x00, 0x00, 0x00, 0x00,
    0x00, 0x00, 0x00, 0x00, 0x00, 0x00, 0x00, 0x00, 0x00, 0x00, 0x00, 0x00, 0x00, 0x00, 0x00, 0x00,
    0x00, 0x00, 0x00, 0x00, 0x00, 0x00, 0x00, 0x00, 0x00, 0x00, 0x00, 0x00, 0x00, 0x00, 0x00, 0x00,
    0x00, 0x00, 0x00, 0x00, 0x00, 0x00, 0x00, 0x00, 0x00, 0x00, 0x00, 0x00, 0x00, 0x00, 0x00, 0x00,
    0x00, 0x00, 0x00, 0x00, 0x00, 0x00, 0x00, 0x00, 0x00, 0x00, 0x00, 0x00, 0x00, 0x00, 0x00, 0x00,
    0x00, 0x00, 0x00, 0x00, 0x00, 0x00, 0x00, 0x00, 0x00, 0x00, 0x00, 0x00, 0x00, 0x00, 0x00, 0x00,
    0x00, 0x00, 0x00, 0x00, 0x00, 0x00, 0x00, 0x00, 0x00, 0x00, 0x00, 0x00, 0x00, 0x00, 0x00, 0x00,
    0x00, 0x00, 0x00, 0x00, 0x00, 0x00, 0x00, 0x00, 0x00, 0x00, 0x00, 0x00, 0x00, 0x00, 0x00, 0x00,
    0x00, 0x00, 0x00, 0x00, 0x00, 0x00, 0x00, 0x00, 0x00, 0x00, 0x00, 0x00, 0x00, 0x00, 0x00, 0x00,
    0x00, 0x00, 0x00, 0x00, 0x00, 0x00, 0x00, 0x00, 0x00, 0x00, 0x00, 0x00, 0x00, 0x00, 0x00, 0x00,
    0x00, 0x00, 0x00, 0x00, 0x00, 0x00, 0x00, 0x00, 0x00, 0x00, 0x00, 0x00, 0x00, 0x00, 0x00, 0x00,
    0x00, 0x00, 0x00, 0x00, 0x00, 0x00, 0x00, 0x00, 0x00, 0x00, 0x00, 0x00, 0x00, 0x00, 0x00, 0x00,
    0x00, 0x00, 0x00, 0x00, 0x00, 0x00, 0x00, 0x00, 0x00, 0x00, 0x00, 0x00, 0x00, 0x00, 0x00, 0x00,
    0x00, 0x00, 0x00, 0x00, 0x00, 0x00, 0x00, 0x00, 0x00, 0x00, 0x00, 0x00, 0x00, 0x00, 0x00, 0x00,
    0x00, 0x00, 0x00, 0x00, 0x00, 0x00, 0x00, 0x00, 0x00, 0x00, 0x00, 0x00, 0x00, 0x00, 0x00, 0x00,
    0x00, 0x00, 0x00, 0x00, 0x00, 0x00, 0x00, 0x00, 0x00, 0x00, 0x00, 0x00, 0x00, 0x00, 0x00, 0x00,
    0x00, 0x00, 0x00, 0x00, 0x00, 0x00, 0x00, 0x00, 0x00, 0x00, 0x00, 0x00, 0x00, 0x00, 0x00, 0x00,
    0x00, 0x00, 0x00, 0x00, 0x00, 0x00, 0x00, 0x00, 0x00, 0x00, 0x00, 0x00, 0x00, 0x00, 0x00, 0x00,
    0x00, 0x00, 0x00, 0x00, 0x00, 0x00, 0x00, 0x00, 0x00, 0x00, 0x00, 0x00, 0x00, 0x00, 0x00, 0x00,
    0x00, 0x00, 0x00, 0x00, 0x00, 0x00, 0x00, 0x00, 0x00, 0x00, 0x00, 0x00, 0x00, 0x00, 0x00, 0x00,
    0x00, 0x00, 0x00, 0x00, 0x00, 0x00, 0x00, 0x00, 0x00, 0x00, 0x00, 0x00, 0x00, 0x00, 0x00, 0x00,
    0x00, 0x00, 0x00, 0x00, 0x00, 0x00, 0x00, 0x00, 0x00, 0x00, 0x00, 0x00, 0x00, 0x00, 0x00, 0x00,
    0x00, 0x00, 0x00, 0x00, 0x00, 0x00, 0x00, 0x00, 0x00, 0x00, 0x00, 0x00, 0x00, 0x00, 0x00, 0x00,
    0x00, 0x00, 0x00, 0x00, 0x00, 0x00, 0x00, 0x00, 0x00, 0x00, 0x00, 0x00, 0x00, 0x00, 0x00, 0x00,
    0x00, 0x00, 0x00, 0x00, 0x00, 0x00, 0x00, 0x00, 0x00, 0x00, 0x00, 0x00, 0x00, 0x00, 0x00, 0x00,
    0x00, 0x00, 0x00, 0x00, 0x00, 0x00, 0x00, 0x00, 0x00, 0x00, 0x00, 0x00, 0x00, 0x00, 0x00, 0x00,
    0x00, 0x00, 0x00, 0x00, 0x00, 0x00, 0x00, 0x00, 0x00, 0x00, 0x00, 0x00, 0x00, 0x00, 0x00, 0x00,
    0x00, 0x00, 0x00, 0x00, 0x00, 0x00, 0x00, 0x00, 0x00, 0x00, 0x00, 0x00, 0x00, 0x00, 0x00, 0x00,
    0x00, 0x00, 0x00, 0x00, 0x00, 0x00, 0x00, 0x00, 0x00, 0x00, 0x00, 0x00, 0x00, 0x00, 0x00, 0x00,
    0x00, 0x00, 0x00, 0x00, 0x00, 0x00, 0x00, 0x00, 0x00, 0x00, 0x00, 0x00, 0x00, 0x00, 0x00, 0x00,
    0x00, 0x00, 0x00, 0x00, 0x00, 0x00, 0x00, 0x00, 0x00, 0x00, 0x00, 0x00, 0x00, 0x00, 0x00, 0x00,
    0x00, 0x00, 0x00, 0x00, 0x00, 0x00, 0x00, 0x00, 0x00, 0x00, 0x00, 0x00, 0x00, 0x00, 0x00, 0x00,
    0x00, 0x00, 0x00, 0x00, 0x00, 0x00, 0x00, 0x00, 0x00, 0x00, 0x00, 0x00, 0x00, 0x00, 0x00, 0x00,
    0x00, 0x00, 0x00, 0x00, 0x00, 0x00, 0x00, 0x00, 0x00, 0x00, 0x00, 0x00, 0x00, 0x00, 0x00, 0x00,
    0x00, 0x00, 0x00, 0x00, 0x00, 0x00, 0x00, 0x00, 0x00, 0x00, 0x00, 0x00, 0x00, 0x00, 0x00, 0x00,
    0x00, 0x00, 0x00, 0x00, 0x00, 0x00, 0x00, 0x00, 0x00, 0x00, 0x00, 0x00, 0x00, 0x00, 0x00, 0x00,
    0x00, 0x00, 0x00, 0x00, 0x00, 0x00, 0x00, 0x00, 0x00, 0x00, 0x00, 0x00, 0x00, 0x00, 0x00, 0x00,
    0x00, 0x00, 0x00, 0x00, 0x00, 0x00, 0x00, 0x00, 0x00, 0x00, 0x00, 0x00, 0x00, 0x00, 0x00, 0x00,
    0x00, 0x00, 0x00, 0x00, 0x00, 0x00, 0x00, 0x00, 0x00, 0x00, 0x00, 0x00, 0x00, 0x00, 0x00, 0x00,
    0x00, 0x00, 0x00, 0x00, 0x00, 0x00, 0x00, 0x00, 0x00, 0x00, 0x00, 0x00, 0x00, 0x00, 0x00, 0x00,
    0x00, 0x00, 0x00, 0x00, 0x00, 0x00, 0x00, 0x00, 0x00, 0x00, 0x00, 0x00, 0x00, 0x00, 0x00, 0x00,
    0x00, 0x00, 0x00, 0x00, 0x00, 0x00, 0x00, 0x00, 0x00, 0x00, 0x00, 0x00, 0x00, 0x00, 0x00, 0x00,
    0x00, 0x00, 0x00, 0x00, 0x00, 0x00, 0x00, 0x00, 0x00, 0x00, 0x00, 0x00, 0x00, 0x00, 0x00, 0x00,
    0x00, 0x00, 0x00, 0x00, 0x00, 0x00, 0x00, 0x00, 0x00, 0x00, 0x00, 0x00, 0x00, 0x00, 0x00, 0x00,
    0x00, 0x00, 0x00, 0x00, 0x00, 0x00, 0x00, 0x00, 0x00, 0x00, 0x00, 0x00, 0x00, 0x00, 0x00, 0x00,
    0x00, 0x00, 0x00, 0x00, 0x00, 0x00, 0x00, 0x00, 0x00, 0x00, 0x00, 0x00, 0x00, 0x00, 0x00, 0x00,
    0x00, 0x00, 0x00, 0x00, 0x00, 0x00, 0x00, 0x00, 0x00, 0x00, 0x00, 0x00, 0x00, 0x00, 0x00, 0x00,
    0x00, 0x00, 0x00, 0x00, 0x00, 0x00, 0x00, 0x00, 0x00, 0x00, 0x00, 0x00, 0x00, 0x00, 0x00, 0x00,
    0x00, 0x00, 0x00, 0x00, 0x00, 0x00, 0x00, 0x00, 0x00, 0x00, 0x00, 0x00, 0x00, 0x00, 0x00, 0x00,
    0x00, 0x00, 0x00, 0x00, 0x00, 0x00, 0x00, 0x00, 0x00, 0x00, 0x00, 0x00, 0x00, 0x00, 0x00, 0x00,
    0x00, 0x00, 0x00, 0x00, 0x00, 0x00, 0x00, 0x00, 0x00, 0x00, 0x00, 0x00, 0x00, 0x00, 0x00, 0x00,
    0x00, 0x00, 0x00, 0x00, 0x00, 0x00, 0x00, 0x00, 0x00, 0x00, 0x00, 0x00, 0x00, 0x00, 0x00, 0x00,
    0x00, 0x00, 0x00, 0x00, 0x00, 0x00, 0x00, 0x00, 0x00, 0x00, 0x00, 0x00, 0x00, 0x00, 0x00, 0x00,
    0x00, 0x00, 0x00, 0x00, 0x00, 0x00, 0x00, 0x00, 0x00, 0x00, 0x00, 0x00, 0x00, 0x00, 0x00, 0x00,
    0x00, 0x00, 0x00, 0x00, 0x00, 0x00, 0x00, 0x00, 0x00, 0x00, 0x00, 0x00, 0x00, 0x00, 0x00, 0x00,
    0x00, 0x00, 0x00, 0x00, 0x00, 0x00, 0x00, 0x00, 0x00, 0x00, 0x00, 0x00, 0x00, 0x00, 0x00, 0x00,
    0x00, 0x00, 0x00, 0x00, 0x00, 0x00, 0x00, 0x00, 0x00, 0x00, 0x00, 0x00, 0x00, 0x00, 0x00, 0x00,
    0x00, 0x00, 0x00, 0x00, 0x00, 0x00, 0x00, 0x00, 0x00, 0x00, 0x00, 0x00, 0x00, 0x00, 0x00, 0x00,
    0x00, 0x00, 0x00, 0x00, 0x00, 0x00, 0x00, 0x00, 0x00, 0x00, 0x00, 0x00, 0x00, 0x00, 0x00, 0x00,
    0x00, 0x00, 0x00, 0x00, 0x00, 0x00, 0x00, 0x00, 0x00, 0x00, 0x00, 0x00, 0x00, 0x00, 0x00, 0x00,
    0x00, 0x00, 0x00, 0x00, 0x00, 0x00, 0x00, 0x00, 0x00, 0x00, 0x00, 0x00, 0x00, 0x00, 0x00, 0x00,
    0x00, 0x00, 0x00, 0x00, 0x00, 0x00, 0x00, 0x00, 0x00, 0x00, 0x00, 0x00, 0x00, 0x00, 0x00, 0x00,
    0x00, 0x00, 0x00, 0x00, 0x00, 0x00, 0x00, 0x00, 0x00, 0x00, 0x00, 0x00, 0x00, 0x00, 0x00, 0x00,
    0x00, 0x00, 0x00, 0x00, 0x00, 0x00, 0x00, 0x00, 0x00, 0x00, 0x00, 0x00, 0x00, 0x00, 0x00, 0x00,
    0x00, 0x00, 0x00, 0x00, 0x00, 0x00, 0x00, 0x00, 0x00, 0x00, 0x00, 0x00, 0x00, 0x00, 0x00, 0x00,
    0x00, 0x00, 0x00, 0x00, 0x00, 0x00, 0x00, 0x00, 0x00, 0x00, 0x00, 0x00, 0x00, 0x00, 0x00, 0x00,
    0x00, 0x00, 0x00, 0x00, 0x00, 0x00, 0x00, 0x00, 0x00, 0x00, 0x00, 0x00, 0x00, 0x00, 0x00, 0x00,
    0x00, 0x00, 0x00, 0x00, 0x00, 0x00, 0x00, 0x00, 0x00, 0x00, 0x00, 0x00, 0x00, 0x00, 0x00, 0x00,
    0x00, 0x00, 0x00, 0x00, 0x00, 0x00, 0x00, 0x00, 0x00, 0x00, 0x00, 0x00, 0x00, 0x00, 0x00, 0x00,
    0x00, 0x00, 0x00, 0x00, 0x00, 0x00, 0x00, 0x00, 0x00, 0x00, 0x00, 0x00, 0x00, 0x00, 0x00, 0x00,
    0x00, 0x00, 0x00, 0x00, 0x00, 0x00, 0x00, 0x00, 0x00, 0x00, 0x00, 0x00, 0x00, 0x00, 0x00, 0x00,
    0x00, 0x00, 0x00, 0x00, 0x00, 0x00, 0x00, 0x00, 0x00, 0x00, 0x00, 0x00, 0x00, 0x00, 0x00, 0x00,
    0x00, 0x00, 0x00, 0x00, 0x00, 0x00, 0x00, 0x00, 0x00, 0x00, 0x00, 0x00, 0x00, 0x00, 0x00, 0x00,
    0x00, 0x00, 0x00, 0x00, 0x00, 0x00, 0x00, 0x00, 0x00, 0x00, 0x00, 0x00, 0x00, 0x00, 0x00, 0x00,
    0x00, 0x00, 0x00, 0x00, 0x00, 0x00, 0x00, 0x00, 0x00, 0x00, 0x00, 0x00, 0x00, 0x00, 0x00, 0x00,
    0x00, 0x00, 0x00, 0x00, 0x00, 0x00, 0x00, 0x00, 0x00, 0x00, 0x00, 0x00, 0x00, 0x00, 0x00, 0x00,
    0x00, 0x00, 0x00, 0x00, 0x00, 0x00, 0x00, 0x00, 0x00, 0x00, 0x00, 0x00, 0x00, 0x00, 0x00, 0x00,
    0x00, 0x00, 0x00, 0x00, 0x00, 0x00, 0x00, 0x00, 0x00, 0x00, 0x00, 0x00, 0x00, 0x00, 0x00, 0x00,
    0x00, 0x00, 0x00, 0x00, 0x00, 0x00, 0x00, 0x00, 0x00, 0x00, 0x00, 0x00, 0x00, 0x00, 0x00, 0x00,
    0x00, 0x00, 0x00, 0x00, 0x00, 0x00, 0x00, 0x00, 0x00, 0x00, 0x00, 0x00, 0x00, 0x00, 0x00, 0x00,
    0x00, 0x00, 0x00, 0x00, 0x00, 0x00, 0x00, 0x00, 0x00, 0x00, 0x00, 0x00, 0x00, 0x00, 0x00, 0x00,
    0x00, 0x00, 0x00, 0x00, 0x00, 0x00, 0x00, 0x00, 0x00, 0x00, 0x00, 0x00, 0x00, 0x00, 0x00, 0x00,
    0x00, 0x00, 0x00, 0x00, 0x00, 0x00, 0x00, 0x00, 0x00, 0x00, 0x00, 0x00, 0x00, 0x00, 0x00, 0x00,
    0x00, 0x00, 0x00, 0x00, 0x00, 0x00, 0x00, 0x00, 0x00, 0x00, 0x00, 0x00, 0x00, 0x00, 0x00, 0x00,
    0x00, 0x00, 0x00, 0x00, 0x00, 0x00, 0x00, 0x00, 0x00, 0x00, 0x00, 0x00, 0x00, 0x00, 0x00, 0x00,
    0x00, 0x00, 0x00, 0x00, 0x00, 0x00, 0x00, 0x00, 0x00, 0x00, 0x00, 0x00, 0x00, 0x00, 0x00, 0x00,
    0x00, 0x00, 0x00, 0x00, 0x00, 0x00, 0x00, 0x00, 0x00, 0x00, 0x00, 0x00, 0x00, 0x00, 0x00, 0x00,
    0x00, 0x00, 0x00, 0x00, 0x00, 0x00, 0x00, 0x00, 0x00, 0x00, 0x00, 0x00, 0x00, 0x00, 0x00, 0x00,
    0x00, 0x00, 0x00, 0x00, 0x00, 0x00, 0x00, 0x00, 0x00, 0x00, 0x00, 0x00, 0x00, 0x00, 0x00, 0x00,
    0x00, 0x00, 0x00, 0x00, 0x00, 0x00, 0x00, 0x00, 0x00, 0x00, 0x00, 0x00, 0x00, 0x00, 0x00, 0x00,
    0x00, 0x00, 0x00, 0x00, 0x00, 0x00, 0x00, 0x00, 0x00, 0x00, 0x00, 0x00, 0x00, 0x00, 0x00, 0x00,
    0x00, 0x00, 0x00, 0x00, 0x00, 0x00, 0x00, 0x00, 0x00, 0x00, 0x00, 0x00, 0x00, 0x00, 0x00, 0x00,
    0x00, 0x00, 0x00, 0x00, 0x00, 0x00, 0x00, 0x00, 0x00, 0x00, 0x00, 0x00, 0x00, 0x00, 0x00, 0x00,
    0x00, 0x00, 0x00, 0x00, 0x00, 0x00, 0x00, 0x00, 0x00, 0x00, 0x00, 0x00, 0x00, 0x00, 0x00, 0x00,
    0x00, 0x00, 0x00, 0x00, 0x00, 0x00, 0x00, 0x00, 0x00, 0x00, 0x00, 0x00, 0x00, 0x00, 0x00, 0x00,
    0x00, 0x00, 0x00, 0x00, 0x00, 0x00, 0x00, 0x00, 0x00, 0x00, 0x00, 0x00, 0x00, 0x00, 0x00, 0x00,
    0x00, 0x00, 0x00, 0x00, 0x00, 0x00, 0x00, 0x00, 0x00, 0x00, 0x00, 0x00, 0x00, 0x00, 0x00, 0x00,
    0x00, 0x00, 0x00, 0x00, 0x00, 0x00, 0x00, 0x00, 0x00, 0x00, 0x00, 0x00, 0x00, 0x00, 0x00, 0x00,
    0x00, 0x00, 0x00, 0x00, 0x00, 0x00, 0x00, 0x00, 0x00, 0x00, 0x00, 0x00, 0x00, 0x00, 0x00, 0x00,
    0x00, 0x00, 0x00, 0x00, 0x00, 0x00, 0x00, 0x00, 0x00, 0x00, 0x00, 0x00, 0x00, 0x00, 0x00, 0x00,
    0x00, 0x00, 0x00, 0x00, 0x00, 0x00, 0x00, 0x00, 0x00, 0x00, 0x00, 0x00, 0x00, 0x00, 0x00, 0x00,
    0x00, 0x00, 0x00, 0x00, 0x00, 0x00, 0x00, 0x00, 0x00, 0x00, 0x00, 0x00, 0x00, 0x00, 0x00, 0x00,
    0x00, 0x00, 0x00, 0x00, 0x00, 0x00, 0x00, 0x00, 0x00, 0x00, 0x00, 0x00, 0x00, 0x00, 0x00, 0x00,
    0x00, 0x00, 0x00, 0x00, 0x00, 0x00, 0x00, 0x00, 0x00, 0x00, 0x00, 0x00, 0x00, 0x00, 0x00, 0x00,
    0x00, 0x00, 0x00, 0x00, 0x00, 0x00, 0x00, 0x00, 0x00, 0x00, 0x00, 0x00, 0x00, 0x00, 0x00, 0x00,
    0x00, 0x00, 0x00, 0x00, 0x00, 0x00, 0x00, 0x00, 0x00, 0x00, 0x00, 0x00, 0x00, 0x00, 0x00, 0x00,
    0x00, 0x00, 0x00, 0x00, 0x00, 0x00, 0x00, 0x00, 0x00, 0x00, 0x00, 0x00, 0x00, 0x00, 0x00, 0x00,
    0x00, 0x00, 0x00, 0x00, 0x00, 0x00, 0x00, 0x00, 0x00, 0x00, 0x00, 0x00, 0x00, 0x00, 0x00, 0x00,
    0x00, 0x00, 0x00, 0x00, 0x00, 0x00, 0x00, 0x00, 0x00, 0x00, 0x00, 0x00, 0x00, 0x00, 0x00, 0x00,
    0x00, 0x00, 0x00, 0x00, 0x00, 0x00, 0x00, 0x00, 0x00, 0x00, 0x00, 0x00, 0x00, 0x00, 0x00, 0x00,
    0x00, 0x00, 0x00, 0x00, 0x00, 0x00, 0x00, 0x00, 0x00, 0x00, 0x00, 0x00, 0x00, 0x00, 0x00, 0x00,
    0x00, 0x00, 0x00, 0x00, 0x00, 0x00, 0x00, 0x00, 0x00, 0x00, 0x00, 0x00, 0x00, 0x00, 0x00, 0x00,
    0x00, 0x00, 0x00, 0x00, 0x00, 0x00, 0x00, 0x00, 0x00, 0x00, 0x00, 0x00, 0x00, 0x00, 0x00, 0x00,
    0x00, 0x00, 0x00, 0x00, 0x00, 0x00, 0x00, 0x00, 0x00, 0x00, 0x00, 0x00, 0x00, 0x00, 0x00, 0x00,
    0x00, 0x00, 0x00, 0x00, 0x00, 0x00, 0x00, 0x00, 0x00, 0x00, 0x00, 0x00, 0x00, 0x00, 0x00, 0x00,
    0x00, 0x00, 0x00, 0x00, 0x00, 0x00, 0x00, 0x00, 0x88, 0x13, 0x00, 0x00, 0x88, 0x13, 0x00, 0x00,
    0x01, 0x00, 0x00, 0x00,
};

static int32_t tisp_clm_params_transmit_lit(uint32_t, uint32_t, uint32_t);
static int32_t tisp_clm_params_refresh_lit(uint32_t, uint32_t, uint32_t);
static int32_t system_reg_write_clm_trig_lit(uint32_t, uint32_t);
static int32_t clm_lut2reg_lit(uint32_t, uint32_t, uint32_t);
static int32_t tisp_ct_clm_interpolation_lit(uint32_t);
static int32_t tisp_clm_set_params_lit(uint32_t, uint32_t);
static int32_t tisp_clm_main_init_lit(uint32_t);
static int32_t tisp_clm_wdr_en_lit(uint32_t, uint32_t);
static int32_t tisp_clm_ct_update_lit(uint32_t, uint32_t, uint32_t, uint32_t, uint32_t);
static int32_t tisp_clm_set_hardware_param_reg_lit(uint32_t, uint32_t);

#undef REGCALL_private_vmalloc
#undef REGCALL_memset
#undef REGCALL_memcpy
#undef REGCALL_system_reg_write
#undef REGCALL_system_reg_write_clm_trig
#undef REGCALL_tisp_clm_params_transmit
#undef REGCALL_tisp_clm_params_refresh
#undef REGCALL_clm_lut2reg
#undef REGCALL_tisp_ct_clm_interpolation
#undef REGCALL_tisp_clm_set_params

#define REGCALL_private_vmalloc(a, b, c, d) ((uint32_t)(uintptr_t)((uintptr_t (*)(uintptr_t))(uintptr_t)private_vmalloc)(a))
#define REGCALL_memset(a, b, c, d) ((uint32_t)(uintptr_t)memset((void *)(uintptr_t)(a), (int)(b), (size_t)(c)))
#define REGCALL_memcpy(a, b, c, d) ((uint32_t)(uintptr_t)memcpy((void *)(uintptr_t)(a), (const void *)(uintptr_t)(b), (size_t)(c)))
#define REGCALL_system_reg_write(a, b, c, d) system_reg_write((a), (b))
#define REGCALL_system_reg_write_clm_trig(a, b, c, d) ((uint32_t)system_reg_write_clm_trig_lit((a), (b)))
#define REGCALL_tisp_clm_params_transmit(a, b, c, d) ((uint32_t)tisp_clm_params_transmit_lit((a), (b), (c)))
#define REGCALL_tisp_clm_params_refresh(a, b, c, d) ((uint32_t)tisp_clm_params_refresh_lit((a), (b), (c)))
#define REGCALL_clm_lut2reg(a, b, c, d) ((uint32_t)clm_lut2reg_lit((a), (b), (c)))
#define REGCALL_tisp_ct_clm_interpolation(a, b, c, d) ((uint32_t)tisp_ct_clm_interpolation_lit((a)))
#define REGCALL_tisp_clm_set_params(a, b, c, d) ((uint32_t)tisp_clm_set_params_lit((a), (b)))

static int32_t tisp_clm_params_transmit_lit(uint32_t a0_in, uint32_t a1_in, uint32_t a2_in)
{
    uint32_t r_v0 = 0, r_v1 = 0;
    uint32_t r_at = 0, r_a0 = 0, r_a1 = 0, r_a2 = 0, r_a3 = 0;
    uint32_t r_t0 = 0, r_t1 = 0, r_t2 = 0, r_t3 = 0, r_t4 = 0, r_t5 = 0;
    uint32_t r_t6 = 0, r_t7 = 0, r_t8 = 0, r_t9 = 0;
    uint32_t r_s0 = 0, r_s1 = 0, r_s2 = 0, r_s3 = 0, r_s4 = 0, r_s5 = 0;
    uint32_t r_s6 = 0, r_s7 = 0, r_s8 = 0, r_k0 = 0, r_k1 = 0, r_gp = 0, r_ra = 0;
    uint32_t mips_lo = 0, mips_hi = 0, mips_cond = 0;
    uint8_t mips_stack[2048] __attribute__((aligned(8)));
    uint32_t r_sp = (uint32_t)(uintptr_t)(mips_stack + 1024);
    r_a0 = a0_in;
    r_a1 = a1_in;
    r_a2 = a2_in;

    (void)r_at; (void)r_k0; (void)r_k1; (void)r_gp;
    (void)r_t8; (void)r_t9; (void)r_ra; (void)mips_hi;
    (void)mips_lo; (void)mips_cond;
    r_v0 = r_a2 + 0x690U;
    *(uint32_t *)(uintptr_t)(r_a0 + 36) = (uint32_t)r_v0;
    r_v0 = r_a2 + 0xd20U;
    *(uint32_t *)(uintptr_t)(r_a0 + 40) = (uint32_t)r_v0;
    r_v0 = r_a2 + 0x113aU;
    *(uint32_t *)(uintptr_t)(r_a0 + 44) = (uint32_t)r_v0;
    r_v0 = r_a2 + 0x196eU;
    *(uint32_t *)(uintptr_t)(r_a0 + 48) = (uint32_t)r_v0;
    r_v0 = r_a2 + 0x1970U;
    *(uint32_t *)(uintptr_t)(r_a0 + 52) = (uint32_t)r_v0;
    r_v0 = r_a2 + 0x1980U;
    *(uint32_t *)(uintptr_t)(r_a0 + 56) = (uint32_t)r_v0;
    r_v0 = r_a2 + 0x1988U;
    *(uint32_t *)(uintptr_t)(r_a0 + 60) = (uint32_t)r_v0;
    r_v0 = r_a2 + 0x1990U;
    *(uint32_t *)(uintptr_t)(r_a0 + 64) = (uint32_t)r_v0;
    r_v0 = r_a2 + 0x1991U;
    *(uint32_t *)(uintptr_t)(r_a0 + 32) = (uint32_t)r_a2;
    *(uint32_t *)(uintptr_t)(r_a0 + 68) = (uint32_t)r_v0;
    r_v0 = *(uint8_t *)(uintptr_t)(r_a2 + 6545);
    mips_cond = (r_v0 != 0) ? 1U : 0U;
    r_v0 = r_a1 + 0xc54U;
    if (mips_cond) goto L_67d48;
    r_v0 = r_a1 + 0x6U;
    *(uint32_t *)(uintptr_t)(r_a0 + 4) = (uint32_t)r_v0;
    r_v0 = r_a1 + 0x420U;
    *(uint32_t *)(uintptr_t)(r_a0 + 8) = (uint32_t)r_v0;
    r_v0 = r_a1 + 0x18a8U;
    *(uint32_t *)(uintptr_t)(r_a0 + 12) = (uint32_t)r_v0;
    r_v0 = r_a1 + 0x1cc2U;
    *(uint32_t *)(uintptr_t)(r_a0 + 16) = (uint32_t)r_v0;
    r_v0 = r_a1 + 0x20dcU;
    *(uint32_t *)(uintptr_t)(r_a0 + 20) = (uint32_t)r_v0;
    r_v0 = r_a1 + 0x2910U;
    *(uint32_t *)(uintptr_t)(r_a0 + 0) = (uint32_t)r_a1;
    *(uint32_t *)(uintptr_t)(r_a0 + 24) = (uint32_t)r_v0;
    r_a1 = r_a1 + 0x49e0U;
L_67d40:
    *(uint32_t *)(uintptr_t)(r_a0 + 28) = (uint32_t)r_a1;
    goto fn_exit;
L_67d48:
    *(uint32_t *)(uintptr_t)(r_a0 + 0) = (uint32_t)r_v0;
    r_v0 = r_a1 + 0xc5aU;
    *(uint32_t *)(uintptr_t)(r_a0 + 4) = (uint32_t)r_v0;
    r_v0 = r_a1 + 0x1074U;
    *(uint32_t *)(uintptr_t)(r_a0 + 8) = (uint32_t)r_v0;
    r_v0 = r_a1 + 0x3144U;
    *(uint32_t *)(uintptr_t)(r_a0 + 12) = (uint32_t)r_v0;
    r_v0 = r_a1 + 0x355eU;
    *(uint32_t *)(uintptr_t)(r_a0 + 16) = (uint32_t)r_v0;
    r_v0 = r_a1 + 0x3978U;
    *(uint32_t *)(uintptr_t)(r_a0 + 20) = (uint32_t)r_v0;
    r_v0 = r_a1 + 0x41acU;
    *(uint32_t *)(uintptr_t)(r_a0 + 24) = (uint32_t)r_v0;
    r_a1 = r_a1 + 0x49e6U;
    goto L_67d40;
fn_exit:
    return (int32_t)r_v0;
}
static int32_t tisp_clm_params_refresh_lit(uint32_t a0_in, uint32_t a1_in, uint32_t a2_in)
{
    uint32_t r_v0 = 0, r_v1 = 0;
    uint32_t r_at = 0, r_a0 = 0, r_a1 = 0, r_a2 = 0, r_a3 = 0;
    uint32_t r_t0 = 0, r_t1 = 0, r_t2 = 0, r_t3 = 0, r_t4 = 0, r_t5 = 0;
    uint32_t r_t6 = 0, r_t7 = 0, r_t8 = 0, r_t9 = 0;
    uint32_t r_s0 = 0, r_s1 = 0, r_s2 = 0, r_s3 = 0, r_s4 = 0, r_s5 = 0;
    uint32_t r_s6 = 0, r_s7 = 0, r_s8 = 0, r_k0 = 0, r_k1 = 0, r_gp = 0, r_ra = 0;
    uint32_t mips_lo = 0, mips_hi = 0, mips_cond = 0;
    uint8_t mips_stack[2048] __attribute__((aligned(8)));
    uint32_t r_sp = (uint32_t)(uintptr_t)(mips_stack + 1024);
    r_a0 = a0_in;
    r_a1 = a1_in;
    r_a2 = a2_in;

    (void)r_at; (void)r_k0; (void)r_k1; (void)r_gp;
    (void)r_t8; (void)r_t9; (void)r_ra; (void)mips_hi;
    (void)mips_lo; (void)mips_cond;
    r_sp = r_sp + -0x20U;
    *(uint32_t *)(uintptr_t)(r_sp + 24) = (uint32_t)r_s2;
    *(uint32_t *)(uintptr_t)(r_sp + 20) = (uint32_t)r_s1;
    r_s2 = r_a2;
    r_s1 = r_a1;
    *(uint32_t *)(uintptr_t)(r_sp + 16) = (uint32_t)r_s0;
    r_s0 = (uint32_t)(uintptr_t)&memcpy; /* HI16 memcpy */
    r_s0 = (uint32_t)(uintptr_t)&memcpy;
    r_a1 = r_s2;
    r_a0 = r_s1;
    *(uint32_t *)(uintptr_t)(r_sp + 28) = (uint32_t)r_ra;
    r_a2 = 6U;
    r_v0 = (uint32_t)REGCALL_memcpy(r_a0, r_a1, r_a2, r_a3);
    r_a1 = r_s2 + 0x6U;
    r_a0 = r_s1 + 0x6U;
    r_a2 = 1050U;
    r_v0 = (uint32_t)REGCALL_memcpy(r_a0, r_a1, r_a2, r_a3);
    r_a1 = r_s2 + 0x420U;
    r_a0 = r_s1 + 0x420U;
    r_a2 = 2100U;
    r_v0 = (uint32_t)REGCALL_memcpy(r_a0, r_a1, r_a2, r_a3);
    r_a1 = r_s2 + 0x18a8U;
    r_a0 = r_s1 + 0x18a8U;
    r_a2 = 1050U;
    r_v0 = (uint32_t)REGCALL_memcpy(r_a0, r_a1, r_a2, r_a3);
    r_a1 = r_s2 + 0x1cc2U;
    r_a0 = r_s1 + 0x1cc2U;
    r_a2 = 1050U;
    r_v0 = (uint32_t)REGCALL_memcpy(r_a0, r_a1, r_a2, r_a3);
    r_a1 = r_s2 + 0x20dcU;
    r_a0 = r_s1 + 0x20dcU;
    r_a2 = 2100U;
    r_v0 = (uint32_t)REGCALL_memcpy(r_a0, r_a1, r_a2, r_a3);
    r_a1 = r_s2 + 0x2910U;
    r_a0 = r_s1 + 0x2910U;
    r_a2 = 2100U;
    r_v0 = (uint32_t)REGCALL_memcpy(r_a0, r_a1, r_a2, r_a3);
    r_a1 = r_s2 + 0x49e0U;
    r_a0 = r_s1 + 0x49e0U;
    r_a2 = 6U;
    r_v0 = (uint32_t)REGCALL_memcpy(r_a0, r_a1, r_a2, r_a3);
    r_a1 = r_s2 + 0xc54U;
    r_a0 = r_s1 + 0xc54U;
    r_a2 = 6U;
    r_v0 = (uint32_t)REGCALL_memcpy(r_a0, r_a1, r_a2, r_a3);
    r_a1 = r_s2 + 0xc5aU;
    r_a0 = r_s1 + 0xc5aU;
    r_a2 = 1050U;
    r_v0 = (uint32_t)REGCALL_memcpy(r_a0, r_a1, r_a2, r_a3);
    r_a1 = r_s2 + 0x1074U;
    r_a0 = r_s1 + 0x1074U;
    r_a2 = 2100U;
    r_v0 = (uint32_t)REGCALL_memcpy(r_a0, r_a1, r_a2, r_a3);
    r_a1 = r_s2 + 0x3144U;
    r_a0 = r_s1 + 0x3144U;
    r_a2 = 1050U;
    r_v0 = (uint32_t)REGCALL_memcpy(r_a0, r_a1, r_a2, r_a3);
    r_a1 = r_s2 + 0x355eU;
    r_a0 = r_s1 + 0x355eU;
    r_a2 = 1050U;
    r_v0 = (uint32_t)REGCALL_memcpy(r_a0, r_a1, r_a2, r_a3);
    r_a1 = r_s2 + 0x3978U;
    r_a0 = r_s1 + 0x3978U;
    r_a2 = 2100U;
    r_v0 = (uint32_t)REGCALL_memcpy(r_a0, r_a1, r_a2, r_a3);
    r_a1 = r_s2 + 0x41acU;
    r_a0 = r_s1 + 0x41acU;
    r_a2 = 2100U;
    r_v0 = (uint32_t)REGCALL_memcpy(r_a0, r_a1, r_a2, r_a3);
    r_a1 = r_s2 + 0x49e6U;
    r_a0 = r_s1 + 0x49e6U;
    r_a2 = 6U;
    r_v0 = (uint32_t)REGCALL_memcpy(r_a0, r_a1, r_a2, r_a3);
    r_ra = *(uint32_t *)(uintptr_t)(r_sp + 28);
    r_s2 = *(uint32_t *)(uintptr_t)(r_sp + 24);
    r_s1 = *(uint32_t *)(uintptr_t)(r_sp + 20);
    r_s0 = *(uint32_t *)(uintptr_t)(r_sp + 16);
    r_v0 = 0;
    r_sp = r_sp + 0x20U;
    goto fn_exit;
fn_exit:
    return (int32_t)r_v0;
}
static int32_t system_reg_write_clm_trig_lit(uint32_t a0_in, uint32_t a1_in)
{
    uint32_t r_v0 = 0, r_v1 = 0;
    uint32_t r_at = 0, r_a0 = 0, r_a1 = 0, r_a2 = 0, r_a3 = 0;
    uint32_t r_t0 = 0, r_t1 = 0, r_t2 = 0, r_t3 = 0, r_t4 = 0, r_t5 = 0;
    uint32_t r_t6 = 0, r_t7 = 0, r_t8 = 0, r_t9 = 0;
    uint32_t r_s0 = 0, r_s1 = 0, r_s2 = 0, r_s3 = 0, r_s4 = 0, r_s5 = 0;
    uint32_t r_s6 = 0, r_s7 = 0, r_s8 = 0, r_k0 = 0, r_k1 = 0, r_gp = 0, r_ra = 0;
    uint32_t mips_lo = 0, mips_hi = 0, mips_cond = 0;
    uint8_t mips_stack[2048] __attribute__((aligned(8)));
    uint32_t r_sp = (uint32_t)(uintptr_t)(mips_stack + 1024);
    r_a0 = a0_in;
    r_a1 = a1_in;

    (void)r_at; (void)r_k0; (void)r_k1; (void)r_gp;
    (void)r_t8; (void)r_t9; (void)r_ra; (void)mips_hi;
    (void)mips_lo; (void)mips_cond;
    mips_cond = (r_a1 != 0) ? 1U : 0U;
    r_v0 = 1U;
    if (mips_cond) goto L_67f6c;
    mips_cond = (r_a0 != r_v0) ? 1U : 0U;
    r_a0 = 0x10000U;
    if (mips_cond) goto L_67f80;
    r_a1 = 1U;
    r_a0 = r_a0 + 0x2000U;
L_67f5c:
    r_t9 = (uint32_t)(uintptr_t)&system_reg_write; /* HI16 system_reg_write */
    r_t9 = (uint32_t)(uintptr_t)&system_reg_write;
    /* nop */
    r_v0 = (uint32_t)REGCALL_system_reg_write(r_a0, r_a1, r_a2, r_a3); goto fn_exit;
L_67f6c:
    mips_cond = (r_a0 != r_v0) ? 1U : 0U;
    r_a0 = 0x10000U;
    if (mips_cond) goto L_67f80;
    r_a1 = 1U;
    r_a0 = r_a0 + 0x2080U;
    goto L_67f5c;
L_67f80:
    /* nop */
    goto fn_exit;
fn_exit:
    return (int32_t)r_v0;
}
static int32_t clm_lut2reg_lit(uint32_t a0_in, uint32_t a1_in, uint32_t a2_in)
{
    uint32_t r_v0 = 0, r_v1 = 0;
    uint32_t r_at = 0, r_a0 = 0, r_a1 = 0, r_a2 = 0, r_a3 = 0;
    uint32_t r_t0 = 0, r_t1 = 0, r_t2 = 0, r_t3 = 0, r_t4 = 0, r_t5 = 0;
    uint32_t r_t6 = 0, r_t7 = 0, r_t8 = 0, r_t9 = 0;
    uint32_t r_s0 = 0, r_s1 = 0, r_s2 = 0, r_s3 = 0, r_s4 = 0, r_s5 = 0;
    uint32_t r_s6 = 0, r_s7 = 0, r_s8 = 0, r_k0 = 0, r_k1 = 0, r_gp = 0, r_ra = 0;
    uint32_t mips_lo = 0, mips_hi = 0, mips_cond = 0;
    uint8_t mips_stack[2048] __attribute__((aligned(8)));
    uint32_t r_sp = (uint32_t)(uintptr_t)(mips_stack + 1024);
    r_a0 = a0_in;
    r_a1 = a1_in;
    r_a2 = a2_in;

    (void)r_at; (void)r_k0; (void)r_k1; (void)r_gp;
    (void)r_t8; (void)r_t9; (void)r_ra; (void)mips_hi;
    (void)mips_lo; (void)mips_cond;
    r_v1 = *(uint32_t *)(uintptr_t)(r_a0 + 44);
    r_t2 = *(uint32_t *)(uintptr_t)(r_a0 + 40);
    r_t3 = 0x30000U;
    r_t4 = 0x1f0000U;
    r_a3 = 0;
    r_t6 = 0x7fc0000U;
    r_t3 = r_t3 | 0xfe00U;
    r_t7 = 0xfe00000U;
    r_t4 = r_t4 | 0xc000U;
    r_t8 = 1680U;
L_67fb0:
    r_t1 = r_a1 + r_a3;
    r_t0 = r_a2 + r_a3;
    r_t5 = r_v1 + 0x46U;
    r_a0 = r_t2;
L_67fc0:
    r_v0 = *(uint16_t *)(uintptr_t)(r_v1 + 6);
    r_t9 = *(uint16_t *)(uintptr_t)(r_v1 + 0);
    r_v1 = r_v1 + 0xaU;
    r_v0 = r_v0 << 27;
    r_t9 = r_t9 & 0x1ffU;
    r_v0 = r_v0 | r_t9;
    r_t9 = *(uint16_t *)(uintptr_t)(r_v1 + -6);
    r_t1 = r_t1 + 0x8U;
    r_a0 = r_a0 + 0x5U;
    r_t9 = r_t9 << 18;
    r_t9 = r_t9 & r_t6;
    r_v0 = r_v0 | r_t9;
    r_t9 = *(uint16_t *)(uintptr_t)(r_v1 + -8);
    r_t0 = r_t0 + 0x8U;
    r_t9 = r_t9 << 9;
    r_t9 = r_t9 & r_t3;
    r_v0 = r_v0 | r_t9;
    *(uint32_t *)(uintptr_t)(r_t1 + -8) = (uint32_t)r_v0;
    r_v0 = *(uint16_t *)(uintptr_t)(r_v1 + -2);
    r_t9 = *(uint16_t *)(uintptr_t)(r_v1 + -4);
    r_v0 = r_v0 << 4;
    r_t9 = (r_t9 >> 5) & 0xfU;
    r_v0 = r_v0 & 0x1ff0U;
    r_v0 = r_v0 | r_t9;
    *(uint32_t *)(uintptr_t)(r_t1 + -4) = (uint32_t)r_v0;
    r_v0 = *(uint8_t *)(uintptr_t)(r_a0 + -1);
    r_t9 = *(uint8_t *)(uintptr_t)(r_a0 + -5);
    r_v0 = r_v0 << 28;
    r_t9 = r_t9 & 0x7fU;
    r_v0 = r_v0 | r_t9;
    r_t9 = *(uint8_t *)(uintptr_t)(r_a0 + -2);
    r_t9 = r_t9 << 21;
    r_t9 = r_t9 & r_t7;
    r_v0 = r_v0 | r_t9;
    r_t9 = *(uint8_t *)(uintptr_t)(r_a0 + -3);
    r_t9 = r_t9 << 14;
    r_t9 = r_t9 & r_t4;
    r_v0 = r_v0 | r_t9;
    r_t9 = *(uint8_t *)(uintptr_t)(r_a0 + -4);
    r_t9 = r_t9 << 7;
    r_t9 = r_t9 & 0x3f80U;
    r_v0 = r_v0 | r_t9;
    *(uint32_t *)(uintptr_t)(r_t0 + -8) = (uint32_t)r_v0;
    r_v0 = *(uint8_t *)(uintptr_t)(r_a0 + -1);
    r_v0 = (r_v0 >> 4) & 0x7U;
    mips_cond = (r_t5 != r_v1) ? 1U : 0U;
    *(uint32_t *)(uintptr_t)(r_t0 + -4) = (uint32_t)r_v0;
    if (mips_cond) goto L_67fc0;
    r_a3 = r_a3 + 0x38U;
    mips_cond = (r_a3 != r_t8) ? 1U : 0U;
    r_t2 = r_t2 + 0x23U;
    if (mips_cond) goto L_67fb0;
    /* nop */
    goto fn_exit;
fn_exit:
    return (int32_t)r_v0;
}
static int32_t tisp_ct_clm_interpolation_lit(uint32_t a0_in)
{
    uint32_t r_v0 = 0, r_v1 = 0;
    uint32_t r_at = 0, r_a0 = 0, r_a1 = 0, r_a2 = 0, r_a3 = 0;
    uint32_t r_t0 = 0, r_t1 = 0, r_t2 = 0, r_t3 = 0, r_t4 = 0, r_t5 = 0;
    uint32_t r_t6 = 0, r_t7 = 0, r_t8 = 0, r_t9 = 0;
    uint32_t r_s0 = 0, r_s1 = 0, r_s2 = 0, r_s3 = 0, r_s4 = 0, r_s5 = 0;
    uint32_t r_s6 = 0, r_s7 = 0, r_s8 = 0, r_k0 = 0, r_k1 = 0, r_gp = 0, r_ra = 0;
    uint32_t mips_lo = 0, mips_hi = 0, mips_cond = 0;
    uint8_t mips_stack[2048] __attribute__((aligned(8)));
    uint32_t r_sp = (uint32_t)(uintptr_t)(mips_stack + 1024);
    r_a0 = a0_in;

    (void)r_at; (void)r_k0; (void)r_k1; (void)r_gp;
    (void)r_t8; (void)r_t9; (void)r_ra; (void)mips_hi;
    (void)mips_lo; (void)mips_cond;
    r_sp = r_sp + -0x30U;
    *(uint32_t *)(uintptr_t)(r_sp + 44) = (uint32_t)r_ra;
    *(uint32_t *)(uintptr_t)(r_sp + 40) = (uint32_t)r_s6;
    *(uint32_t *)(uintptr_t)(r_sp + 36) = (uint32_t)r_s5;
    *(uint32_t *)(uintptr_t)(r_sp + 32) = (uint32_t)r_s4;
    *(uint32_t *)(uintptr_t)(r_sp + 28) = (uint32_t)r_s3;
    *(uint32_t *)(uintptr_t)(r_sp + 24) = (uint32_t)r_s2;
    *(uint32_t *)(uintptr_t)(r_sp + 20) = (uint32_t)r_s1;
    *(uint32_t *)(uintptr_t)(r_sp + 16) = (uint32_t)r_s0;
    r_t4 = *(uint32_t *)(uintptr_t)(r_a0 + 28);
    r_v1 = r_a0;
    r_s3 = *(uint32_t *)(uintptr_t)(r_v1 + 44);
    r_s0 = *(uint32_t *)(uintptr_t)(r_v1 + 48);
    r_t2 = *(uint32_t *)(uintptr_t)(r_v1 + 4);
    r_a1 = *(uint32_t *)(uintptr_t)(r_v1 + 12);
    r_t1 = *(uint32_t *)(uintptr_t)(r_v1 + 16);
    r_s5 = *(uint32_t *)(uintptr_t)(r_v1 + 8);
    r_s4 = *(uint32_t *)(uintptr_t)(r_v1 + 20);
    r_s6 = *(uint32_t *)(uintptr_t)(r_v1 + 24);
    r_s1 = *(uint32_t *)(uintptr_t)(r_v1 + 0);
    r_s2 = *(uint32_t *)(uintptr_t)(r_v1 + 64);
    r_v1 = *(uint16_t *)(uintptr_t)(r_t4 + 4);
    r_v0 = *(uint32_t *)(uintptr_t)(r_a0 + 60);
    r_a3 = *(uint32_t *)(uintptr_t)(r_a0 + 52);
    r_v1 = r_v1 + 0x64U;
    r_a2 = *(uint32_t *)(uintptr_t)(r_a0 + 56);
    r_v0 = *(uint32_t *)(uintptr_t)(r_v0 + 0);
    r_a0 = *(uint32_t *)(uintptr_t)(r_a0 + 40);
    *(uint32_t *)(uintptr_t)(r_a3 + 0) = (uint32_t)r_v1;
    r_t0 = *(uint16_t *)(uintptr_t)(r_t4 + 2);
    r_t0 = r_t0 + -0x64U;
    *(uint32_t *)(uintptr_t)(r_a3 + 4) = (uint32_t)r_t0;
    r_t3 = *(uint16_t *)(uintptr_t)(r_t4 + 2);
    r_t3 = r_t3 + 0x64U;
    *(uint32_t *)(uintptr_t)(r_a3 + 8) = (uint32_t)r_t3;
    r_t4 = *(uint16_t *)(uintptr_t)(r_t4 + 0);
    r_t4 = r_t4 + -0x64U;
    *(uint32_t *)(uintptr_t)(r_a3 + 12) = (uint32_t)r_t4;
    r_t4 = (r_t4 < r_v0) ? 1U : 0U;
    mips_cond = (r_t4 == 0) ? 1U : 0U;
    /* nop */
    if (mips_cond) goto L_68180;
    *(uint32_t *)(uintptr_t)(r_a2 + 0) = (uint32_t)0;
L_68138:
    r_t0 = *(uint8_t *)(uintptr_t)(r_s2 + 0);
    mips_cond = (r_t0 != 0) ? 1U : 0U;
    r_v1 = *(uint32_t *)(uintptr_t)(r_a2 + 0);
    if (mips_cond) goto L_681e0;
    mips_cond = (r_v1 != 0) ? 1U : 0U;
    r_t0 = 2U;
    if (mips_cond) goto L_681bc;
    r_t0 = *(uint32_t *)(uintptr_t)(r_a2 + 4);
    mips_cond = (r_t0 != 0) ? 1U : 0U;
    /* nop */
    if (mips_cond) goto L_681e0;
L_68158:
    r_ra = *(uint32_t *)(uintptr_t)(r_sp + 44);
    r_s6 = *(uint32_t *)(uintptr_t)(r_sp + 40);
L_68160:
    r_s5 = *(uint32_t *)(uintptr_t)(r_sp + 36);
    r_s4 = *(uint32_t *)(uintptr_t)(r_sp + 32);
    r_s3 = *(uint32_t *)(uintptr_t)(r_sp + 28);
    r_s2 = *(uint32_t *)(uintptr_t)(r_sp + 24);
    r_s1 = *(uint32_t *)(uintptr_t)(r_sp + 20);
    r_s0 = *(uint32_t *)(uintptr_t)(r_sp + 16);
    r_sp = r_sp + 0x30U;
    goto fn_exit;
L_68180:
    r_t3 = (r_t3 < r_v0) ? 1U : 0U;
    mips_cond = (r_t3 == 0) ? 1U : 0U;
    r_t0 = (r_t0 < r_v0) ? 1U : 0U;
    if (mips_cond) goto L_68198;
    r_v1 = 1U;
L_68190:
    *(uint32_t *)(uintptr_t)(r_a2 + 0) = (uint32_t)r_v1;
    goto L_68138;
L_68198:
    mips_cond = (r_t0 == 0) ? 1U : 0U;
    r_t0 = 4U;
    if (mips_cond) goto L_681a8;
    r_v1 = 2U;
    goto L_68190;
L_681a8:
    r_v1 = (r_v1 < r_v0) ? 1U : 0U;
    r_t3 = 3U;
    if (r_v1 != 0) r_t0 = r_t3;
    r_v1 = r_t0;
    goto L_68190;
L_681bc:
    mips_cond = (r_v1 != r_t0) ? 1U : 0U;
    r_t0 = 4U;
    if (mips_cond) goto L_681d8;
L_681c4:
    r_t0 = *(uint32_t *)(uintptr_t)(r_a2 + 4);
    mips_cond = (r_t0 != r_v1) ? 1U : 0U;
    r_ra = *(uint32_t *)(uintptr_t)(r_sp + 44);
    if (mips_cond) goto L_681e0;
    r_s6 = *(uint32_t *)(uintptr_t)(r_sp + 40);
    goto L_68160;
L_681d8:
    mips_cond = (r_v1 == r_t0) ? 1U : 0U;
    /* nop */
    if (mips_cond) goto L_681c4;
L_681e0:
    *(uint32_t *)(uintptr_t)(r_a2 + 4) = (uint32_t)r_v1;
    r_a2 = (r_v1 < (uint32_t)5) ? 1U : 0U;
    mips_cond = (r_a2 == 0) ? 1U : 0U;
    /* nop */
    if (mips_cond) goto L_68238;
    switch (r_v1) {
    case 0: goto L_6820c;
    case 1: goto L_68240;
    case 2: goto L_68250;
    case 3: goto L_683c8;
    case 4: goto L_68528;
    default: goto L_68238;
    }
L_6820c:
    r_s4 = (uint32_t)(uintptr_t)&memcpy; /* HI16 memcpy */
    r_a1 = r_t2;
    r_s4 = (uint32_t)(uintptr_t)&memcpy;
    r_a2 = 1050U;
    r_v0 = (uint32_t)REGCALL_memcpy(r_a0, r_a1, r_a2, r_a3);
    r_a2 = 2100U;
    r_a1 = r_s5;
    r_a0 = r_s3;
    r_v0 = (uint32_t)REGCALL_memcpy(r_a0, r_a1, r_a2, r_a3);
    r_v0 = *(uint16_t *)(uintptr_t)(r_s1 + 0);
L_68234:
    *(uint16_t *)(uintptr_t)(r_s0 + 0) = (uint16_t)r_v0;
L_68238:
    *(uint8_t *)(uintptr_t)(r_s2 + 0) = (uint8_t)0;
    goto L_68158;
L_68240:
    r_a2 = *(uint32_t *)(uintptr_t)(r_a3 + 8);
    r_v1 = *(uint32_t *)(uintptr_t)(r_a3 + 12);
    mips_cond = (r_a2 != r_v1) ? 1U : 0U;
    /* nop */
    if (mips_cond) goto L_68278;
L_68250:
    r_s5 = (uint32_t)(uintptr_t)&memcpy; /* HI16 memcpy */
    r_s5 = (uint32_t)(uintptr_t)&memcpy;
    r_a2 = 1050U;
    r_v0 = (uint32_t)REGCALL_memcpy(r_a0, r_a1, r_a2, r_a3);
    r_a2 = 2100U;
    r_a1 = r_s4;
    r_a0 = r_s3;
    r_v0 = (uint32_t)REGCALL_memcpy(r_a0, r_a1, r_a2, r_a3);
    r_v0 = *(uint16_t *)(uintptr_t)(r_s1 + 2);
    goto L_68234;
L_68278:
    r_t1 = 0;
    r_t3 = 1050U;
L_68280:
    r_t0 = *(uint32_t *)(uintptr_t)(r_a3 + 8);
    r_t6 = *(uint32_t *)(uintptr_t)(r_a3 + 12);
    r_v1 = r_a1 + r_t1;
    mips_cond = (r_t0 == r_t6) ? 1U : 0U;
    r_v1 = (uint32_t)(int8_t)*(uint8_t *)(uintptr_t)(r_v1 + 0);
    if (mips_cond) goto L_682e0;
    r_a2 = r_t2 + r_t1;
    r_a2 = (uint32_t)(int8_t)*(uint8_t *)(uintptr_t)(r_a2 + 0);
    r_t5 = r_v1 & 0xffU;
    r_t8 = (r_t0 < r_v0) ? 1U : 0U;
    r_t4 = ((int32_t)r_a2 < (int32_t)r_v1) ? 1U : 0U;
    mips_cond = (r_t4 == 0) ? 1U : 0U;
    r_t7 = (r_t6 < r_t0) ? 1U : 0U;
    if (mips_cond) goto L_68314;
    r_v1 = r_v1 - r_a2;
    mips_cond = (r_t8 == 0) ? 1U : 0U;
    r_a2 = r_t0 - r_v0;
    if (mips_cond) goto L_682c0;
    r_a2 = r_v0 - r_t0;
L_682c0:
    r_a2 = (uint32_t)((int32_t)r_a2 * (int32_t)r_v1);
    mips_cond = (r_t7 == 0) ? 1U : 0U;
    r_v1 = r_t6 - r_t0;
    if (mips_cond) goto L_682d0;
    r_v1 = r_t0 - r_t6;
L_682d0:
    if (r_v1) { mips_lo = (uint32_t)(r_a2 / r_v1); mips_hi = (uint32_t)(r_a2 % r_v1); }
    r_v1 = mips_lo;
    r_v1 = r_t5 - r_v1;
L_682dc:
    r_v1 = (uint32_t)(int8_t)(r_v1 & 0xffU);
L_682e0:
    r_a2 = r_a0 + r_t1;
    *(uint8_t *)(uintptr_t)(r_a2 + 0) = (uint8_t)r_v1;
    r_v1 = *(uint32_t *)(uintptr_t)(r_a3 + 8);
    r_t4 = *(uint32_t *)(uintptr_t)(r_a3 + 12);
    mips_cond = (r_v1 != r_t4) ? 1U : 0U;
    r_a2 = (uint32_t)(int16_t)*(uint16_t *)(uintptr_t)(r_s4 + 0);
    if (mips_cond) goto L_68344;
L_682f8:
    r_t1 = r_t1 + 0x1U;
    *(uint16_t *)(uintptr_t)(r_s3 + 0) = (uint16_t)r_a2;
    r_s4 = r_s4 + 0x2U;
    mips_cond = (r_t1 != r_t3) ? 1U : 0U;
    r_s3 = r_s3 + 0x2U;
    if (mips_cond) goto L_68280;
    r_v0 = *(uint16_t *)(uintptr_t)(r_s1 + 2);
    goto L_68234;
L_68314:
    r_a2 = r_a2 - r_v1;
    mips_cond = (r_t8 == 0) ? 1U : 0U;
    r_t4 = r_t0 - r_v0;
    if (mips_cond) goto L_68324;
    r_t4 = r_v0 - r_t0;
L_68324:
    r_t4 = (uint32_t)((int32_t)r_t4 * (int32_t)r_a2);
    mips_cond = (r_t7 == 0) ? 1U : 0U;
    r_v1 = r_t6 - r_t0;
    if (mips_cond) goto L_68334;
    r_v1 = r_t0 - r_t6;
L_68334:
    if (r_v1) { mips_lo = (uint32_t)(r_t4 / r_v1); mips_hi = (uint32_t)(r_t4 % r_v1); }
    r_t4 = mips_lo;
    r_v1 = r_t5 + r_t4;
    goto L_682dc;
L_68344:
    r_t0 = r_t1 << 1;
    r_t0 = r_s5 + r_t0;
    r_t5 = (uint32_t)(int16_t)*(uint16_t *)(uintptr_t)(r_t0 + 0);
    r_t7 = (r_v1 < r_v0) ? 1U : 0U;
    r_t0 = r_a2 & 0xffffU;
    r_t8 = ((int32_t)r_t5 < (int32_t)r_a2) ? 1U : 0U;
    mips_cond = (r_t8 == 0) ? 1U : 0U;
    r_t6 = (r_t4 < r_v1) ? 1U : 0U;
    if (mips_cond) goto L_68398;
    r_t5 = r_a2 - r_t5;
    mips_cond = (r_t7 == 0) ? 1U : 0U;
    r_a2 = r_v1 - r_v0;
    if (mips_cond) goto L_68374;
    r_a2 = r_v0 - r_v1;
L_68374:
    r_a2 = (uint32_t)((int32_t)r_a2 * (int32_t)r_t5);
    mips_cond = (r_t6 == 0) ? 1U : 0U;
    r_t5 = r_t4 - r_v1;
    if (mips_cond) goto L_68384;
    r_t5 = r_v1 - r_t4;
L_68384:
    if (r_t5) { mips_lo = (uint32_t)(r_a2 / r_t5); mips_hi = (uint32_t)(r_a2 % r_t5); }
    r_a2 = mips_lo;
    r_a2 = r_t0 - r_a2;
L_68390:
    r_a2 = (uint32_t)(int16_t)(r_a2 & 0xffffU);
    goto L_682f8;
L_68398:
    r_t5 = r_t5 - r_a2;
    mips_cond = (r_t7 == 0) ? 1U : 0U;
    r_a2 = r_v1 - r_v0;
    if (mips_cond) goto L_683a8;
    r_a2 = r_v0 - r_v1;
L_683a8:
    r_a2 = (uint32_t)((int32_t)r_a2 * (int32_t)r_t5);
    mips_cond = (r_t6 == 0) ? 1U : 0U;
    r_t5 = r_t4 - r_v1;
    if (mips_cond) goto L_683b8;
    r_t5 = r_v1 - r_t4;
L_683b8:
    if (r_t5) { mips_lo = (uint32_t)(r_a2 / r_t5); mips_hi = (uint32_t)(r_a2 % r_t5); }
    r_a2 = mips_lo;
    r_a2 = r_t0 + r_a2;
    goto L_68390;
L_683c8:
    r_a2 = *(uint32_t *)(uintptr_t)(r_a3 + 0);
    r_v1 = *(uint32_t *)(uintptr_t)(r_a3 + 4);
    mips_cond = (r_a2 == r_v1) ? 1U : 0U;
    r_t4 = 1050U;
    if (mips_cond) goto L_68250;
    r_t2 = r_s6;
    r_t3 = 0;
L_683e0:
    r_t0 = *(uint32_t *)(uintptr_t)(r_a3 + 0);
    r_t7 = *(uint32_t *)(uintptr_t)(r_a3 + 4);
    r_v1 = r_t1 + r_t3;
    mips_cond = (r_t0 == r_t7) ? 1U : 0U;
    r_v1 = (uint32_t)(int8_t)*(uint8_t *)(uintptr_t)(r_v1 + 0);
    if (mips_cond) goto L_68440;
    r_a2 = r_a1 + r_t3;
    r_a2 = (uint32_t)(int8_t)*(uint8_t *)(uintptr_t)(r_a2 + 0);
    r_t6 = r_v1 & 0xffU;
    r_t9 = (r_t0 < r_v0) ? 1U : 0U;
    r_t5 = ((int32_t)r_a2 < (int32_t)r_v1) ? 1U : 0U;
    mips_cond = (r_t5 == 0) ? 1U : 0U;
    r_t8 = (r_t7 < r_t0) ? 1U : 0U;
    if (mips_cond) goto L_68474;
    r_v1 = r_v1 - r_a2;
    mips_cond = (r_t9 == 0) ? 1U : 0U;
    r_a2 = r_t0 - r_v0;
    if (mips_cond) goto L_68420;
    r_a2 = r_v0 - r_t0;
L_68420:
    r_a2 = (uint32_t)((int32_t)r_a2 * (int32_t)r_v1);
    mips_cond = (r_t8 == 0) ? 1U : 0U;
    r_v1 = r_t7 - r_t0;
    if (mips_cond) goto L_68430;
    r_v1 = r_t0 - r_t7;
L_68430:
    if (r_v1) { mips_lo = (uint32_t)(r_a2 / r_v1); mips_hi = (uint32_t)(r_a2 % r_v1); }
    r_v1 = mips_lo;
    r_v1 = r_t6 - r_v1;
L_6843c:
    r_v1 = (uint32_t)(int8_t)(r_v1 & 0xffU);
L_68440:
    r_a2 = r_a0 + r_t3;
    *(uint8_t *)(uintptr_t)(r_a2 + 0) = (uint8_t)r_v1;
    r_v1 = *(uint32_t *)(uintptr_t)(r_a3 + 0);
    r_t5 = *(uint32_t *)(uintptr_t)(r_a3 + 4);
    mips_cond = (r_v1 != r_t5) ? 1U : 0U;
    r_a2 = (uint32_t)(int16_t)*(uint16_t *)(uintptr_t)(r_t2 + 0);
    if (mips_cond) goto L_684a4;
L_68458:
    r_t3 = r_t3 + 0x1U;
    *(uint16_t *)(uintptr_t)(r_s3 + 0) = (uint16_t)r_a2;
    r_t2 = r_t2 + 0x2U;
    mips_cond = (r_t3 != r_t4) ? 1U : 0U;
    r_s3 = r_s3 + 0x2U;
    if (mips_cond) goto L_683e0;
    r_v0 = *(uint16_t *)(uintptr_t)(r_s1 + 2);
    goto L_68234;
L_68474:
    r_a2 = r_a2 - r_v1;
    mips_cond = (r_t9 == 0) ? 1U : 0U;
    r_t5 = r_t0 - r_v0;
    if (mips_cond) goto L_68484;
    r_t5 = r_v0 - r_t0;
L_68484:
    r_t5 = (uint32_t)((int32_t)r_t5 * (int32_t)r_a2);
    mips_cond = (r_t8 == 0) ? 1U : 0U;
    r_v1 = r_t7 - r_t0;
    if (mips_cond) goto L_68494;
    r_v1 = r_t0 - r_t7;
L_68494:
    if (r_v1) { mips_lo = (uint32_t)(r_t5 / r_v1); mips_hi = (uint32_t)(r_t5 % r_v1); }
    r_t5 = mips_lo;
    r_v1 = r_t6 + r_t5;
    goto L_6843c;
L_684a4:
    r_t0 = r_t3 << 1;
    r_t0 = r_s4 + r_t0;
    r_t6 = (uint32_t)(int16_t)*(uint16_t *)(uintptr_t)(r_t0 + 0);
    r_t8 = (r_v1 < r_v0) ? 1U : 0U;
    r_t0 = r_a2 & 0xffffU;
    r_t9 = ((int32_t)r_t6 < (int32_t)r_a2) ? 1U : 0U;
    mips_cond = (r_t9 == 0) ? 1U : 0U;
    r_t7 = (r_t5 < r_v1) ? 1U : 0U;
    if (mips_cond) goto L_684f8;
    r_t6 = r_a2 - r_t6;
    mips_cond = (r_t8 == 0) ? 1U : 0U;
    r_a2 = r_v1 - r_v0;
    if (mips_cond) goto L_684d4;
    r_a2 = r_v0 - r_v1;
L_684d4:
    r_a2 = (uint32_t)((int32_t)r_a2 * (int32_t)r_t6);
    mips_cond = (r_t7 == 0) ? 1U : 0U;
    r_t6 = r_t5 - r_v1;
    if (mips_cond) goto L_684e4;
    r_t6 = r_v1 - r_t5;
L_684e4:
    if (r_t6) { mips_lo = (uint32_t)(r_a2 / r_t6); mips_hi = (uint32_t)(r_a2 % r_t6); }
    r_a2 = mips_lo;
    r_a2 = r_t0 - r_a2;
L_684f0:
    r_a2 = (uint32_t)(int16_t)(r_a2 & 0xffffU);
    goto L_68458;
L_684f8:
    r_t6 = r_t6 - r_a2;
    mips_cond = (r_t8 == 0) ? 1U : 0U;
    r_a2 = r_v1 - r_v0;
    if (mips_cond) goto L_68508;
    r_a2 = r_v0 - r_v1;
L_68508:
    r_a2 = (uint32_t)((int32_t)r_a2 * (int32_t)r_t6);
    mips_cond = (r_t7 == 0) ? 1U : 0U;
    r_t6 = r_t5 - r_v1;
    if (mips_cond) goto L_68518;
    r_t6 = r_v1 - r_t5;
L_68518:
    if (r_t6) { mips_lo = (uint32_t)(r_a2 / r_t6); mips_hi = (uint32_t)(r_a2 % r_t6); }
    r_a2 = mips_lo;
    r_a2 = r_t0 + r_a2;
    goto L_684f0;
L_68528:
    r_s4 = (uint32_t)(uintptr_t)&memcpy; /* HI16 memcpy */
    r_a1 = r_t1;
    r_s4 = (uint32_t)(uintptr_t)&memcpy;
    r_a2 = 1050U;
    r_v0 = (uint32_t)REGCALL_memcpy(r_a0, r_a1, r_a2, r_a3);
    r_a2 = 2100U;
    r_a1 = r_s6;
    r_a0 = r_s3;
    r_v0 = (uint32_t)REGCALL_memcpy(r_a0, r_a1, r_a2, r_a3);
    r_v0 = *(uint16_t *)(uintptr_t)(r_s1 + 4);
    goto L_68234;
fn_exit:
    return (int32_t)r_v0;
}
static int32_t tisp_clm_set_params_lit(uint32_t a0_in, uint32_t a1_in)
{
    uint32_t r_v0 = 0, r_v1 = 0;
    uint32_t r_at = 0, r_a0 = 0, r_a1 = 0, r_a2 = 0, r_a3 = 0;
    uint32_t r_t0 = 0, r_t1 = 0, r_t2 = 0, r_t3 = 0, r_t4 = 0, r_t5 = 0;
    uint32_t r_t6 = 0, r_t7 = 0, r_t8 = 0, r_t9 = 0;
    uint32_t r_s0 = 0, r_s1 = 0, r_s2 = 0, r_s3 = 0, r_s4 = 0, r_s5 = 0;
    uint32_t r_s6 = 0, r_s7 = 0, r_s8 = 0, r_k0 = 0, r_k1 = 0, r_gp = 0, r_ra = 0;
    uint32_t mips_lo = 0, mips_hi = 0, mips_cond = 0;
    uint8_t mips_stack[2048] __attribute__((aligned(8)));
    uint32_t r_sp = (uint32_t)(uintptr_t)(mips_stack + 1024);
    uint32_t regtrace_clm_stream = a1_in;
    r_a0 = a0_in;
    r_a1 = a1_in;

    (void)r_at; (void)r_k0; (void)r_k1; (void)r_gp;
    (void)r_t8; (void)r_t9; (void)r_ra; (void)mips_hi;
    (void)mips_lo; (void)mips_cond;
    r_sp = r_sp + -0x48U;
    *(uint32_t *)(uintptr_t)(r_sp + 48) = (uint32_t)r_s4;
    *(uint32_t *)(uintptr_t)(r_sp + 44) = (uint32_t)r_s3;
    *(uint32_t *)(uintptr_t)(r_sp + 68) = (uint32_t)r_ra;
    *(uint32_t *)(uintptr_t)(r_sp + 64) = (uint32_t)r_s8;
    *(uint32_t *)(uintptr_t)(r_sp + 60) = (uint32_t)r_s7;
    *(uint32_t *)(uintptr_t)(r_sp + 56) = (uint32_t)r_s6;
    *(uint32_t *)(uintptr_t)(r_sp + 52) = (uint32_t)r_s5;
    *(uint32_t *)(uintptr_t)(r_sp + 40) = (uint32_t)r_s2;
    *(uint32_t *)(uintptr_t)(r_sp + 36) = (uint32_t)r_s1;
    *(uint32_t *)(uintptr_t)(r_sp + 32) = (uint32_t)r_s0;
    r_v0 = *(uint32_t *)(uintptr_t)(r_a0 + 48);
    r_s4 = r_a1;
    r_s3 = r_a0;
    r_s0 = *(uint16_t *)(uintptr_t)(r_v0 + 0);
    r_v0 = (uint32_t)(uintptr_t)&tisp_ct_clm_interpolation_lit; /* HI16 tisp_ct_clm_interpolation */
    r_v0 = (uint32_t)(uintptr_t)&tisp_ct_clm_interpolation_lit;
    r_s1 = *(uint32_t *)(uintptr_t)(r_a0 + 32);
    r_s2 = *(uint32_t *)(uintptr_t)(r_a0 + 36);
    r_v0 = (uint32_t)REGCALL_tisp_ct_clm_interpolation(r_a0, r_a1, r_a2, r_a3);
    regtrace_clm_stage_reached = 4;
    regtrace_clm_last_ret = (int32_t)r_v0;
    if (regtrace_clm_stage_limit == 4) {
        printk(KERN_WARNING "tx_isp_t40_recovered: clm-set-params stage4 after interpolation ret=%u\n", r_v0);
        goto fn_exit;
    }
    mips_cond = (r_s4 == 0) ? 1U : 0U;
    r_a0 = 0x10000U;
    if (mips_cond) goto L_68700;
    r_a0 = r_a0 + 0x2084U;
L_685b0:
    r_a1 = r_s0;
    r_s0 = (uint32_t)(uintptr_t)&system_reg_write; /* HI16 system_reg_write */
    r_s0 = (uint32_t)(uintptr_t)&system_reg_write;
    /* nop */
    r_v0 = (uint32_t)REGCALL_system_reg_write(r_a0, r_a1, r_a2, r_a3);
    regtrace_clm_stage_reached = 5;
    regtrace_clm_last_ret = (int32_t)r_v0;
    if (regtrace_clm_stage_limit == 5) {
        printk(KERN_WARNING "tx_isp_t40_recovered: clm-set-params stage5 after mode write addr=0x%x value=0x%x ret=%u\n",
               r_a0, r_a1, r_v0);
        goto fn_exit;
    }
    if (regtrace_clm_defer_trig) {
        r_v0 = 0;
    } else {
        r_v0 = (uint32_t)(uintptr_t)&system_reg_write_clm_trig_lit; /* HI16 system_reg_write_clm_trig */
        r_a1 = r_s4;
        r_v0 = (uint32_t)(uintptr_t)&system_reg_write_clm_trig_lit;
        r_a0 = 1U;
        r_v0 = (uint32_t)REGCALL_system_reg_write_clm_trig(r_a0, r_a1, r_a2, r_a3);
    }
    regtrace_clm_stage_reached = 6;
    regtrace_clm_last_ret = (int32_t)r_v0;
    if (regtrace_clm_stage_limit == 6) {
        printk(KERN_WARNING "tx_isp_t40_recovered: clm-set-params stage6 after trig stream=%u ret=%u deferred=%u\n",
               r_s4, r_v0, regtrace_clm_defer_trig);
        goto fn_exit;
    }
    r_v0 = (uint32_t)(uintptr_t)&clm_lut2reg_lit; /* HI16 clm_lut2reg */
    r_a0 = r_s3;
    r_a2 = r_s1;
    r_v0 = (uint32_t)(uintptr_t)&clm_lut2reg_lit;
    r_a1 = r_s2;
    r_v0 = (uint32_t)REGCALL_clm_lut2reg(r_a0, r_a1, r_a2, r_a3);
    regtrace_clm_stage_reached = 7;
    regtrace_clm_last_ret = (int32_t)r_v0;
    if (regtrace_clm_stage_limit == 7) {
        printk(KERN_WARNING "tx_isp_t40_recovered: clm-set-params stage7 after lut2reg ret=%u\n", r_v0);
        goto fn_exit;
    }
    mips_cond = (r_s4 == 0) ? 1U : 0U;
    r_a0 = 0x50000U;
    if (mips_cond) goto L_68708;
    r_v0 = r_a0 + 0x134U;
    *(uint32_t *)(uintptr_t)(r_sp + 20) = (uint32_t)r_v0;
    r_v0 = r_a0 + 0x114U;
    r_s3 = r_a0 + 0x130U;
    *(uint32_t *)(uintptr_t)(r_sp + 16) = (uint32_t)r_v0;
    r_s4 = r_a0 + 0x110U;
    r_s7 = r_a0 + 0xf4U;
    r_s5 = r_a0 + 0xf0U;
    r_s8 = r_a0 + 0xd4U;
    r_s6 = r_a0 + 0xd0U;
L_68620:
    r_a1 = 257U;
    r_a0 = r_s6;
    r_v0 = (uint32_t)REGCALL_system_reg_write(r_a0, r_a1, r_a2, r_a3);
    r_a1 = 257U;
    r_a0 = r_s5;
    r_v0 = (uint32_t)REGCALL_system_reg_write(r_a0, r_a1, r_a2, r_a3);
    r_a1 = 257U;
    r_a0 = r_s4;
    r_v0 = (uint32_t)REGCALL_system_reg_write(r_a0, r_a1, r_a2, r_a3);
    r_a1 = 257U;
    r_a0 = r_s3;
    r_v0 = (uint32_t)REGCALL_system_reg_write(r_a0, r_a1, r_a2, r_a3);
    regtrace_clm_stage_reached = 8;
    regtrace_clm_last_ret = (int32_t)r_v0;
    if (regtrace_clm_stage_limit == 8) {
        printk(KERN_WARNING "tx_isp_t40_recovered: clm-set-params stage8 after LUT pre-enable ret=%u\n", r_v0);
        goto fn_exit;
    }
    r_a2 = r_s1 + 0x690U;
L_68654:
    r_a1 = *(uint32_t *)(uintptr_t)(r_s1 + 0);
    r_a0 = r_s8;
    *(uint32_t *)(uintptr_t)(r_sp + 24) = (uint32_t)r_a2;
    r_v0 = (uint32_t)REGCALL_system_reg_write(r_a0, r_a1, r_a2, r_a3);
    r_a1 = *(uint32_t *)(uintptr_t)(r_s1 + 0);
    r_a0 = r_s7;
    r_s1 = r_s1 + 0x4U;
    r_v0 = (uint32_t)REGCALL_system_reg_write(r_a0, r_a1, r_a2, r_a3);
    r_a1 = *(uint32_t *)(uintptr_t)(r_s2 + 0);
    r_a0 = *(uint32_t *)(uintptr_t)(r_sp + 16);
    r_s2 = r_s2 + 0x4U;
    r_v0 = (uint32_t)REGCALL_system_reg_write(r_a0, r_a1, r_a2, r_a3);
    r_a1 = *(uint32_t *)(uintptr_t)(r_s2 + -4);
    r_a0 = *(uint32_t *)(uintptr_t)(r_sp + 20);
    r_v0 = (uint32_t)REGCALL_system_reg_write(r_a0, r_a1, r_a2, r_a3);
    r_a2 = *(uint32_t *)(uintptr_t)(r_sp + 24);
    mips_cond = (r_s1 != r_a2) ? 1U : 0U;
    /* nop */
    if (mips_cond) goto L_68654;
    regtrace_clm_stage_reached = 9;
    regtrace_clm_last_ret = (int32_t)r_v0;
    if (regtrace_clm_stage_limit == 9) {
        printk(KERN_WARNING "tx_isp_t40_recovered: clm-set-params stage9 after LUT data writes ret=%u\n", r_v0);
        goto fn_exit;
    }
    r_s1 = 0x1a30000U;
    r_a1 = r_s1 + 0x102U;
    r_a0 = r_s6;
    r_v0 = (uint32_t)REGCALL_system_reg_write(r_a0, r_a1, r_a2, r_a3);
    regtrace_clm_stage_reached = 10;
    regtrace_clm_last_ret = (int32_t)r_v0;
    if (regtrace_clm_stage_limit == 10) {
        printk(KERN_WARNING "tx_isp_t40_recovered: clm-set-params stage10 after final commit 1 addr=0x%x ret=%u\n",
               r_a0, r_v0);
        goto fn_exit;
    }
    r_a1 = r_s1 | 0x102U;
    r_a0 = r_s5;
    r_v0 = (uint32_t)REGCALL_system_reg_write(r_a0, r_a1, r_a2, r_a3);
    regtrace_clm_stage_reached = 11;
    regtrace_clm_last_ret = (int32_t)r_v0;
    if (regtrace_clm_stage_limit == 11) {
        printk(KERN_WARNING "tx_isp_t40_recovered: clm-set-params stage11 after final commit 2 addr=0x%x ret=%u\n",
               r_a0, r_v0);
        goto fn_exit;
    }
    r_a1 = r_s1 | 0x102U;
    r_a0 = r_s4;
    r_v0 = (uint32_t)REGCALL_system_reg_write(r_a0, r_a1, r_a2, r_a3);
    regtrace_clm_stage_reached = 12;
    regtrace_clm_last_ret = (int32_t)r_v0;
    if (regtrace_clm_stage_limit == 12) {
        printk(KERN_WARNING "tx_isp_t40_recovered: clm-set-params stage12 after final commit 3 addr=0x%x ret=%u\n",
               r_a0, r_v0);
        goto fn_exit;
    }
    r_ra = *(uint32_t *)(uintptr_t)(r_sp + 68);
    r_s8 = *(uint32_t *)(uintptr_t)(r_sp + 64);
    r_s7 = *(uint32_t *)(uintptr_t)(r_sp + 60);
    r_s6 = *(uint32_t *)(uintptr_t)(r_sp + 56);
    r_s5 = *(uint32_t *)(uintptr_t)(r_sp + 52);
    r_s4 = *(uint32_t *)(uintptr_t)(r_sp + 48);
    r_s2 = *(uint32_t *)(uintptr_t)(r_sp + 40);
    r_a1 = r_s1 | 0x102U;
    r_a0 = r_s3;
    r_s1 = *(uint32_t *)(uintptr_t)(r_sp + 36);
    r_s3 = *(uint32_t *)(uintptr_t)(r_sp + 44);
    r_t9 = r_s0;
    r_s0 = *(uint32_t *)(uintptr_t)(r_sp + 32);
    r_sp = r_sp + 0x48U;
    r_v0 = (uint32_t)REGCALL_system_reg_write(r_a0, r_a1, r_a2, r_a3);
    regtrace_clm_stage_reached = 13;
    regtrace_clm_last_ret = (int32_t)r_v0;
    if (regtrace_clm_stage_limit == 13) {
        printk(KERN_WARNING "tx_isp_t40_recovered: clm-set-params stage13 after final commit 4 addr=0x%x ret=%u\n",
               r_a0, r_v0);
        goto fn_exit;
    }
    if (regtrace_clm_defer_trig) {
        r_v0 = (uint32_t)system_reg_write_clm_trig_lit(1U, regtrace_clm_stream);
        regtrace_clm_stage_reached = 14;
        regtrace_clm_last_ret = (int32_t)r_v0;
        if (regtrace_clm_stage_limit == 14) {
            printk(KERN_WARNING "tx_isp_t40_recovered: clm-set-params stage14 deferred trig stream=%u ret=%u\n",
                   regtrace_clm_stream, r_v0);
        }
    }
    goto fn_exit;
L_68700:
    r_a0 = r_a0 + 0x2004U;
    goto L_685b0;
L_68708:
    r_v0 = r_a0 + 0x124U;
    *(uint32_t *)(uintptr_t)(r_sp + 20) = (uint32_t)r_v0;
    r_v0 = r_a0 + 0x104U;
    r_s3 = r_a0 + 0x120U;
    *(uint32_t *)(uintptr_t)(r_sp + 16) = (uint32_t)r_v0;
    r_s4 = r_a0 + 0x100U;
    r_s7 = r_a0 + 0xe4U;
    r_s5 = r_a0 + 0xe0U;
    r_s8 = r_a0 + 0xc4U;
    r_s6 = r_a0 + 0xc0U;
    goto L_68620;
fn_exit:
    return (int32_t)r_v0;
}
static int32_t tisp_clm_main_init_lit(uint32_t a0_in)
{
    uint32_t r_v0 = 0, r_v1 = 0;
    uint32_t r_at = 0, r_a0 = 0, r_a1 = 0, r_a2 = 0, r_a3 = 0;
    uint32_t r_t0 = 0, r_t1 = 0, r_t2 = 0, r_t3 = 0, r_t4 = 0, r_t5 = 0;
    uint32_t r_t6 = 0, r_t7 = 0, r_t8 = 0, r_t9 = 0;
    uint32_t r_s0 = 0, r_s1 = 0, r_s2 = 0, r_s3 = 0, r_s4 = 0, r_s5 = 0;
    uint32_t r_s6 = 0, r_s7 = 0, r_s8 = 0, r_k0 = 0, r_k1 = 0, r_gp = 0, r_ra = 0;
    uint32_t mips_lo = 0, mips_hi = 0, mips_cond = 0;
    uint8_t mips_stack[2048] __attribute__((aligned(8)));
    uint32_t r_sp = (uint32_t)(uintptr_t)(mips_stack + 1024);
    r_a0 = a0_in;

    (void)r_at; (void)r_k0; (void)r_k1; (void)r_gp;
    (void)r_t8; (void)r_t9; (void)r_ra; (void)mips_hi;
    (void)mips_lo; (void)mips_cond;
    r_sp = r_sp + -0x18U;
    r_v0 = (uint32_t)(uintptr_t)&private_vmalloc; /* HI16 private_vmalloc */
    r_a0 = 18924U;
    *(uint32_t *)(uintptr_t)(r_sp + 20) = (uint32_t)r_ra;
    r_v0 = (uint32_t)(uintptr_t)&private_vmalloc;
    *(uint32_t *)(uintptr_t)(r_sp + 16) = (uint32_t)r_s0;
    r_v0 = (uint32_t)REGCALL_private_vmalloc(r_a0, r_a1, r_a2, r_a3);
    r_s0 = 0; /* HI16 .bss anchor */
    *(uint32_t *)((uintptr_t)((uintptr_t)&stMainClmOuter_lit) + 0) = (uint32_t)r_v0;
    r_a0 = r_v0;
    r_v0 = (uint32_t)(uintptr_t)&memset; /* HI16 memset */
    r_a2 = 4U;
    r_v0 = (uint32_t)(uintptr_t)&memset;
    r_a1 = 0;
    r_v0 = (uint32_t)REGCALL_memset(r_a0, r_a1, r_a2, r_a3);
    r_v1 = *(uint32_t *)(uintptr_t)((uintptr_t)&stMainClmOuter_lit);
    r_a2 = 0; /* HI16 .data anchor */
    r_s0 = 0; /* HI16 .bss anchor */
    r_v0 = (uint32_t)(uintptr_t)&tisp_clm_params_transmit_lit; /* HI16 tisp_clm_params_transmit */
    r_a1 = r_v1;
    r_a0 = (uint32_t)(uintptr_t)&pstMainClmOri_lit;
    r_v0 = (uint32_t)(uintptr_t)&tisp_clm_params_transmit_lit;
    r_a2 = (uint32_t)(uintptr_t)&stMainClmInterOri_lit;
    r_v0 = (uint32_t)REGCALL_tisp_clm_params_transmit(r_a0, r_a1, r_a2, r_a3);
    r_v0 = (uint32_t)(uintptr_t)&tparamsN; /* HI16 tparamsN */
    r_a2 = *(uint32_t *)(uintptr_t)(r_v0 + 0);
    r_v0 = 0x10000U;
    r_v0 = r_v0 + 0x23acU;
    r_a2 = r_a2 + r_v0;
    r_v0 = (uint32_t)(uintptr_t)&tisp_clm_params_refresh_lit; /* HI16 tisp_clm_params_refresh */
    r_a1 = r_v1;
    r_v0 = (uint32_t)(uintptr_t)&tisp_clm_params_refresh_lit;
    r_a0 = (uint32_t)(uintptr_t)&pstMainClmOri_lit;
    r_v0 = (uint32_t)REGCALL_tisp_clm_params_refresh(r_a0, r_a1, r_a2, r_a3);
    r_v0 = (uint32_t)(uintptr_t)&tisp_clm_set_params_lit; /* HI16 tisp_clm_set_params */
    r_a0 = (uint32_t)(uintptr_t)&pstMainClmOri_lit;
    r_v0 = (uint32_t)(uintptr_t)&tisp_clm_set_params_lit;
    r_a1 = 0;
    r_v0 = (uint32_t)REGCALL_tisp_clm_set_params(r_a0, r_a1, r_a2, r_a3);
    r_ra = *(uint32_t *)(uintptr_t)(r_sp + 20);
    r_s0 = *(uint32_t *)(uintptr_t)(r_sp + 16);
    r_v0 = 0;
    r_sp = r_sp + 0x18U;
    goto fn_exit;
fn_exit:
    return (int32_t)r_v0;
}
static int32_t tisp_clm_wdr_en_lit(uint32_t a0_in, uint32_t a1_in)
{
    uint32_t r_v0 = 0, r_v1 = 0;
    uint32_t r_at = 0, r_a0 = 0, r_a1 = 0, r_a2 = 0, r_a3 = 0;
    uint32_t r_t0 = 0, r_t1 = 0, r_t2 = 0, r_t3 = 0, r_t4 = 0, r_t5 = 0;
    uint32_t r_t6 = 0, r_t7 = 0, r_t8 = 0, r_t9 = 0;
    uint32_t r_s0 = 0, r_s1 = 0, r_s2 = 0, r_s3 = 0, r_s4 = 0, r_s5 = 0;
    uint32_t r_s6 = 0, r_s7 = 0, r_s8 = 0, r_k0 = 0, r_k1 = 0, r_gp = 0, r_ra = 0;
    uint32_t mips_lo = 0, mips_hi = 0, mips_cond = 0;
    uint8_t mips_stack[2048] __attribute__((aligned(8)));
    uint32_t r_sp = (uint32_t)(uintptr_t)(mips_stack + 1024);
    r_a0 = a0_in;
    r_a1 = a1_in;

    (void)r_at; (void)r_k0; (void)r_k1; (void)r_gp;
    (void)r_t8; (void)r_t9; (void)r_ra; (void)mips_hi;
    (void)mips_lo; (void)mips_cond;
    r_sp = r_sp + -0x18U;
    r_a3 = r_a0;
    mips_cond = (r_a0 != 0) ? 1U : 0U;
    *(uint32_t *)(uintptr_t)(r_sp + 20) = (uint32_t)r_ra;
    if (mips_cond) goto L_68a6c;
    r_v0 = 0; /* HI16 .bss anchor */
    r_v1 = 0; /* HI16 .bss anchor */
    r_a2 = 0; /* HI16 .data anchor */
    r_v0 = *(uint32_t *)(uintptr_t)((uintptr_t)&stMainClmOuter_lit);
    r_v1 = (uint32_t)(uintptr_t)&pstMainClmOri_lit;
    r_a2 = (uint32_t)(uintptr_t)&stMainClmInterOri_lit;
    goto L_68a84;
L_68a6c:
    r_v0 = 0; /* HI16 .bss anchor */
    r_v0 = *(uint32_t *)(uintptr_t)((uintptr_t)&stSecClmOuter_lit);
    r_v1 = 0; /* HI16 .bss anchor */
    r_a2 = 0; /* HI16 .data anchor */
    r_v1 = (uint32_t)(uintptr_t)&pstSecClmOri_lit;
    r_a2 = (uint32_t)(uintptr_t)&stSecClmInterOri_lit;
L_68a84:
    r_a0 = *(uint32_t *)(uintptr_t)(r_v1 + 68);
    *(uint8_t *)(uintptr_t)(r_a0 + 0) = (uint8_t)r_a1;
    r_a0 = *(uint32_t *)(uintptr_t)(r_v1 + 64);
    r_a1 = 1U;
    *(uint8_t *)(uintptr_t)(r_a0 + 0) = (uint8_t)r_a1;
    r_a1 = r_v0;
    r_v0 = (uint32_t)(uintptr_t)&tisp_clm_params_transmit_lit; /* HI16 tisp_clm_params_transmit */
    r_v0 = (uint32_t)(uintptr_t)&tisp_clm_params_transmit_lit;
    r_a0 = r_v1;
    r_v0 = (uint32_t)REGCALL_tisp_clm_params_transmit(r_a0, r_a1, r_a2, r_a3);
    r_ra = *(uint32_t *)(uintptr_t)(r_sp + 20);
    r_t9 = (uint32_t)(uintptr_t)&tisp_clm_set_params_lit; /* HI16 tisp_clm_set_params */
    r_a1 = r_a3 & 0xffU;
    r_t9 = (uint32_t)(uintptr_t)&tisp_clm_set_params_lit;
    r_sp = r_sp + 0x18U;
    r_v0 = (uint32_t)REGCALL_tisp_clm_set_params(r_a0, r_a1, r_a2, r_a3); goto fn_exit;
fn_exit:
    return (int32_t)r_v0;
}
static int32_t tisp_clm_ct_update_lit(uint32_t a0_in, uint32_t a1_in, uint32_t a2_in, uint32_t a3_in, uint32_t a4_in)
{
    uint32_t r_v0 = 0, r_v1 = 0;
    uint32_t r_at = 0, r_a0 = 0, r_a1 = 0, r_a2 = 0, r_a3 = 0;
    uint32_t r_t0 = 0, r_t1 = 0, r_t2 = 0, r_t3 = 0, r_t4 = 0, r_t5 = 0;
    uint32_t r_t6 = 0, r_t7 = 0, r_t8 = 0, r_t9 = 0;
    uint32_t r_s0 = 0, r_s1 = 0, r_s2 = 0, r_s3 = 0, r_s4 = 0, r_s5 = 0;
    uint32_t r_s6 = 0, r_s7 = 0, r_s8 = 0, r_k0 = 0, r_k1 = 0, r_gp = 0, r_ra = 0;
    uint32_t mips_lo = 0, mips_hi = 0, mips_cond = 0;
    uint8_t mips_stack[2048] __attribute__((aligned(8)));
    uint32_t r_sp = (uint32_t)(uintptr_t)(mips_stack + 1024);
    r_a0 = a0_in;
    r_a1 = a1_in;
    r_a2 = a2_in;
    r_a3 = a3_in;
    *(uint32_t *)(uintptr_t)(r_sp + 16) = a4_in;

    (void)r_at; (void)r_k0; (void)r_k1; (void)r_gp;
    (void)r_t8; (void)r_t9; (void)r_ra; (void)mips_hi;
    (void)mips_lo; (void)mips_cond;
    mips_cond = (r_a0 != 0) ? 1U : 0U;
    r_v0 = 0; /* HI16 .bss anchor */
    if (mips_cond) goto L_68ae0;
    r_v0 = 0; /* HI16 .bss anchor */
    r_v0 = (uint32_t)(uintptr_t)&pstMainClmOri_lit;
L_68ad4:
    r_v0 = *(uint32_t *)(uintptr_t)(r_v0 + 60);
    *(uint32_t *)(uintptr_t)(r_v0 + 0) = (uint32_t)r_a2;
    goto fn_exit;
L_68ae0:
    r_v0 = (uint32_t)(uintptr_t)&pstSecClmOri_lit;
    goto L_68ad4;
fn_exit:
    return (int32_t)r_v0;
}
static int32_t tisp_clm_set_hardware_param_reg_lit(uint32_t a0_in, uint32_t a1_in)
{
    uint32_t r_v0 = 0, r_v1 = 0;
    uint32_t r_at = 0, r_a0 = 0, r_a1 = 0, r_a2 = 0, r_a3 = 0;
    uint32_t r_t0 = 0, r_t1 = 0, r_t2 = 0, r_t3 = 0, r_t4 = 0, r_t5 = 0;
    uint32_t r_t6 = 0, r_t7 = 0, r_t8 = 0, r_t9 = 0;
    uint32_t r_s0 = 0, r_s1 = 0, r_s2 = 0, r_s3 = 0, r_s4 = 0, r_s5 = 0;
    uint32_t r_s6 = 0, r_s7 = 0, r_s8 = 0, r_k0 = 0, r_k1 = 0, r_gp = 0, r_ra = 0;
    uint32_t mips_lo = 0, mips_hi = 0, mips_cond = 0;
    uint8_t mips_stack[2048] __attribute__((aligned(8)));
    uint32_t r_sp = (uint32_t)(uintptr_t)(mips_stack + 1024);
    r_a0 = a0_in;
    r_a1 = a1_in;

    (void)r_at; (void)r_k0; (void)r_k1; (void)r_gp;
    (void)r_t8; (void)r_t9; (void)r_ra; (void)mips_hi;
    (void)mips_lo; (void)mips_cond;
    r_sp = r_sp + -0x18U;
    *(uint32_t *)(uintptr_t)(r_sp + 20) = (uint32_t)r_ra;
    mips_cond = (r_a0 != 0) ? 1U : 0U;
    *(uint32_t *)(uintptr_t)(r_sp + 16) = (uint32_t)r_s0;
    if (mips_cond) goto L_68b58;
    r_v1 = 0; /* HI16 .bss anchor */
    r_v1 = (uint32_t)(uintptr_t)&pstMainClmOri_lit;
L_68b00:
    r_s0 = *(uint32_t *)(uintptr_t)(r_v1 + 60);
    r_a2 = *(uint32_t *)(uintptr_t)(r_s0 + 0);
    r_v0 = *(uint32_t *)(uintptr_t)(r_s0 + 4);
    r_a1 = (r_v0 < r_a2) ? 1U : 0U;
    mips_cond = (r_a1 == 0) ? 1U : 0U;
    /* nop */
    if (mips_cond) goto L_68b64;
    r_v0 = r_a2 - r_v0;
L_68b1c:
    r_v0 = (r_v0 < (uint32_t)101) ? 1U : 0U;
    r_v0 = r_v0 ^ 0x1U;
    mips_cond = (r_v0 == 0) ? 1U : 0U;
    r_ra = *(uint32_t *)(uintptr_t)(r_sp + 20);
    if (mips_cond) goto L_68b4c;
    r_v0 = (uint32_t)(uintptr_t)&tisp_clm_set_params_lit; /* HI16 tisp_clm_set_params */
    r_a1 = r_a0 & 0xffU;
    r_v0 = (uint32_t)(uintptr_t)&tisp_clm_set_params_lit;
    r_a0 = r_v1;
    r_v0 = (uint32_t)REGCALL_tisp_clm_set_params(r_a0, r_a1, r_a2, r_a3);
    r_v0 = *(uint32_t *)(uintptr_t)(r_s0 + 0);
    *(uint32_t *)(uintptr_t)(r_s0 + 4) = (uint32_t)r_v0;
    r_ra = *(uint32_t *)(uintptr_t)(r_sp + 20);
L_68b4c:
    r_s0 = *(uint32_t *)(uintptr_t)(r_sp + 16);
    r_sp = r_sp + 0x18U;
    goto fn_exit;
L_68b58:
    r_v1 = 0; /* HI16 .bss anchor */
    r_v1 = (uint32_t)(uintptr_t)&pstSecClmOri_lit;
    goto L_68b00;
L_68b64:
    r_v0 = r_v0 - r_a2;
    goto L_68b1c;
fn_exit:
    return (int32_t)r_v0;
}


#undef REGCALL_private_vmalloc
#undef REGCALL_memset
#undef REGCALL_memcpy
#undef REGCALL_system_reg_write
#undef REGCALL_system_reg_write_clm_trig
#undef REGCALL_tisp_clm_params_transmit
#undef REGCALL_tisp_clm_params_refresh
#undef REGCALL_clm_lut2reg
#undef REGCALL_tisp_ct_clm_interpolation
#undef REGCALL_tisp_clm_set_params

static int32_t regtrace_clm_main_init_lit(void)
{
    uint32_t nbuf = *(uint32_t *)((char *)&tparamsN);
    void *outer;
    int32_t ret;

    regtrace_clm_stage_reached = 0;
    regtrace_clm_last_ret = 0;
    if (!nbuf) {
        regtrace_clm_last_ret = -ENOENT;
        return -ENOENT;
    }
    if (!stMainClmOuter_lit) {
        outer = (void *)(uintptr_t)
            ((uintptr_t (*)(uintptr_t))(uintptr_t)private_vmalloc)(18924);
        if (!outer) {
            regtrace_clm_last_ret = -ENOMEM;
            return -ENOMEM;
        }
        memset(outer, 0, 4);
        stMainClmOuter_lit = (uintptr_t)outer;
    }
    if (regtrace_clm_stage_limit == 1) {
        regtrace_clm_stage_reached = 1;
        regtrace_clm_last_ret = 0;
        return 0;
    }

    ret = tisp_clm_params_transmit_lit((uint32_t)(uintptr_t)pstMainClmOri_lit,
                                       (uint32_t)stMainClmOuter_lit,
                                       (uint32_t)(uintptr_t)stMainClmInterOri_lit);
    regtrace_clm_stage_reached = 2;
    regtrace_clm_last_ret = 0;
    if (regtrace_clm_stage_limit == 2)
        return 0;

    ret = tisp_clm_params_refresh_lit((uint32_t)(uintptr_t)pstMainClmOri_lit,
                                      (uint32_t)stMainClmOuter_lit,
                                      nbuf + 0x123acU);
    regtrace_clm_stage_reached = 3;
    regtrace_clm_last_ret = ret;
    if (ret || regtrace_clm_stage_limit == 3)
        return ret;

    ret = tisp_clm_set_params_lit((uint32_t)(uintptr_t)pstMainClmOri_lit, 0);
    regtrace_clm_last_ret = ret;
    printk(KERN_WARNING "tx_isp_t40_recovered: clm-main-init-lit done outer=%p stage=%u ret=%d\n",
           (void *)(uintptr_t)stMainClmOuter_lit, regtrace_clm_stage_limit,
           ret);
    return ret;
}
