classification,match_kind,oem_name,recovered_names,oem_instructions,recovered_instructions,instruction_ratio,instruction_delta,oem_bytes,recovered_bytes,oem_branches,recovered_branches,oem_calls,recovered_calls,oem_returns,recovered_returns,oem_relocations,recovered_relocations,missing_replacement_targets
stub,exact_name,Tiziano_adr_fpga,Tiziano_adr_fpga,3210,2,0.000623,-3208,12840,8,263,0,148,0,3,1,47,0,
stub,exact_name,tisp_defog_soft_process,tisp_defog_soft_process,1121,2,0.001784,-1119,4484,8,134,0,22,0,1,1,16,0,
stub,exact_name,frame_channel_unlocked_ioctl,frame_channel_unlocked_ioctl,899,2,0.002225,-897,3596,8,171,0,56,0,1,1,197,0,
stub,exact_name,tx_isp_vic_start,tx_isp_vic_start,606,5,0.008251,-601,2424,20,75,1,13,0,1,0,67,4,
stub,exact_name,ispcore_pad_event_handle,ispcore_pad_event_handle,548,4,0.007299,-544,2192,16,87,1,26,0,2,0,67,2,
stub,exact_name,ispcore_core_ops_init,ispcore_core_ops_init,501,8,0.015968,-493,2004,32,129,2,18,0,1,1,51,0,
stub,exact_name,dump_ivdc_regs,dump_ivdc_regs,433,2,0.004619,-431,1732,8,1,0,46,0,0,1,143,0,
stub,exact_name,tisp_ae1_process_impl,tisp_ae1_process_impl,273,2,0.007326,-271,1092,8,26,0,11,0,1,1,68,0,
stub,exact_name,tisp_msca_api_set_line,tisp_msca_api_set_line,273,2,0.007326,-271,1092,8,23,0,22,0,1,1,4,0,
stub,exact_name,tx_isp_probe,tx_isp_probe,235,2,0.008511,-233,940,8,25,0,23,0,1,1,74,0,
stub,exact_name,csi_core_ops_init,csi_core_ops_init,188,5,0.026596,-183,752,20,22,1,6,0,2,0,10,4,
stub,exact_name,ispcore_slake_module,ispcore_slake_module,114,2,0.017544,-112,456,8,18,0,6,0,2,1,14,0,
stub,exact_name,dump_csi_reg,dump_csi_reg,100,2,0.020000,-98,400,8,1,0,14,0,0,1,32,0,
stub,exact_name,isp_frame_done_wait,isp_frame_done_wait,82,4,0.048780,-78,328,16,8,0,3,0,1,1,21,0,
stub,exact_name,ispcore_irq_fs_work,ispcore_irq_fs_work,79,6,0.075949,-73,316,24,12,0,1,0,1,1,7,3,
stub,exact_name,isp_malloc_buffer,isp_malloc_buffer,72,2,0.027778,-70,288,8,10,0,4,0,1,1,16,0,
stub,exact_name,tisp_stream_on,tisp_stream_on,71,2,0.028169,-69,284,8,1,0,6,0,0,1,18,0,
stub,exact_name,tx_isp_notify,tx_isp_notify,69,2,0.028986,-67,276,8,12,0,1,0,1,1,2,0,
stub,exact_name,__vb2_queue_cancel,__vb2_queue_cancel,67,2,0.029851,-65,268,8,5,0,5,0,1,1,8,0,
stub,exact_name,tx_isp_video_link_stream,tx_isp_video_link_stream,64,2,0.031250,-62,256,8,12,0,2,0,1,1,0,0,
stub,exact_name,ivdc_slake_module,ivdc_slake_module,63,6,0.095238,-57,252,24,9,1,4,0,1,1,8,0,
stub,exact_name,tx_isp_subdev_deinit,tx_isp_subdev_deinit,59,5,0.084746,-54,236,20,6,1,8,0,1,1,17,0,
stub,exact_name,vic_core_s_stream,vic_core_s_stream,50,5,0.100000,-45,200,20,8,1,3,0,2,0,6,4,
stub,exact_name,ispcore_sensor_ops_ioctl,ispcore_sensor_ops_ioctl,46,2,0.043478,-44,184,8,8,0,1,0,1,1,0,0,
stub,exact_name,tx_vic_disable_irq,tx_vic_disable_irq,45,2,0.044444,-43,180,8,6,0,3,0,1,1,10,0,
stub,exact_name,fs_activate_module,fs_activate_module,43,2,0.046512,-41,172,8,7,0,1,0,3,1,4,0,
stub,exact_name,tx_vic_enable_irq,tx_vic_enable_irq,42,2,0.047619,-40,168,8,5,0,3,0,1,1,9,0,
stub,exact_name,isp_irq_thread_handle,isp_irq_thread_handle,39,2,0.051282,-37,156,8,7,0,2,0,1,1,0,0,
stub,exact_name,tx_isp_vin_remove,tx_isp_vin_remove,35,4,0.114286,-31,140,16,1,1,4,0,1,0,8,2,
stub,exact_name,__enqueue_in_driver,__enqueue_in_driver,32,5,0.156250,-27,128,20,2,0,2,0,1,1,6,0,
stub,exact_name,tx_isp_frame_chan_deinit,tx_isp_frame_chan_deinit,29,2,0.068966,-27,116,8,2,0,3,0,1,1,6,0,
stub,exact_name,csi_video_s_stream,csi_video_s_stream,26,5,0.192308,-21,104,20,5,1,1,0,1,0,4,4,
collapsed,exact_name,tiziano_adr_algorithm,tiziano_adr_algorithm,3274,702,0.214417,-2572,13096,2808,207,83,1,0,1,2,232,38,
collapsed,exact_name,Tiziano_Awb_Ct_Detect,Tiziano_Awb_Ct_Detect,1845,235,0.127371,-1610,7380,940,197,25,35,6,1,1,86,10,
collapsed,exact_name,ae0_tune2,ae0_tune2,1535,31,0.020195,-1504,6140,124,172,1,91,2,1,0,97,8,
collapsed,exact_name,apical_isp_core_ops_s_ctrl,apical_isp_core_ops_s_ctrl,1295,616,0.475676,-679,5180,2464,274,133,59,30,1,1,263,89,
collapsed,exact_name,tiziano_defog_init,tiziano_defog_init,1181,429,0.363251,-752,4724,1716,53,15,127,50,1,0,546,132,
collapsed,exact_name,tiziano_adr_params_init,tiziano_adr_params_init,1158,242,0.208981,-916,4632,968,2,0,126,41,1,1,135,120,
collapsed,exact_name,tiziano_adr_init,tiziano_adr_init,981,257,0.261978,-724,3924,1028,61,12,62,31,1,1,449,98,
collapsed,exact_name,tisp_msca_ch_curve_write,tisp_msca_ch_curve_write,762,102,0.133858,-660,3048,408,15,4,120,3,1,1,54,30,
collapsed,exact_name,Tiziano_awb_fpga,Tiziano_awb_fpga,724,208,0.287293,-516,2896,832,70,16,10,9,1,1,74,41,
collapsed,exact_name,isp_vic_cmd_set,isp_vic_cmd_set,678,22,0.032448,-656,2712,88,78,1,64,1,1,0,157,10,
collapsed,exact_name,tisp_code_tuning_ioctl,tisp_code_tuning_ioctl,643,37,0.057543,-606,2572,148,89,5,34,1,1,1,231,8,
collapsed,exact_name,tisp_init,tisp_init,605,297,0.490909,-308,2420,1188,33,24,95,40,1,0,117,89,
collapsed,exact_name,ispcore_interrupt_service_routine,ispcore_interrupt_service_routine,471,204,0.433121,-267,1884,816,54,29,24,11,1,1,117,39,
collapsed,exact_name,tiziano_load_parameters,tiziano_load_parameters,463,128,0.276458,-335,1852,512,46,8,51,17,1,1,111,40,
collapsed,exact_name,frame_chan_event,frame_chan_event,453,91,0.200883,-362,1812,364,50,9,21,5,3,1,118,26,
collapsed,exact_name,ivdc_pad_event_handle,ivdc_pad_event_handle,424,13,0.030660,-411,1696,52,62,1,11,0,2,1,49,0,
collapsed,exact_name,tisp_ae0_process_impl,tisp_ae0_process_impl,421,49,0.116390,-372,1684,196,36,6,18,1,1,0,121,9,
collapsed,exact_name,proc_ivdc_writel,proc_ivdc_writel,353,67,0.189802,-286,1412,268,40,7,29,4,1,3,90,14,
collapsed,exact_name,ae0_weight_mean2,ae0_weight_mean2,326,111,0.340491,-215,1304,444,6,6,7,5,1,1,8,14,
collapsed,exact_name,tisp_adr_param_array_set,tisp_adr_param_array_set,293,139,0.474403,-154,1172,556,3,1,50,25,1,0,114,54,
collapsed,exact_name,tisp_core_switch_bin,tisp_core_switch_bin,274,115,0.419708,-159,1096,460,24,7,33,14,1,1,74,35,
collapsed,exact_name,isp_framesource_show,isp_framesource_show,269,48,0.178439,-221,1076,192,23,5,27,3,1,1,80,10,
collapsed,exact_name,tiziano_ct_ccm_interpolation,tiziano_ct_ccm_interpolation,257,108,0.420233,-149,1028,432,40,16,1,1,1,1,55,23,
collapsed,exact_name,tiziano_ae_init,tiziano_ae_init,249,30,0.120482,-219,996,120,9,1,27,3,1,1,102,8,
collapsed,exact_name,Tiziano_ae0_fpga,Tiziano_ae0_fpga,241,103,0.427386,-138,964,412,21,9,6,4,1,0,8,16,
collapsed,exact_name,tx_isp_fs_probe,tx_isp_fs_probe,233,54,0.231760,-179,932,216,21,2,21,6,1,1,56,16,
collapsed,exact_name,tisp_ae_manual_set,tisp_ae_manual_set,227,89,0.392070,-138,908,356,12,12,10,8,1,1,45,36,
collapsed,exact_name,tisp_vic_ctrl_ioctl,tisp_vic_ctrl_ioctl,206,10,0.048544,-196,824,40,31,0,16,1,1,1,64,2,
collapsed,replacement,tisp_sdns_gaussian_k_cfg,regtrace_t23_sdns_gaussian_k_cfg,202,16,0.079208,-186,808,64,0,1,64,1,1,1,2,4,
collapsed,exact_name,tisp_s_osd_block_attr,tisp_s_osd_block_attr,168,59,0.351190,-109,672,236,10,1,3,1,1,2,14,6,
collapsed,exact_name,tiziano_ae_init_exp_th,tiziano_ae_init_exp_th,166,30,0.180723,-136,664,120,6,2,4,1,1,2,44,10,
collapsed,exact_name,ispcore_irq_thread_handle,ispcore_irq_thread_handle,164,34,0.207317,-130,656,136,25,5,9,2,1,1,12,4,
collapsed,exact_name,subdev_sensor_ops_set_input,subdev_sensor_ops_set_input,147,10,0.068027,-137,588,40,29,3,10,0,1,1,21,0,
collapsed,exact_name,printf_func0,printf_func0,139,55,0.395683,-84,556,220,14,4,12,3,1,1,45,13,
collapsed,replacement,tisp_sdns_gaussian_x_cfg,regtrace_t23_sdns_gaussian_x_cfg,138,16,0.115942,-122,552,64,0,1,32,1,1,1,2,4,
collapsed,exact_name,tx_isp_ivdc_probe,tx_isp_ivdc_probe,135,17,0.125926,-118,540,68,9,0,13,2,1,1,49,6,
collapsed,exact_name,tx_isp_csi_probe,tx_isp_csi_probe,134,17,0.126866,-117,536,68,9,0,14,2,1,1,52,6,
collapsed,exact_name,isp_core_cmd_set,isp_core_cmd_set,131,42,0.320611,-89,524,168,22,3,8,4,1,1,32,14,
collapsed,exact_name,vic_sensor_ops_ioctl,vic_sensor_ops_ioctl,118,16,0.135593,-102,472,64,21,2,6,0,1,1,20,0,
collapsed,exact_name,tisp_ae_target,tisp_ae_target,117,43,0.367521,-74,468,172,13,3,4,3,1,1,2,2,
collapsed,exact_name,ispcore_core_ops_ioctl,ispcore_core_ops_ioctl,116,37,0.318966,-79,464,148,27,7,3,2,1,2,7,7,
collapsed,exact_name,tisp_af_set_attr_refresh,tisp_af_set_attr_refresh,112,45,0.401786,-67,448,180,1,0,0,5,0,1,26,2,
collapsed,replacement,tisp_sdns_r_s_mv_cfg,regtrace_t23_sdns_r_s_mv_cfg,106,38,0.358491,-68,424,152,0,3,16,3,1,0,8,6,
collapsed,exact_name,tisp_ae_g_scene_luma,tisp_ae_g_scene_luma,106,42,0.396226,-64,424,168,4,5,4,0,1,1,28,8,
collapsed,exact_name,fix_point_mult2_64,fix_point_mult2_64,104,41,0.394231,-63,416,164,0,0,5,5,1,1,4,4,
collapsed,exact_name,tiziano_lsc_init,tiziano_lsc_init,101,42,0.415842,-59,404,168,5,3,8,4,1,1,46,17,
collapsed,exact_name,frame_channel_vidioc_set_fmt,frame_channel_vidioc_set_fmt,100,23,0.230000,-77,400,92,17,3,7,3,2,1,27,4,
collapsed,exact_name,tx_isp_vic_probe,tx_isp_vic_probe,96,17,0.177083,-79,384,68,4,0,11,2,1,1,40,6,
collapsed,exact_name,tisp_defog_wdr_en,tisp_defog_wdr_en,81,17,0.209877,-64,324,68,3,1,2,2,0,0,70,6,
collapsed,replacement,tisp_sdns_sp_d_b_wei_np_array_cfg,regtrace_t23_sdns_sp_d_b_wei_np_array_cfg,80,31,0.387500,-49,320,124,0,2,6,1,1,0,5,4,
collapsed,replacement,tisp_sdns_sp_d_w_wei_np_array_cfg,regtrace_t23_sdns_sp_d_w_wei_np_array_cfg,80,31,0.387500,-49,320,124,0,2,6,1,1,0,5,4,
collapsed,replacement,tisp_sdns_sp_ud_b_wei_np_array_cfg,regtrace_t23_sdns_sp_ud_b_wei_np_array_cfg,80,31,0.387500,-49,320,124,0,2,6,1,1,0,5,4,
collapsed,replacement,tisp_sdns_sp_ud_w_wei_np_array_cfg,regtrace_t23_sdns_sp_ud_w_wei_np_array_cfg,80,31,0.387500,-49,320,124,0,2,6,1,1,0,5,4,
collapsed,exact_name,tisp_msca_set_omi_api,tisp_msca_set_omi_api,79,37,0.468354,-42,316,148,5,1,9,5,1,1,19,12,
collapsed,exact_name,tiziano_ae_dn_params_refresh,tiziano_ae_dn_params_refresh,73,29,0.397260,-44,292,116,0,1,7,3,1,1,33,12,
collapsed,exact_name,frame_channel_vidioc_get_fmt,frame_channel_vidioc_get_fmt,69,30,0.434783,-39,276,120,7,2,5,2,2,2,14,4,
collapsed,exact_name,isp_csi_show,isp_csi_show,64,12,0.187500,-52,256,48,9,0,4,1,1,1,17,4,
collapsed,replacement,tisp_sdns_w_thres_cfg,regtrace_t23_sdns_w_thres_cfg,62,19,0.306452,-43,248,76,0,1,8,1,1,1,5,4,
collapsed,replacement,tisp_sdns_sp_uu_np_array_cfg,regtrace_t23_sdns_sp_uu_np_array_cfg,62,25,0.403226,-37,248,100,0,1,4,1,1,1,5,4,
collapsed,exact_name,tisp_ctr_md_np_cfg,tisp_ctr_md_np_cfg,62,26,0.419355,-36,248,104,0,1,4,1,1,1,5,4,
collapsed,exact_name,tisp_ctr_std_np_cfg,tisp_ctr_std_np_cfg,62,26,0.419355,-36,248,104,0,1,4,1,1,1,5,4,
collapsed,exact_name,tx_isp_csi_remove,tx_isp_csi_remove,61,10,0.163934,-51,244,40,1,0,6,1,1,1,12,2,
collapsed,exact_name,sensor_set_mode,sensor_set_mode,60,13,0.216667,-47,240,52,4,0,2,1,1,1,6,4,
collapsed,replacement,tisp_sdns_d_s1_thres_cfg,regtrace_t23_sdns_d_s1_thres_cfg,59,22,0.372881,-37,236,88,0,2,8,1,1,0,5,4,
collapsed,exact_name,tisp_ae_s_comp,tisp_ae_s_comp,50,22,0.440000,-28,200,88,3,0,1,1,0,1,15,6,
collapsed,exact_name,isp_pre_frame_dequeue,isp_pre_frame_dequeue,48,15,0.312500,-33,192,60,0,0,4,2,1,1,12,4,
collapsed,exact_name,tisp_csccr_write_reg,tisp_csccr_write_reg,46,22,0.478261,-24,184,88,1,1,4,4,0,0,4,2,
collapsed,exact_name,tx_isp_fs_remove,tx_isp_fs_remove,46,23,0.500000,-23,184,92,3,1,5,3,1,1,8,4,
collapsed,exact_name,isp_ch1_frame_dequeue_delay,isp_ch1_frame_dequeue_delay,40,16,0.400000,-24,160,64,0,0,4,2,1,1,14,4,
collapsed,exact_name,find_new_buffer,find_new_buffer,36,18,0.500000,-18,144,72,3,0,1,1,1,1,4,4,
collapsed,exact_name,dump_vic_reg,dump_vic_reg,32,15,0.468750,-17,128,60,1,0,1,1,1,1,4,4,
collapsed,exact_name,tx_isp_vin_activate_subdev,tx_isp_vin_activate_subdev,29,10,0.344828,-19,116,40,1,1,2,0,1,1,5,0,
collapsed,exact_name,tisp_ae0_process,tisp_ae0_process,29,13,0.448276,-16,116,52,2,1,3,2,1,0,11,6,
collapsed,exact_name,tx_isp_disable_irq,tx_isp_disable_irq,28,10,0.357143,-18,112,40,1,0,3,1,1,1,4,2,
collapsed,exact_name,tx_isp_enable_irq,tx_isp_enable_irq,27,10,0.370370,-17,108,40,1,0,3,1,1,1,4,2,
collapsed,exact_name,tisp_ae_trig,tisp_ae_trig,27,12,0.444444,-15,108,48,1,0,1,1,0,1,7,4,
oem_only,oem_only,tx_isp_unlocked_ioctl,,1198,0,0.000000,-1198,4792,0,221,0,80,0,1,0,255,0,
oem_only,oem_only,isp_info_show.isra.1,,625,0,0.000000,-625,2500,0,111,0,57,0,1,0,216,0,
oem_only,oem_only,tx_isp_create_graph_and_nodes,,162,0,0.000000,-162,648,0,21,0,10,0,1,0,24,0,
oem_only,oem_only,apical_isp_af_hist_s_attr.isra.48,,153,0,0.000000,-153,612,0,8,0,3,0,1,0,10,0,
oem_only,oem_only,apical_isp_af_hist_g_attr.isra.98,,124,0,0.000000,-124,496,0,0,0,2,0,1,0,4,0,
oem_only,oem_only,apical_isp_autozoom_g_attr.isra.71,,117,0,0.000000,-117,468,0,13,0,6,0,1,0,20,0,
oem_only,oem_only,isp_core_tunning_unlocked_ioctl,,97,0,0.000000,-97,388,0,17,0,8,0,1,0,12,0,
oem_only,oem_only,ivdc_misc_unlocked_ioctl,,97,0,0.000000,-97,388,0,18,0,6,0,1,0,31,0,
oem_only,oem_only,ispcore_set_clk_parent.isra.0,,93,0,0.000000,-93,372,0,10,0,3,0,1,0,17,0,
oem_only,oem_only,apical_isp_ae_s_roi.isra.34,,85,0,0.000000,-85,340,0,8,0,7,0,1,0,24,0,
oem_only,oem_only,apical_isp_ae_zone_weight_s_attr.isra.45,,85,0,0.000000,-85,340,0,8,0,7,0,1,0,24,0,
oem_only,oem_only,apical_isp_af_weight_s_attr.isra.49,,85,0,0.000000,-85,340,0,8,0,7,0,1,0,24,0,
oem_only,oem_only,apical_isp_expr_s_ctrl.isra.33,,80,0,0.000000,-80,320,0,13,0,4,0,1,0,20,0,
oem_only,oem_only,apical_isp_ae_g_roi.isra.80,,74,0,0.000000,-74,296,0,6,0,6,0,1,0,19,0,
oem_only,oem_only,apical_isp_ae_zone_weight_g_attr.isra.92,,74,0,0.000000,-74,296,0,6,0,6,0,1,0,19,0,
oem_only,oem_only,apical_isp_af_weight_g_attr.isra.99,,74,0,0.000000,-74,296,0,6,0,6,0,1,0,19,0,
oem_only,oem_only,tx_isp_video_link_destroy.isra.9,,74,0,0.000000,-74,296,0,9,0,4,0,1,0,8,0,
oem_only,oem_only,apical_isp_autozoom_s_attr.isra.28,,70,0,0.000000,-70,280,0,5,0,4,0,1,0,12,0,
oem_only,oem_only,private_reset_tx_isp_module,,50,0,0.000000,-50,200,0,4,0,1,0,2,0,2,0,
oem_only,oem_only,apical_isp_ae_hist_origin_g_attr.isra.95,,47,0,0.000000,-47,188,0,2,0,6,0,1,0,14,0,
oem_only,oem_only,apical_isp_ev_g_attr.isra.78,,47,0,0.000000,-47,188,0,2,0,3,0,1,0,10,0,
oem_only,oem_only,tx_isp_module_init,,47,0,0.000000,-47,188,0,4,0,3,0,1,0,12,0,
oem_only,oem_only,apical_isp_awb_zone_statis_g_attr.isra.97,,46,0,0.000000,-46,184,0,2,0,6,0,1,0,14,0,
oem_only,oem_only,apical_isp_gamma_g_attr.isra.79,,45,0,0.000000,-45,180,0,3,0,3,0,1,0,10,0,
oem_only,oem_only,apical_isp_gamma_s_attr.isra.32,,44,0,0.000000,-44,176,0,3,0,3,0,1,0,10,0,
oem_only,oem_only,apical_isp_awb_zone_weight_g_attr.isra.115,,42,0,0.000000,-42,168,0,2,0,4,0,1,0,16,0,
oem_only,oem_only,apical_isp_awb_zone_weight_s_attr.isra.68,,41,0,0.000000,-41,164,0,2,0,4,0,1,0,17,0,
oem_only,oem_only,apical_isp_expr_g_ctrl.isra.75,,31,0,0.000000,-31,124,0,0,0,2,0,1,0,4,0,
oem_only,oem_only,apical_isp_max_again_g_ctrl.isra.76,,31,0,0.000000,-31,124,0,2,0,2,0,1,0,8,0,
oem_only,oem_only,apical_isp_max_dgain_g_ctrl.isra.77,,31,0,0.000000,-31,124,0,2,0,2,0,1,0,8,0,
oem_only,oem_only,tx_isp_reg_set,,23,0,0.000000,-23,92,0,2,0,0,0,1,0,0,0,
oem_only,oem_only,apical_isp_ae_zone_g_ctrl.isra.87,,20,0,0.000000,-20,80,0,0,0,2,0,1,0,4,0,
oem_only,oem_only,apical_isp_af_zone_g_ctrl.isra.88,,20,0,0.000000,-20,80,0,0,0,2,0,1,0,4,0,
oem_only,oem_only,tiziano_isp_ae_manual_attr_g_ctrl.isra.106,,20,0,0.000000,-20,80,0,0,0,2,0,1,0,4,0,
oem_only,oem_only,tiziano_bcsh_StrenCal.part.0,,19,0,0.000000,-19,76,0,0,0,0,0,1,0,0,0,
oem_only,oem_only,tx_isp_module_deinit,,8,0,0.000000,-8,32,0,2,0,0,0,1,0,2,0,
oem_only,oem_only,private_clk_is_enabled,,5,0,0.000000,-5,20,0,1,0,0,0,0,0,2,0,
oem_only,oem_only,private_dev_get_drvdata,,5,0,0.000000,-5,20,0,1,0,0,0,0,0,2,0,
oem_only,oem_only,private_dev_set_drvdata,,5,0,0.000000,-5,20,0,1,0,0,0,0,0,2,0,
oem_only,oem_only,private_free_irq,,5,0,0.000000,-5,20,0,1,0,0,0,0,0,2,0,
oem_only,oem_only,private_gpio_direction_input,,5,0,0.000000,-5,20,0,1,0,0,0,0,0,2,0,
oem_only,oem_only,private_gpio_set_debounce,,5,0,0.000000,-5,20,0,1,0,0,0,0,0,2,0,
oem_only,oem_only,private_i2c_register_driver,,5,0,0.000000,-5,20,0,1,0,0,0,0,0,2,0,
oem_only,oem_only,private_init_waitqueue_head,,5,0,0.000000,-5,20,0,1,0,0,0,0,0,2,0,
oem_only,oem_only,private_jz_proc_mkdir,,5,0,0.000000,-5,20,0,1,0,0,0,0,0,2,0,
oem_only,oem_only,private_jzgpio_ctrl_pull,,5,0,0.000000,-5,20,0,1,0,0,0,0,0,2,0,
oem_only,oem_only,private_kthread_run,,5,0,0.000000,-5,20,0,1,0,0,0,0,0,2,0,
oem_only,oem_only,private_kthread_should_stop,,5,0,0.000000,-5,20,0,1,0,0,0,0,0,2,0,
oem_only,oem_only,private_kthread_stop,,5,0,0.000000,-5,20,0,1,0,0,0,0,0,2,0,
oem_only,oem_only,private_misc_register,,5,0,0.000000,-5,20,0,1,0,0,0,0,0,2,0,
oem_only,oem_only,private_proc_create_data,,5,0,0.000000,-5,20,0,1,0,0,0,0,0,2,0,
oem_only,oem_only,private_sched_clock,,5,0,0.000000,-5,20,0,1,0,0,0,0,0,2,0,
oem_only,oem_only,private_seq_read,,5,0,0.000000,-5,20,0,1,0,0,0,0,0,2,0,
oem_only,oem_only,private_simple_strtoull,,5,0,0.000000,-5,20,0,1,0,0,0,0,0,2,0,
oem_only,oem_only,private_wait_event_interruptible,,5,0,0.000000,-5,20,0,1,0,0,0,0,0,2,0,
oem_only,oem_only,private_wait_for_completion_interruptible,,5,0,0.000000,-5,20,0,1,0,0,0,0,0,2,0,
oem_only,oem_only,private_wait_for_completion_timeout,,5,0,0.000000,-5,20,0,1,0,0,0,0,0,2,0,
oem_only,oem_only,private_wake_up,,5,0,0.000000,-5,20,0,1,0,0,0,0,0,2,0,
oem_only,oem_only,private_wake_up_all,,5,0,0.000000,-5,20,0,1,0,0,0,0,0,2,0,
oem_only,oem_only,tisp_hldc_par_refresh.part.1,,5,0,0.000000,-5,20,0,1,0,0,0,0,0,2,0,
oem_only,oem_only,tx_isp_module_exit,,4,0,0.000000,-4,16,0,1,0,0,0,0,0,2,0,
shorter,exact_name,tisp_mdns_intp,tisp_mdns_intp,2659,1810,0.680707,-849,10636,7240,0,0,377,300,1,1,1514,1202,
shorter,exact_name,tiziano_defog_params_init,tiziano_defog_params_init,1229,639,0.519935,-590,4916,2556,0,6,94,128,1,1,52,168,
shorter,exact_name,apical_isp_core_ops_g_ctrl,apical_isp_core_ops_g_ctrl,975,543,0.556923,-432,3900,2172,219,134,52,26,1,1,200,100,
shorter,exact_name,JZ_Isp_Awb,JZ_Isp_Awb,483,256,0.530021,-227,1932,1024,57,23,6,5,1,1,146,107,
shorter,exact_name,tiziano_bcsh_update,tiziano_bcsh_update,455,347,0.762637,-108,1820,1388,26,17,6,16,1,1,78,115,
shorter,replacement,tisp_mdns_c_2d_param_cfg,regtrace_t23_mdns_c_2d_param_cfg.isra.0,422,334,0.791469,-88,1688,1336,2,1,31,30,1,0,149,134,
shorter,exact_name,tiziano_bcsh_lut_parameter,tiziano_bcsh_lut_parameter,373,238,0.638070,-135,1492,952,13,4,29,29,1,1,16,45,
shorter,exact_name,tisp_ae1_expt,tisp_ae1_expt,351,183,0.521368,-168,1404,732,30,14,23,21,1,1,19,16,
shorter,exact_name,tisp_ae_algo_handle,tisp_ae_algo_handle,322,240,0.745342,-82,1288,960,8,13,40,32,1,2,34,42,
shorter,exact_name,video_input_cmd_set,video_input_cmd_set,308,236,0.766234,-72,1232,944,50,39,20,13,1,1,73,62,
shorter,exact_name,tisp_defog_param_array_set,tisp_defog_param_array_set,260,203,0.780769,-57,1040,812,1,1,46,38,1,0,103,80,
shorter,exact_name,tisp_clm_interp_by_ct,tisp_clm_interp_by_ct,254,145,0.570866,-109,1016,580,35,17,8,6,1,2,98,51,
shorter,exact_name,cm_control,cm_control,229,135,0.589520,-94,916,540,15,9,9,1,1,1,7,2,
shorter,exact_name,Tiziano_af_fpga,Tiziano_af_fpga,229,156,0.681223,-73,916,624,5,5,13,11,1,1,21,19,
shorter,exact_name,tisp_ae0_get_hist,tisp_ae0_get_hist,206,158,0.766990,-48,824,632,22,17,5,5,0,0,26,17,
shorter,exact_name,tisp_mdns_set_malloc_cfg,tisp_mdns_set_malloc_cfg,200,145,0.725000,-55,800,580,4,4,32,32,1,1,7,5,
shorter,exact_name,tisp_msca_init_chx_cfg,tisp_msca_init_chx_cfg,199,147,0.738693,-52,796,588,8,9,17,26,0,1,18,16,
shorter,exact_name,tisp_msca_normalized,tisp_msca_normalized,196,138,0.704082,-58,784,552,22,15,4,1,1,1,12,6,
shorter,exact_name,tisp_af_param_array_get,tisp_af_param_array_get,169,114,0.674556,-55,676,456,0,0,19,19,1,1,40,40,
shorter,exact_name,tiziano_bcsh_Toffset_RGBYUV,tiziano_bcsh_Toffset_RGBYUV,154,107,0.694805,-47,616,428,9,8,9,3,1,1,2,2,
shorter,exact_name,tisp_s_adr_str_internal,tisp_s_adr_str_internal,146,75,0.513699,-71,584,300,7,6,1,0,1,0,21,12,
shorter,exact_name,tisp_msca_write_reg,tisp_msca_write_reg,143,113,0.790210,-30,572,452,16,6,4,11,1,1,11,14,
shorter,exact_name,tisp_msca_api_set_scaler_level_control,tisp_msca_api_set_scaler_level_control,131,91,0.694656,-40,524,364,7,6,7,6,1,2,24,17,
shorter,exact_name,tisp_log2_int_to_fixed_64,tisp_log2_int_to_fixed_64,129,93,0.720930,-36,516,372,16,14,3,1,2,2,8,4,
shorter,exact_name,tisp_bcsh_set_attr,tisp_bcsh_set_attr,128,92,0.718750,-36,512,368,4,5,17,11,0,1,65,40,
shorter,exact_name,jz_isp_ccm,jz_isp_ccm,128,99,0.773438,-29,512,396,13,10,5,5,1,1,29,25,
shorter,exact_name,tiziano_af_params_refresh,tiziano_af_params_refresh,124,93,0.750000,-31,496,372,0,0,19,19,1,1,78,43,
shorter,exact_name,tisp_msca_api_set_mask,tisp_msca_api_set_mask,123,75,0.609756,-48,492,300,4,2,8,8,1,0,6,4,
shorter,exact_name,tisp_vic_mmap,tisp_vic_mmap,123,95,0.772358,-28,492,380,14,8,9,8,1,1,40,27,
shorter,exact_name,tisp_ae0_ctrls_update,tisp_ae0_ctrls_update,123,97,0.788618,-26,492,388,12,8,1,1,1,1,29,18,
shorter,exact_name,tisp_msca_api_set_osd,tisp_msca_api_set_osd,117,69,0.589744,-48,468,276,2,0,14,14,1,1,7,5,
shorter,exact_name,tisp_set_ae0_ag,tisp_set_ae0_ag,113,82,0.725664,-31,452,328,7,3,6,6,1,1,35,21,
shorter,exact_name,fix_point_intp,fix_point_intp,102,54,0.529412,-48,408,216,12,4,4,4,1,1,16,16,
shorter,exact_name,tisp_lsc_lut_valid_judge,tisp_lsc_lut_valid_judge,102,70,0.686275,-32,408,280,14,10,2,1,1,1,18,16,
shorter,exact_name,vic_mdma_enable,vic_mdma_enable,100,79,0.790000,-21,400,316,6,3,0,0,1,1,8,8,
shorter,exact_name,Tiziano_awb_set_gain,Tiziano_awb_set_gain,99,71,0.717172,-28,396,284,4,2,7,6,1,1,14,14,
shorter,exact_name,private_log2_int_to_fixed_64,private_log2_int_to_fixed_64,96,69,0.718750,-27,384,276,8,7,4,2,1,2,10,6,
shorter,exact_name,fix_point_div_64,fix_point_div_64,94,51,0.542553,-43,376,204,9,3,3,3,1,1,6,6,
shorter,exact_name,tiziano_set_parameter_clm,tiziano_set_parameter_clm,91,49,0.538462,-42,364,196,4,1,6,6,1,1,18,18,
shorter,exact_name,ispcore_sync_sensor_attr,ispcore_sync_sensor_attr,91,60,0.659341,-31,364,240,7,7,4,4,1,1,11,10,
shorter,exact_name,tisp_s_wb_mode,tisp_s_wb_mode,90,54,0.600000,-36,360,216,12,3,1,2,1,1,28,20,
shorter,exact_name,tisp_msca_para_calc,tisp_msca_para_calc,86,62,0.720930,-24,344,248,17,10,0,6,1,2,15,10,
shorter,exact_name,tisp_s_dpc_str_internal,tisp_s_dpc_str_internal,85,49,0.576471,-36,340,196,6,2,0,0,0,0,18,14,
shorter,exact_name,tisp_msca_api_set_fcrop,tisp_msca_api_set_fcrop,82,61,0.743902,-21,328,244,3,3,6,5,1,0,18,16,
shorter,exact_name,tisp_csccr_update_para,tisp_csccr_update_para,80,58,0.725000,-22,320,232,6,7,0,0,2,0,5,5,
shorter,exact_name,tisp_dpc_s_par_cfg,tisp_dpc_s_par_cfg,79,62,0.784810,-17,316,248,4,4,5,5,1,1,12,12,
shorter,exact_name,isp_vic_frd_show,isp_vic_frd_show,78,48,0.615385,-30,312,192,6,5,3,3,1,1,15,6,
shorter,exact_name,tisp_defog_max_filter3,tisp_defog_max_filter3,78,62,0.794872,-16,312,248,14,7,0,1,1,1,0,2,
shorter,exact_name,tisp_ae_s_min,tisp_ae_s_min,72,46,0.638889,-26,288,184,6,1,3,3,1,1,24,15,
shorter,exact_name,tx_isp_subdev_pipo,tx_isp_subdev_pipo,70,45,0.642857,-25,280,180,5,3,1,0,1,1,12,6,
shorter,exact_name,tx_isp_vin_slake_subdev,tx_isp_vin_slake_subdev,68,54,0.794118,-14,272,216,7,6,6,5,2,2,13,10,
shorter,exact_name,tisp_adr_set_params,tisp_adr_set_params,67,50,0.746269,-17,268,200,3,3,5,5,1,1,8,8,
shorter,exact_name,tiziano_defog_set_reg_params,tiziano_defog_set_reg_params,66,49,0.742424,-17,264,196,2,2,1,1,1,1,10,10,
shorter,exact_name,subdev_sensor_ops_enum_input,subdev_sensor_ops_enum_input,64,38,0.593750,-26,256,152,10,8,2,0,2,2,5,0,
shorter,exact_name,tiziano_gamma_lut_parameter,tiziano_gamma_lut_parameter,63,45,0.714286,-18,252,180,1,2,3,3,1,1,6,6,
shorter,exact_name,tiziano_csccr_init,tiziano_csccr_init,62,45,0.725806,-17,248,180,0,0,4,2,1,0,20,16,
shorter,exact_name,tisp_csccr_para_refresh_by_mode,tisp_csccr_para_refresh_by_mode,58,45,0.775862,-13,232,180,9,6,0,0,2,1,12,7,
shorter,exact_name,private_math_exp2,private_math_exp2,57,42,0.736842,-15,228,168,2,2,1,1,1,1,4,2,
shorter,exact_name,tisp_math_exp2,tisp_math_exp2,57,42,0.736842,-15,228,168,2,2,1,1,1,1,4,2,
shorter,exact_name,frame_channel_open,frame_channel_open,57,44,0.771930,-13,228,176,4,3,7,4,1,1,14,10,
shorter,exact_name,tisp_lsc_judge_ct_update_flag,tisp_lsc_judge_ct_update_flag,56,37,0.660714,-19,224,148,14,8,0,0,2,1,20,6,
shorter,exact_name,tx_isp_vic_slake_subdev,tx_isp_vic_slake_subdev,56,42,0.750000,-14,224,168,7,7,4,2,2,2,9,4,
shorter,exact_name,tisp_hldc_strength_adjust_k,tisp_hldc_strength_adjust_k,54,35,0.648148,-19,216,140,0,0,2,0,1,1,6,4,
shorter,exact_name,func_zone_ct_weight,func_zone_ct_weight,54,42,0.777778,-12,216,168,7,7,2,2,0,0,4,4,
shorter,exact_name,tiziano_gib_deir_reg,tiziano_gib_deir_reg,49,33,0.673469,-16,196,132,1,2,3,1,1,1,2,2,
shorter,exact_name,tisp_dpc_d_m3_par_cfg,tisp_dpc_d_m3_par_cfg,49,39,0.795918,-10,196,156,0,0,3,3,1,1,12,10,
shorter,exact_name,tx_isp_core_remove,tx_isp_core_remove,48,37,0.770833,-11,192,148,2,1,7,5,1,1,12,8,
shorter,exact_name,isp_tunning_read,isp_tunning_read,45,34,0.755556,-11,180,136,4,4,2,2,1,1,10,10,
shorter,exact_name,tisp_s_ae_attr,tisp_s_ae_attr,45,35,0.777778,-10,180,140,2,1,3,3,1,1,8,10,
shorter,exact_name,vic_core_ops_init,vic_core_ops_init,43,28,0.651163,-15,172,112,7,4,2,1,1,3,9,4,
shorter,exact_name,vin_s_stream,vin_s_stream,42,26,0.619048,-16,168,104,11,5,1,1,1,1,0,0,
shorter,exact_name,tisp_hv_flip_enable,tisp_hv_flip_enable,41,27,0.658537,-14,164,108,2,1,2,1,1,0,6,4,
shorter,exact_name,tisp_gib_deir_ir_update,tisp_gib_deir_ir_update,41,30,0.731707,-11,164,120,4,4,1,1,1,2,14,10,
shorter,exact_name,tisp_s_BacklightComp,tisp_s_BacklightComp,41,31,0.756098,-10,164,124,0,0,4,3,1,1,9,8,
shorter,exact_name,tisp_s_Hilightdepress,tisp_s_Hilightdepress,41,31,0.756098,-10,164,124,0,0,4,3,1,1,9,8,
shorter,exact_name,tisp_csccr_api_set,tisp_csccr_api_set,40,29,0.725000,-11,160,116,0,0,5,4,1,0,13,13,
shorter,exact_name,table_intp,table_intp,39,28,0.717949,-11,156,112,4,3,1,1,3,2,2,2,
shorter,exact_name,mbus_to_bayer_write,mbus_to_bayer_write,38,25,0.657895,-13,152,100,6,2,2,2,1,1,10,5,
shorter,exact_name,tisp_g_BacklightComp,tisp_g_BacklightComp,38,30,0.789474,-8,152,120,5,5,2,1,1,1,8,2,
shorter,exact_name,tisp_g_Hilightdepress,tisp_g_Hilightdepress,38,30,0.789474,-8,152,120,5,5,2,1,1,1,8,2,
shorter,exact_name,tisp_s_ae_it_max,tisp_s_ae_it_max,37,25,0.675676,-12,148,100,2,1,2,1,1,1,6,4,
shorter,exact_name,tisp_mirror_enable,tisp_mirror_enable,36,21,0.583333,-15,144,84,2,1,2,1,1,0,6,4,
shorter,exact_name,tx_isp_vic_remove,tx_isp_vic_remove,36,21,0.583333,-15,144,84,2,0,4,3,1,1,8,6,
shorter,exact_name,JZ_Isp_Ae_Dg2reg,JZ_Isp_Ae_Dg2reg,36,22,0.611111,-14,144,88,0,0,2,2,1,1,2,2,
shorter,exact_name,tisp_mdns_malloc_reflash,tisp_mdns_malloc_reflash,36,25,0.694444,-11,144,100,1,1,8,8,0,0,2,2,
shorter,exact_name,check_csi_error,check_csi_error,36,26,0.722222,-10,144,104,3,3,3,2,0,0,14,8,
shorter,exact_name,system_reg_write_ae,system_reg_write_ae,35,27,0.771429,-8,140,108,6,6,1,1,0,0,2,2,
shorter,exact_name,fix_point_sub,fix_point_sub,34,24,0.705882,-10,136,96,3,3,1,1,1,1,4,4,
shorter,exact_name,fix_point_sub_64,fix_point_sub_64,34,24,0.705882,-10,136,96,3,3,1,1,1,1,4,4,
shorter,exact_name,tisp_set_sensor_analog_gain_short,tisp_set_sensor_analog_gain_short,33,20,0.606061,-13,132,80,0,0,4,2,1,1,6,6,
shorter,exact_name,tiziano_bcsh_Tccm_RGB2YUV,tiziano_bcsh_Tccm_RGB2YUV,32,21,0.656250,-11,128,84,0,0,3,2,1,1,12,8,
shorter,exact_name,tisp_dpc_d_m1_par_cfg,tisp_dpc_d_m1_par_cfg,32,25,0.781250,-7,128,100,0,0,2,2,1,1,10,8,
shorter,exact_name,tisp_msca_addr_fifo_read,tisp_msca_addr_fifo_read,31,19,0.612903,-12,124,76,0,0,2,2,1,1,2,2,
shorter,exact_name,system_reg_write_awb,system_reg_write_awb,30,22,0.733333,-8,120,88,4,4,1,1,0,0,2,2,
shorter,exact_name,tx_isp_vin_reset,tx_isp_vin_reset,29,18,0.620690,-11,116,72,5,1,2,1,1,2,4,4,
shorter,exact_name,tx_isp_ivdc_remove,tx_isp_ivdc_remove,29,19,0.655172,-10,116,76,0,0,4,3,1,1,10,6,
shorter,exact_name,tx_isp_unregister_platforms,tx_isp_unregister_platforms,28,20,0.714286,-8,112,80,3,1,2,2,1,1,2,2,
shorter,exact_name,tisp_s_ae_hist,tisp_s_ae_hist,26,16,0.615385,-10,104,64,2,3,1,0,1,0,2,2,
shorter,exact_name,tisp_channel_main_fifo_clear,tisp_channel_main_fifo_clear,26,19,0.730769,-7,104,76,0,0,4,4,1,1,2,2,
shorter,exact_name,tisp_get_frame_drop,tisp_get_frame_drop,25,18,0.720000,-7,100,72,0,0,2,2,1,1,2,2,
shorter,exact_name,tisp_g_Gamma,tisp_g_Gamma,24,13,0.541667,-11,96,52,1,0,2,1,1,1,8,4,
shorter,exact_name,tisp_g_aeroi_weight,tisp_g_aeroi_weight,24,16,0.666667,-8,96,64,1,2,2,1,1,1,8,2,
shorter,exact_name,tisp_g_aezone_weight,tisp_g_aezone_weight,24,16,0.666667,-8,96,64,1,2,2,1,1,1,8,2,
shorter,exact_name,tisp_g_af_weight,tisp_g_af_weight,24,18,0.750000,-6,96,72,1,0,2,2,1,1,8,6,
shorter,replacement,tisp_sdns_dark_light_tt_opt_cfg,regtrace_t23_sdns_dark_light_tt_opt_cfg,24,18,0.750000,-6,96,72,0,1,1,0,1,0,10,10,
shorter,exact_name,tisp_ae_g_luma,tisp_ae_g_luma,23,10,0.434783,-13,92,40,1,1,0,0,1,1,5,2,
shorter,exact_name,tisp_s_wb_attr,tisp_s_wb_attr,23,13,0.565217,-10,92,52,0,0,1,1,1,1,2,2,
shorter,replacement,tisp_sdns_hls_en_ave_filter_cfg,regtrace_t23_sdns_hls_en_ave_filter_cfg,23,17,0.739130,-6,92,68,0,1,1,0,1,0,6,6,
shorter,exact_name,tisp_set_csc_attr,tisp_set_csc_attr,23,17,0.739130,-6,92,68,3,1,2,1,1,2,4,2,
shorter,exact_name,tisp_ae_get_antiflicker_step,tisp_ae_get_antiflicker_step,22,2,0.090909,-20,88,8,1,0,1,0,2,1,8,0,
shorter,exact_name,private_vmalloc,private_vmalloc,22,4,0.181818,-18,88,16,1,1,2,0,1,0,8,2,
shorter,exact_name,tisp_ae_s_at_list,tisp_ae_s_at_list,22,13,0.590909,-9,88,52,1,1,0,0,1,1,4,2,
shorter,exact_name,tisp_msca_addr_fifo_write,tisp_msca_addr_fifo_write,22,14,0.636364,-8,88,56,1,1,1,1,0,0,2,2,
shorter,replacement,tisp_sdns_gaussian_y_cfg,regtrace_t23_sdns_gaussian_y_cfg,22,16,0.727273,-6,88,64,0,1,3,2,1,0,2,2,
shorter,replacement,tisp_sdns_h_mv_wei_opt_cfg,regtrace_t23_sdns_h_mv_wei_opt_cfg,22,16,0.727273,-6,88,64,0,1,1,0,1,0,4,4,
shorter,exact_name,isp_fw_process,isp_fw_process,21,2,0.095238,-19,84,8,2,0,2,0,1,1,5,0,
shorter,exact_name,tisp_set_ae_attr,tisp_set_ae_attr,21,2,0.095238,-19,84,8,2,0,1,0,1,1,2,0,
shorter,exact_name,tisp_process_deinit,tisp_process_deinit,21,4,0.190476,-17,84,16,1,1,2,0,1,0,8,2,
shorter,exact_name,tiziano_dpc_dn_params_refresh,tiziano_dpc_dn_params_refresh,20,15,0.750000,-5,80,60,0,1,2,1,1,0,8,7,
shorter,exact_name,tx_isp_free_irq,tx_isp_free_irq,19,2,0.105263,-17,76,8,2,0,1,0,1,1,2,0,
shorter,exact_name,private_seq_printf,private_seq_printf,19,12,0.631579,-7,76,48,0,0,1,1,1,1,4,2,
shorter,exact_name,tisp_set_user_csc,tisp_set_user_csc,18,2,0.111111,-16,72,8,1,0,1,0,0,1,6,0,
shorter,exact_name,tisp_s_awb_ct_trend,tisp_s_awb_ct_trend,18,4,0.222222,-14,72,16,0,1,1,0,1,0,2,2,
shorter,exact_name,crc32,crc32,17,2,0.117647,-15,68,8,2,0,0,0,1,1,2,0,
shorter,exact_name,tisp_api_ae_deflick_para_set,tisp_api_ae_deflick_para_set,17,2,0.117647,-15,68,8,0,0,1,0,1,1,6,0,
shorter,exact_name,tisp_g_ae_min,tisp_g_ae_min,17,10,0.588235,-7,68,40,0,0,1,0,1,1,2,2,
shorter,replacement,tisp_sdns_g_det_val_div_cfg,regtrace_t23_sdns_g_det_val_div_cfg,16,10,0.625000,-6,64,40,0,1,1,0,1,0,4,4,
shorter,replacement,tisp_sdns_sp_std_en_seg_opt_cfg,regtrace_t23_sdns_sp_std_en_seg_opt_cfg,16,10,0.625000,-6,64,40,0,1,1,0,1,0,5,6,
shorter,replacement,tisp_sdns_sp_ud_w_limit_b_wei_opt_cfg,regtrace_t23_sdns_sp_ud_w_limit_b_wei_opt_cfg,16,10,0.625000,-6,64,40,0,1,1,0,1,0,4,4,
shorter,exact_name,ispcore_frame_channel_dqbuf,ispcore_frame_channel_dqbuf,15,2,0.133333,-13,60,8,1,0,1,0,2,1,2,0,
shorter,exact_name,sensor_get_normal_fps,sensor_get_normal_fps,15,2,0.133333,-13,60,8,0,0,0,0,1,1,2,0,
shorter,exact_name,Tiziano_ae1_fpga,Tiziano_ae1_fpga,15,10,0.666667,-5,60,40,2,0,0,1,0,1,2,2,
shorter,exact_name,private_driver_get_interface,private_driver_get_interface,15,11,0.733333,-4,60,44,0,0,1,1,1,1,5,4,
shorter,exact_name,private_log2_fixed_to_fixed,private_log2_fixed_to_fixed,14,2,0.142857,-12,56,8,0,0,1,0,1,1,2,0,
shorter,exact_name,tisp_s_ae_min,tisp_s_ae_min,14,4,0.285714,-10,56,16,0,1,1,0,1,0,2,2,
shorter,exact_name,tisp_mdns_refresh,tisp_mdns_refresh,14,10,0.714286,-4,56,40,0,0,1,1,1,1,6,2,
shorter,exact_name,tisp_ydns_all_reg_refresh,tisp_ydns_all_reg_refresh,14,10,0.714286,-4,56,40,0,1,2,1,1,0,4,4,
shorter,exact_name,tisp_ydns_intp_reg_refresh,tisp_ydns_intp_reg_refresh,14,10,0.714286,-4,56,40,0,1,2,1,1,0,4,4,
shorter,exact_name,tiziano_adr_dn_params_refresh,tiziano_adr_dn_params_refresh,14,11,0.785714,-3,56,44,0,1,2,1,1,0,4,4,
shorter,exact_name,tiziano_clm_dn_params_refresh,tiziano_clm_dn_params_refresh,14,11,0.785714,-3,56,44,0,1,2,1,1,0,4,4,
shorter,exact_name,tiziano_gamma_dn_params_refresh,tiziano_gamma_dn_params_refresh,14,11,0.785714,-3,56,44,0,1,2,1,1,0,4,4,
shorter,exact_name,private_get_fs,private_get_fs,13,4,0.307692,-9,52,16,0,0,1,0,1,1,2,0,
shorter,exact_name,tx_isp_send_event_to_remote,tx_isp_send_event_to_remote,12,2,0.166667,-10,48,8,4,0,0,0,1,1,0,0,
shorter,replacement,tisp_sdns_sp_ud_stren_shift_opt_cfg,regtrace_t23_sdns_sp_ud_stren_shift_opt_cfg,12,6,0.500000,-6,48,24,0,1,1,0,1,0,4,4,
shorter,exact_name,tisp_set_bcsh_fixed_contrast,tisp_set_bcsh_fixed_contrast,12,6,0.500000,-6,48,24,0,1,1,0,1,0,2,2,
shorter,exact_name,tisp_awb_get_ct_trend,tisp_awb_get_ct_trend,12,7,0.583333,-5,48,28,1,1,0,0,1,0,2,2,
shorter,exact_name,tisp_dmsc_refresh,tisp_dmsc_refresh,11,5,0.454545,-6,44,20,0,1,1,0,1,0,2,2,
shorter,exact_name,tisp_dpc_refresh,tisp_dpc_refresh,11,5,0.454545,-6,44,20,0,1,1,0,1,0,2,2,
shorter,exact_name,tisp_mdns_reg_trigger,tisp_mdns_reg_trigger,11,5,0.454545,-6,44,20,0,1,1,0,1,0,2,2,
shorter,exact_name,tisp_mdns_top_func_refresh,tisp_mdns_top_func_refresh,11,5,0.454545,-6,44,20,0,1,1,0,1,0,2,2,
shorter,exact_name,tisp_sdns_refresh,tisp_sdns_refresh,11,5,0.454545,-6,44,20,0,1,1,0,1,0,2,2,
shorter,exact_name,tisp_sharpen_refresh,tisp_sharpen_refresh,11,5,0.454545,-6,44,20,0,1,1,0,1,0,2,2,
shorter,exact_name,tisp_g_dpc_strength,tisp_g_dpc_strength,10,2,0.200000,-8,40,8,0,0,1,0,1,1,2,0,
shorter,exact_name,tisp_g_drc_strength,tisp_g_drc_strength,10,2,0.200000,-8,40,8,0,0,1,0,1,1,2,0,
shorter,exact_name,tisp_g_wb_ct,tisp_g_wb_ct,10,2,0.200000,-8,40,8,0,0,1,0,1,1,2,0,
shorter,exact_name,tisp_get_defog_strength,tisp_get_defog_strength,10,2,0.200000,-8,40,8,0,0,1,0,1,1,2,0,
shorter,exact_name,tisp_defog_process,tisp_defog_process,10,4,0.400000,-6,40,16,0,1,1,0,1,0,2,2,
shorter,exact_name,tisp_g_awb_cluster,tisp_g_awb_cluster,10,4,0.400000,-6,40,16,0,1,1,0,1,0,2,2,
shorter,exact_name,tisp_s_2dns_ratio,tisp_s_2dns_ratio,10,4,0.400000,-6,40,16,0,1,1,0,1,0,2,2,
shorter,exact_name,tisp_s_dpc_strength,tisp_s_dpc_strength,10,4,0.400000,-6,40,16,0,1,1,0,1,0,2,2,
shorter,exact_name,tisp_ydns_gain_update,tisp_ydns_gain_update,10,4,0.400000,-6,40,16,0,1,1,0,1,0,2,2,
shorter,exact_name,tisp_ydns_refresh,tisp_ydns_refresh,10,4,0.400000,-6,40,16,0,1,1,0,1,0,2,2,
shorter,exact_name,tisp_s_wb_ct,tisp_s_wb_ct,10,5,0.500000,-5,40,20,0,0,1,0,1,1,2,2,
shorter,exact_name,tisp_ae1_process,tisp_ae1_process,10,6,0.600000,-4,40,24,0,0,1,1,1,0,2,2,
shorter,exact_name,tisp_g_awb_ct_trend,tisp_g_awb_ct_trend,10,6,0.600000,-4,40,24,0,0,1,1,1,0,2,2,
shorter,exact_name,tisp_s_3dns_ratio,tisp_s_3dns_ratio,10,6,0.600000,-4,40,24,0,0,1,1,1,0,2,2,
shorter,exact_name,tisp_s_drc_strength,tisp_s_drc_strength,10,6,0.600000,-4,40,24,0,0,1,1,1,0,2,2,
shorter,exact_name,isp_core_tuning_deinit,isp_core_tuning_deinit,7,2,0.285714,-5,28,8,2,0,0,0,1,1,2,0,
shorter,exact_name,tisp_ccm_get_attr,tisp_ccm_get_attr,7,2,0.285714,-5,28,8,1,0,0,0,0,1,4,0,
shorter,exact_name,fix_point_add,fix_point_add,7,3,0.428571,-4,28,12,0,0,0,0,1,1,0,0,
shorter,exact_name,fix_point_add_64,fix_point_add_64,7,4,0.571429,-3,28,16,0,0,0,0,1,1,0,0,
shorter,exact_name,tiziano_ae_s_ev_start,tiziano_ae_s_ev_start,6,2,0.333333,-4,24,8,0,0,0,0,1,1,4,0,
shorter,exact_name,private_set_fs,private_set_fs,5,2,0.400000,-3,20,8,1,0,0,0,0,1,2,0,
shorter,exact_name,private_spin_lock_init,private_spin_lock_init,5,2,0.400000,-3,20,8,1,0,0,0,0,1,2,0,
shorter,exact_name,tisp_mscaler_mask_setreg,tisp_mscaler_mask_setreg,5,2,0.400000,-3,20,8,0,0,0,0,1,1,0,0,
shorter,exact_name,tisp_s_mscaler_mask_attr,tisp_s_mscaler_mask_attr,5,2,0.400000,-3,20,8,0,0,0,0,1,1,0,0,
shorter,exact_name,private_get_init_net,private_get_init_net,5,3,0.600000,-2,20,12,1,0,0,0,0,1,2,2,
shorter,exact_name,sensor_get_id,sensor_get_id,5,3,0.600000,-2,20,12,0,0,0,0,1,1,2,0,
shorter,exact_name,tisp_ae_min_max_set,tisp_ae_min_max_set,4,2,0.500000,-2,16,8,0,0,0,0,1,1,0,0,
shorter,exact_name,tisp_get_antiflicker_step,tisp_get_antiflicker_step,4,2,0.500000,-2,16,8,1,0,0,0,0,1,2,0,
shorter,exact_name,tisp_s_ev_start,tisp_s_ev_start,4,2,0.500000,-2,16,8,1,0,0,0,0,1,2,0,
shorter,exact_name,private_set_current_state,private_set_current_state,4,3,0.750000,-1,16,12,0,0,0,0,1,1,0,0,
shorter,exact_name,tisp_get_brightness,tisp_get_brightness,4,3,0.750000,-1,16,12,1,0,0,0,0,1,2,2,
shorter,exact_name,tisp_get_contrast,tisp_get_contrast,4,3,0.750000,-1,16,12,1,0,0,0,0,1,2,2,
shorter,exact_name,tisp_get_saturation,tisp_get_saturation,4,3,0.750000,-1,16,12,1,0,0,0,0,1,2,2,
shorter,exact_name,tisp_get_sharpness,tisp_get_sharpness,4,3,0.750000,-1,16,12,1,0,0,0,0,1,2,2,
expanded,exact_name,tisp_msca_chx_cfg_load,tisp_msca_chx_cfg_load,77,184,2.389610,107,308,736,4,12,9,27,0,1,18,28,
expanded,exact_name,tiziano_clm_params_refresh,tiziano_clm_params_refresh,58,124,2.137931,66,232,496,0,4,8,17,1,1,34,44,
expanded,exact_name,isp_irq_handle,isp_irq_handle,52,1008,19.384615,956,208,4032,9,89,2,46,1,2,0,241,
expanded,exact_name,csi_sensor_ops_sync_sensor_attr,csi_sensor_ops_sync_sensor_attr,29,68,2.344828,39,116,272,5,5,2,5,1,1,8,20,
expanded,exact_name,tiziano_bcsh_Tccm_Comp2Orig,tiziano_bcsh_Tccm_Comp2Orig,26,64,2.461538,38,104,256,1,5,3,3,0,0,18,26,
expanded,exact_name,tisp_s_awb_cluster,tisp_s_awb_cluster,26,55,2.115385,29,104,220,2,1,1,1,1,0,2,4,
expanded,exact_name,tiziano_s_awb_start,tiziano_s_awb_start,21,43,2.047619,22,84,172,1,2,0,1,0,2,10,12,
expanded,exact_name,tiziano_ydns_init,tiziano_ydns_init,18,38,2.111111,20,72,152,0,0,2,7,1,1,6,12,
expanded,exact_name,jz_isp_ccm_reg2par,jz_isp_ccm_reg2par,11,40,3.636364,29,44,160,2,2,0,2,1,1,0,2,
expanded,exact_name,jz_isp_ccm_para2reg,jz_isp_ccm_para2reg,10,39,3.900000,29,40,156,2,2,0,2,1,1,0,2,
expanded,exact_name,private_i2c_add_driver,private_i2c_add_driver,7,25,3.571429,18,28,100,1,1,0,2,0,1,4,8,
expanded,exact_name,tisp_bcsh_get_attr,tisp_bcsh_get_attr,7,22,3.142857,15,28,88,1,1,0,1,0,2,4,4,
expanded,exact_name,tisp_api_mdns_y_filter_get,tisp_api_mdns_y_filter_get,7,17,2.428571,10,28,68,1,1,0,1,0,2,4,4,
expanded,exact_name,tisp_api_mdns_y_filter_set,tisp_api_mdns_y_filter_set,6,16,2.666667,10,24,64,1,1,0,1,0,2,4,4,
expanded,exact_name,tisp_api_awb_zone_weight_set,tisp_api_awb_zone_weight_set,6,13,2.166667,7,24,52,1,0,0,1,0,1,4,4,
expanded,exact_name,private_platform_get_resource,private_platform_get_resource,5,57,11.400000,52,20,228,1,7,0,3,0,1,2,14,
expanded,exact_name,private_request_mem_region,private_request_mem_region,5,41,8.200000,36,20,164,1,1,0,2,0,1,2,10,
expanded,exact_name,private_request_threaded_irq,private_request_threaded_irq,5,34,6.800000,29,20,136,1,1,0,2,0,1,2,8,
expanded,exact_name,private_copy_from_user,private_copy_from_user,5,32,6.400000,27,20,128,1,1,0,2,0,1,2,6,
expanded,exact_name,private_ioremap,private_ioremap,5,31,6.200000,26,20,124,1,2,0,2,0,1,2,6,
expanded,exact_name,private_platform_get_irq,private_platform_get_irq,5,26,5.200000,21,20,104,1,2,0,2,0,1,2,8,
expanded,exact_name,private_spin_unlock_irqrestore,private_spin_unlock_irqrestore,5,24,4.800000,19,20,96,1,3,0,1,0,2,2,4,
expanded,exact_name,__private_spin_lock_irqsave,__private_spin_lock_irqsave,5,23,4.600000,18,20,92,1,3,0,1,0,2,2,2,
expanded,exact_name,private_nlmsg_put,private_nlmsg_put,5,21,4.200000,16,20,84,1,3,0,0,0,1,2,2,
expanded,exact_name,private_i2c_del_driver,private_i2c_del_driver,5,14,2.800000,9,20,56,1,1,0,1,0,0,2,6,
expanded,exact_name,private_init_completion,private_init_completion,5,13,2.600000,8,20,52,1,2,0,0,0,1,2,6,
expanded,exact_name,private_copy_to_user,private_copy_to_user,5,11,2.200000,6,20,44,1,0,0,1,0,1,2,2,
expanded,exact_name,private_raw_mutex_init,private_raw_mutex_init,5,11,2.200000,6,20,44,1,3,0,0,0,1,2,4,
expanded,exact_name,private_release_mem_region,private_release_mem_region,5,11,2.200000,6,20,44,1,2,0,0,0,1,2,4,
expanded,exact_name,init_module,init_module,4,2344,586.000000,2340,16,9376,1,38,0,44,0,1,2,1664,
expanded,exact_name,cleanup_module,cleanup_module,4,82,20.500000,78,16,328,1,2,0,15,0,0,2,32,
expanded,exact_name,tisp_lsc_ct_update,tisp_lsc_ct_update,4,14,3.500000,10,16,56,0,2,0,0,1,1,2,5,
expanded,exact_name,tisp_get_ae_attr,tisp_get_ae_attr,4,13,3.250000,9,16,52,1,0,0,1,0,1,2,4,
expanded,exact_name,tisp_bcsh_g_hue,tisp_bcsh_g_hue,4,11,2.750000,7,16,44,0,1,0,0,1,1,2,2,
expanded,exact_name,tisp_lsc_gain_update,tisp_lsc_gain_update,4,10,2.500000,6,16,40,0,1,0,0,1,1,2,5,
expanded,exact_name,tisp_awb_set_ct,tisp_awb_set_ct,4,9,2.250000,5,16,36,0,0,0,0,1,1,2,4,
expanded,exact_name,tisp_g_rgb_coefft,tisp_g_rgb_coefft,4,9,2.250000,5,16,36,1,0,0,1,0,1,2,2,
expanded,exact_name,tisp_get_ae_luma,tisp_get_ae_luma,4,9,2.250000,5,16,36,1,0,0,1,0,1,2,2,
expanded,exact_name,tisp_awb_get_frz,tisp_awb_get_frz,4,8,2.000000,4,16,32,0,1,0,0,1,1,2,2,
expanded,exact_name,private_clk_prepare_enable,private_clk_prepare_enable,2,29,14.500000,27,8,116,0,1,0,3,1,1,0,7,
expanded,exact_name,private_clk_disable_unprepare,private_clk_disable_unprepare,2,15,7.500000,13,8,60,0,1,0,1,1,0,0,6,
expanded,exact_name,private_devm_clk_get,private_devm_clk_get,2,4,2.000000,2,8,16,0,1,0,0,1,0,0,2,
expanded,exact_name,private_devm_clk_put,private_devm_clk_put,2,4,2.000000,2,8,16,0,1,0,0,1,0,0,2,
larger,exact_name,tisp_dmsc_noref_reg_cfg,tisp_dmsc_noref_reg_cfg,222,341,1.536036,119,888,1364,1,1,27,87,0,0,40,77,
larger,exact_name,tisp_set_fps,tisp_set_fps,94,120,1.276596,26,376,480,3,11,5,8,1,1,21,16,
larger,exact_name,tisp_channel_main_attr_set,tisp_channel_main_attr_set,88,144,1.636364,56,352,576,9,11,0,25,1,2,7,14,
larger,exact_name,tisp_event_push,tisp_event_push,88,113,1.284091,25,352,452,2,7,4,7,1,2,12,16,
larger,exact_name,tisp_event_init,tisp_event_init,54,86,1.592593,32,216,344,2,4,2,4,1,2,12,18,
larger,exact_name,csi_sensor_ops_ioctl,csi_sensor_ops_ioctl,37,61,1.648649,24,148,244,8,8,1,4,2,1,2,11,
larger,exact_name,tisp_lsc_lut_mirror_exchange,tisp_lsc_lut_mirror_exchange,35,49,1.400000,14,140,196,0,4,0,0,1,1,0,0,
larger,exact_name,vic_sensor_ops_sync_sensor_attr,vic_sensor_ops_sync_sensor_attr,34,62,1.823529,28,136,248,7,5,2,4,1,1,9,19,
larger,exact_name,interpolate_adr_x8_y12,interpolate_adr_x8_y12,34,44,1.294118,10,136,176,1,2,0,1,2,2,0,2,
larger,exact_name,tisp_gamma_param_array_set,tisp_gamma_param_array_set,30,39,1.300000,9,120,156,0,3,4,3,1,1,10,16,
larger,exact_name,tiziano_bcsh_StrenCal,tiziano_bcsh_StrenCal,27,44,1.629630,17,108,176,2,8,0,1,1,1,2,4,
larger,exact_name,jz_isp_ccm_parameter_convert,jz_isp_ccm_parameter_convert,26,49,1.884615,23,104,196,1,0,3,8,0,1,18,20,
larger,exact_name,tisp_g_autozoom_control,tisp_g_autozoom_control,26,36,1.384615,10,104,144,1,1,0,0,1,0,2,2,
larger,exact_name,tisp_api_ae_roi_weight_get,tisp_api_ae_roi_weight_get,23,29,1.260870,6,92,116,0,2,1,1,1,2,6,6,
larger,exact_name,tisp_api_ae_scene_pare_get,tisp_api_ae_scene_pare_get,23,29,1.260870,6,92,116,0,2,1,1,1,2,6,6,
larger,exact_name,tisp_api_ae_zone_weight_get,tisp_api_ae_zone_weight_get,23,29,1.260870,6,92,116,0,2,1,1,1,2,6,6,
larger,exact_name,tisp_hldc_param_array_get,tisp_hldc_param_array_get,18,23,1.277778,5,72,92,0,2,1,1,1,2,4,4,
larger,exact_name,tisp_api_ae_roi_weight_set,tisp_api_ae_roi_weight_set,17,22,1.294118,5,68,88,0,1,1,1,1,2,6,6,
larger,exact_name,tisp_api_ae_roui_weight_set,tisp_api_ae_roui_weight_set,17,22,1.294118,5,68,88,0,1,1,1,1,2,6,6,
larger,exact_name,tisp_api_ae_scene_pare_set,tisp_api_ae_scene_pare_set,17,22,1.294118,5,68,88,0,1,1,1,1,2,6,6,
larger,exact_name,tisp_api_ae_zone_weight_set,tisp_api_ae_zone_weight_set,17,22,1.294118,5,68,88,0,1,1,1,1,2,6,6,
larger,exact_name,tisp_clm_ct_update,tisp_clm_ct_update,16,30,1.875000,14,64,120,1,1,2,2,1,1,4,13,
larger,exact_name,tisp_hldc_get_attr,tisp_hldc_get_attr,13,17,1.307692,4,52,68,0,1,1,1,1,2,4,4,
larger,exact_name,tisp_event_exit,tisp_event_exit,11,18,1.636364,7,44,72,0,0,1,2,1,1,2,4,
larger,exact_name,tiziano_bcsh_reg2para,tiziano_bcsh_reg2para,11,14,1.272727,3,44,56,2,2,0,0,1,1,0,0,
larger,exact_name,tisp_event_set_cb,tisp_event_set_cb,10,17,1.700000,7,40,68,0,2,0,0,1,1,2,2,
larger,exact_name,tiziano_bcsh_para2reg,tiziano_bcsh_para2reg,10,13,1.300000,3,40,52,2,2,0,0,1,1,0,0,
larger,exact_name,tisp_bcsh_set_mjpeg_contrast,tisp_bcsh_set_mjpeg_contrast,9,16,1.777778,7,36,64,1,2,0,0,0,1,8,10,
larger,exact_name,system_reg_write,system_reg_write,7,13,1.857143,6,28,52,0,2,0,0,1,1,2,2,
larger,exact_name,system_reg_read,system_reg_read,7,11,1.571429,4,28,44,0,2,0,0,1,1,2,2,
larger,exact_name,tisp_day_or_night_g_ctrl,tisp_day_or_night_g_ctrl,7,11,1.571429,4,28,44,0,1,0,0,1,1,2,2,
larger,exact_name,tiziano_g_awb_start,tiziano_g_awb_start,7,10,1.428571,3,28,40,0,1,0,0,1,1,2,2,
larger,exact_name,tisp_api_af_weight_set,tisp_api_af_weight_set,6,8,1.333333,2,24,32,1,1,0,0,0,1,4,4,
larger,exact_name,private_gpio_free,private_gpio_free,5,9,1.800000,4,20,36,1,2,0,0,0,1,2,2,
larger,exact_name,private_clk_get_rate,private_clk_get_rate,5,8,1.600000,3,20,32,1,2,0,0,0,1,2,2,
larger,exact_name,private_complete,private_complete,5,8,1.600000,3,20,32,1,2,0,0,0,1,2,2,
larger,exact_name,private_i2c_put_adapter,private_i2c_put_adapter,5,8,1.600000,3,20,32,1,2,0,0,0,1,2,2,
larger,exact_name,private_i2c_unregister_device,private_i2c_unregister_device,5,8,1.600000,3,20,32,1,2,0,0,0,1,2,2,
larger,exact_name,private_iounmap,private_iounmap,5,8,1.600000,3,20,32,1,2,0,0,0,1,2,2,
larger,exact_name,private_module_put,private_module_put,5,8,1.600000,3,20,32,1,2,0,0,0,1,2,2,
larger,exact_name,private_mutex_lock,private_mutex_lock,5,8,1.600000,3,20,32,1,2,0,0,0,1,2,2,
larger,exact_name,private_mutex_unlock,private_mutex_unlock,5,8,1.600000,3,20,32,1,2,0,0,0,1,2,2,
larger,exact_name,private_nlmsg_new,private_nlmsg_new,5,8,1.600000,3,20,32,1,1,0,0,0,0,2,2,
larger,exact_name,private_proc_remove,private_proc_remove,5,8,1.600000,3,20,32,1,2,0,0,0,1,2,2,
larger,exact_name,tisp_ae_g_comp,tisp_ae_g_comp,4,6,1.500000,2,16,24,0,1,0,0,1,1,2,2,
larger,exact_name,tisp_get_ae_comp,tisp_get_ae_comp,4,6,1.500000,2,16,24,1,1,0,0,0,1,2,2,
larger,exact_name,tisp_awb_algo_init,tisp_awb_algo_init,3,5,1.666667,2,12,20,0,0,0,0,1,1,2,4,
recovered_only,recovered_only,,__divdi3,,2,,,,8,,0,,0,,1,,0,
recovered_only,recovered_only,,__moddi3,,2,,,,8,,0,,0,,1,,0,
recovered_only,recovered_only,,apical_isp_ae_g_roi_isra_80,,18,,,,72,,0,,2,,1,,6,
recovered_only,recovered_only,,apical_isp_ae_hist_origin_g_attr_isra_95,,43,,,,172,,2,,6,,1,,14,
recovered_only,recovered_only,,apical_isp_ae_s_roi_isra_34,,17,,,,68,,0,,2,,1,,6,
recovered_only,recovered_only,,apical_isp_ae_zone_g_ctrl_isra_87,,11,,,,44,,1,,1,,0,,4,
recovered_only,recovered_only,,apical_isp_ae_zone_weight_g_attr_isra_92,,64,,,,256,,6,,6,,1,,17,
recovered_only,recovered_only,,apical_isp_ae_zone_weight_s_attr_isra_45,,17,,,,68,,0,,2,,1,,6,
recovered_only,recovered_only,,apical_isp_af_hist_g_attr_isra_98,,2,,,,8,,0,,0,,1,,0,
recovered_only,recovered_only,,apical_isp_af_hist_s_attr_isra_48,,21,,,,84,,0,,2,,1,,6,
recovered_only,recovered_only,,apical_isp_af_weight_g_attr_isra_99,,2,,,,8,,0,,0,,1,,0,
recovered_only,recovered_only,,apical_isp_af_weight_s_attr_isra_49,,17,,,,68,,0,,2,,1,,6,
recovered_only,recovered_only,,apical_isp_af_zone_g_ctrl_isra_88,,14,,,,56,,0,,2,,1,,4,
recovered_only,recovered_only,,apical_isp_autozoom_g_attr_isra_71,,13,,,,52,,0,,2,,0,,4,
recovered_only,recovered_only,,apical_isp_autozoom_s_attr_isra_28,,53,,,,212,,3,,4,,1,,10,
recovered_only,recovered_only,,apical_isp_awb_zone_statis_g_attr_isra_97,,41,,,,164,,2,,6,,1,,14,
recovered_only,recovered_only,,apical_isp_awb_zone_weight_g_attr_isra_115,,38,,,,152,,1,,5,,1,,12,
recovered_only,recovered_only,,apical_isp_awb_zone_weight_s_attr_isra_68,,37,,,,148,,2,,4,,1,,12,
recovered_only,recovered_only,,apical_isp_ev_g_attr_isra_78,,25,,,,100,,2,,2,,1,,8,
recovered_only,recovered_only,,apical_isp_expr_g_ctrl_isra_75,,15,,,,60,,0,,2,,1,,4,
recovered_only,recovered_only,,apical_isp_expr_s_ctrl_isra_33,,34,,,,136,,3,,2,,1,,6,
recovered_only,recovered_only,,apical_isp_gamma_g_attr_isra_79,,29,,,,116,,2,,2,,1,,6,
recovered_only,recovered_only,,apical_isp_gamma_s_attr_isra_32,,23,,,,92,,2,,1,,1,,2,
recovered_only,recovered_only,,apical_isp_max_again_g_ctrl_isra_76,,26,,,,104,,2,,2,,1,,6,
recovered_only,recovered_only,,apical_isp_max_dgain_g_ctrl_isra_77,,26,,,,104,,2,,2,,1,,6,
recovered_only,recovered_only,,call_text_func,,2,,,,8,,0,,0,,1,,0,
recovered_only,recovered_only,,get_isp_priv_mem,,8,,,,32,,2,,0,,1,,0,
recovered_only,recovered_only,,isp_info_show_isra_1,,442,,,,1768,,72,,46,,1,,158,
recovered_only,recovered_only,,ispcore_set_clk_parent_isra_0,,69,,,,276,,8,,4,,1,,10,
recovered_only,recovered_only,,printf,,19,,,,76,,0,,1,,1,,4,
recovered_only,recovered_only,,private_copy_to_user.constprop.0,,11,,,,44,,0,,1,,1,,2,
recovered_only,recovered_only,,regtrace_child_probe_stub.isra.0,,20,,,,80,,2,,1,,0,,6,
recovered_only,recovered_only,,regtrace_child_remove_stub.isra.0,,20,,,,80,,2,,1,,0,,6,
recovered_only,recovered_only,,regtrace_framechan_copy_words_from_user,,33,,,,132,,3,,2,,1,,6,
recovered_only,recovered_only,,regtrace_framechan_ioctl,,676,,,,2704,,69,,47,,1,,185,
recovered_only,recovered_only,,regtrace_framechan_open,,45,,,,180,,6,,1,,1,,14,
recovered_only,recovered_only,,regtrace_framechan_poll,,50,,,,200,,8,,2,,1,,10,
recovered_only,recovered_only,,regtrace_framechan_read,,20,,,,80,,2,,1,,1,,4,
recovered_only,recovered_only,,regtrace_framechan_release,,32,,,,128,,3,,2,,1,,6,
recovered_only,recovered_only,,regtrace_framechan_repair_dqbuf,,243,,,,972,,22,,12,,1,,55,
recovered_only,recovered_only,,regtrace_framechan_set_streaming.part.0,,59,,,,236,,3,,3,,0,,19,
recovered_only,recovered_only,,regtrace_isp_m0_ioctl,,267,,,,1068,,43,,19,,1,,44,
recovered_only,recovered_only,,regtrace_isp_m0_is_image_control,,30,,,,120,,3,,0,,3,,0,
recovered_only,recovered_only,,regtrace_isp_m0_open,,29,,,,116,,1,,2,,1,,9,
recovered_only,recovered_only,,regtrace_isp_m0_release,,16,,,,64,,1,,1,,1,,4,
recovered_only,recovered_only,,regtrace_misc_ivdc_ioctl,,21,,,,84,,2,,1,,1,,6,
recovered_only,recovered_only,,regtrace_misc_ivdc_open,,29,,,,116,,1,,2,,1,,9,
recovered_only,recovered_only,,regtrace_misc_ivdc_release,,16,,,,64,,1,,1,,1,,4,
recovered_only,recovered_only,,regtrace_seq_printf,,13,,,,52,,0,,1,,1,,2,
recovered_only,recovered_only,,regtrace_sinfo_count_open,,7,,,,28,,1,,0,,0,,4,
recovered_only,recovered_only,,regtrace_sinfo_count_show,,35,,,,140,,1,,2,,0,,14,
recovered_only,recovered_only,,regtrace_sinfo_open,,17,,,,68,,1,,1,,0,,6,
recovered_only,recovered_only,,regtrace_sinfo_show,,89,,,,356,,17,,4,,1,,33,
recovered_only,recovered_only,,regtrace_sinfo_slot_publish,,56,,,,224,,2,,3,,1,,14,
recovered_only,recovered_only,,regtrace_t23_adr_write_bytes4,,48,,,,192,,4,,5,,1,,4,
recovered_only,recovered_only,,regtrace_t23_adr_write_pairs16,,30,,,,120,,2,,3,,1,,4,
recovered_only,recovered_only,,regtrace_t23_ae_emit_event,,24,,,,96,,0,,2,,1,,4,
recovered_only,recovered_only,,regtrace_t23_ae_hlil_nearest_state,,20,,,,80,,2,,0,,1,,2,
recovered_only,recovered_only,,regtrace_t23_ae_quantize_gain,,41,,,,164,,2,,4,,1,,6,
recovered_only,recovered_only,,regtrace_t23_awb_hlil_div_q,,12,,,,48,,0,,1,,1,,2,
recovered_only,recovered_only,,regtrace_t23_awb_hlil_interpolate_q,,42,,,,168,,6,,2,,1,,2,
recovered_only,recovered_only,,regtrace_t23_awb_hlil_mesh_q,,104,,,,416,,6,,3,,1,,6,
recovered_only,recovered_only,,regtrace_t23_awb_hlil_ratio_to_mf,,23,,,,92,,1,,1,,2,,2,
recovered_only,recovered_only,,regtrace_t23_bcsh_fixmul,,24,,,,96,,1,,1,,1,,2,
recovered_only,recovered_only,,regtrace_t23_bcsh_interp_u32,,28,,,,112,,6,,0,,2,,0,
recovered_only,recovered_only,,regtrace_t23_call_sensor_chip_ident,,73,,,,292,,7,,4,,1,,16,
recovered_only,recovered_only,,regtrace_t23_call_sensor_core_init,,75,,,,300,,7,,5,,1,,17,
recovered_only,recovered_only,,regtrace_t23_call_sensor_exposure,,53,,,,212,,5,,2,,1,,6,
recovered_only,recovered_only,,regtrace_t23_call_sensor_stream,,98,,,,392,,17,,5,,1,,30,
recovered_only,recovered_only,,regtrace_t23_ccm_saturation,,38,,,,152,,4,,0,,2,,4,
recovered_only,recovered_only,,regtrace_t23_csi_core_ops_init_repaired,,199,,,,796,,14,,13,,1,,28,
recovered_only,recovered_only,,regtrace_t23_csi_rate_sel,,34,,,,136,,10,,0,,1,,0,
recovered_only,recovered_only,,regtrace_t23_csi_video_s_stream_repaired,,52,,,,208,,4,,4,,1,,14,
recovered_only,recovered_only,,regtrace_t23_direct_csi_stream,,182,,,,728,,12,,11,,2,,32,
recovered_only,recovered_only,,regtrace_t23_direct_vic_input_stream.isra.0,,178,,,,712,,9,,12,,2,,37,
recovered_only,recovered_only,,regtrace_t23_dmsc_field_word,,12,,,,48,,0,,1,,1,,2,
recovered_only,recovered_only,,regtrace_t23_enable_stream_clks,,37,,,,148,,1,,3,,0,,26,
recovered_only,recovered_only,,regtrace_t23_enable_subdev_clks,,71,,,,284,,9,,3,,1,,10,
recovered_only,recovered_only,,regtrace_t23_ensure_sensor_client.isra.0,,121,,,,484,,11,,9,,1,,40,
recovered_only,recovered_only,,regtrace_t23_frame_height,,19,,,,76,,3,,0,,1,,4,
recovered_only,recovered_only,,regtrace_t23_frame_width,,19,,,,76,,3,,0,,1,,4,
recovered_only,recovered_only,,regtrace_t23_get_le32,,3,,,,12,,0,,0,,1,,0,
recovered_only,recovered_only,,regtrace_t23_log_irq_count,,8,,,,32,,1,,0,,1,,0,
recovered_only,recovered_only,,regtrace_t23_map_mem.constprop.0,,58,,,,232,,7,,4,,1,,9,
recovered_only,recovered_only,,regtrace_t23_msca_hard_param,,19,,,,76,,1,,1,,1,,4,
recovered_only,recovered_only,,regtrace_t23_msca_write_curve_axis,,43,,,,172,,7,,2,,1,,2,
recovered_only,recovered_only,,regtrace_t23_program_vic_irq_regs,,33,,,,132,,2,,1,,1,,6,
recovered_only,recovered_only,,regtrace_t23_put_le32,,8,,,,32,,0,,0,,1,,0,
recovered_only,recovered_only,,regtrace_t23_q10_div,,10,,,,40,,2,,0,,1,,2,
recovered_only,recovered_only,,regtrace_t23_q10_mul,,6,,,,24,,1,,0,,0,,2,
recovered_only,recovered_only,,regtrace_t23_read_tuning_data,,64,,,,256,,5,,6,,1,,12,
recovered_only,recovered_only,,regtrace_t23_release_sensor_client,,39,,,,156,,4,,2,,1,,21,
recovered_only,recovered_only,,regtrace_t23_release_subdev_safe,,128,,,,512,,16,,10,,1,,21,
recovered_only,recovered_only,,regtrace_t23_request_irq,,11,,,,44,,3,,0,,1,,2,
recovered_only,recovered_only,,regtrace_t23_resolve_sensor_attr,,47,,,,188,,6,,4,,1,,13,
recovered_only,recovered_only,,regtrace_t23_seed_sc2336_attr,,68,,,,272,,0,,2,,1,,11,
recovered_only,recovered_only,,regtrace_t23_seed_sensor_caches,,98,,,,392,,8,,5,,1,,32,
recovered_only,recovered_only,,regtrace_t23_sensor_owned_attr,,28,,,,112,,2,,1,,2,,4,
recovered_only,recovered_only,,regtrace_t23_sensor_read_u8,,53,,,,212,,5,,2,,1,,7,
recovered_only,recovered_only,,regtrace_t23_sensor_write_u8,,45,,,,180,,5,,2,,1,,7,
recovered_only,recovered_only,,regtrace_t23_set_irq_enabled,,66,,,,264,,8,,3,,1,,14,
recovered_only,recovered_only,,regtrace_t23_set_msca_stream,,73,,,,292,,7,,5,,2,,20,
recovered_only,recovered_only,,regtrace_t23_source_ae_hlil_reset,,109,,,,436,,4,,7,,1,,59,
recovered_only,recovered_only,,regtrace_t23_source_ae_hlil_trigger,,79,,,,316,,8,,4,,2,,34,
recovered_only,recovered_only,,regtrace_t23_source_ae_hlil_work,,285,,,,1140,,30,,13,,1,,81,
recovered_only,recovered_only,,regtrace_t23_source_apply_total_gain_value,,195,,,,780,,23,,15,,1,,62,
recovered_only,recovered_only,,regtrace_t23_source_awb_apply_gains,,44,,,,176,,0,,8,,1,,6,
recovered_only,recovered_only,,regtrace_t23_source_awb_hlil_work,,952,,,,3808,,83,,33,,1,,164,
recovered_only,recovered_only,,regtrace_t23_source_ccm_commit.part.0.isra.0,,171,,,,684,,19,,5,,1,,38,
recovered_only,recovered_only,,regtrace_t23_source_core_bypass_value,,108,,,,432,,9,,9,,1,,36,
recovered_only,recovered_only,,regtrace_t23_source_core_set_stream.isra.0,,1609,,,,6436,,101,,230,,2,,597,
recovered_only,recovered_only,,regtrace_t23_source_defog_write_geometry.constprop.0,,71,,,,284,,5,,6,,0,,2,
recovered_only,recovered_only,,regtrace_t23_source_input_stream.isra.0,,127,,,,508,,21,,9,,1,,54,
recovered_only,recovered_only,,regtrace_t23_source_lsc_initialize_tables,,66,,,,264,,1,,7,,1,,31,
recovered_only,recovered_only,,regtrace_t23_source_mdns_load_tuning,,2442,,,,9768,,3,,479,,1,,970,
recovered_only,recovered_only,,regtrace_t23_stream_irq_gate,,54,,,,216,,1,,3,,2,,22,
recovered_only,recovered_only,,regtrace_t23_subdev_self,,13,,,,52,,1,,0,,1,,0,
recovered_only,recovered_only,,regtrace_t23_tisp_stream_regs,,77,,,,308,,7,,10,,2,,24,
recovered_only,recovered_only,,regtrace_t23_vic_core_s_stream_repaired,,71,,,,284,,7,,5,,1,,14,
recovered_only,recovered_only,,regtrace_t23_vic_start_repaired,,277,,,,1108,,22,,27,,1,,40,
recovered_only,recovered_only,,regtrace_t23_vin_proc_exit,,17,,,,68,,1,,1,,1,,7,
recovered_only,recovered_only,,regtrace_t23_wait_vic_idle,,32,,,,128,,2,,2,,1,,6,
recovered_only,recovered_only,,regtrace_tx_isp_core_probe,,138,,,,552,,13,,12,,1,,30,
recovered_only,recovered_only,,regtrace_tx_isp_core_remove,,57,,,,228,,3,,6,,1,,22,
recovered_only,recovered_only,,regtrace_tx_isp_csi_probe,,149,,,,596,,10,,15,,1,,50,
recovered_only,recovered_only,,regtrace_tx_isp_csi_remove,,70,,,,280,,5,,7,,1,,27,
recovered_only,recovered_only,,regtrace_tx_isp_fs_probe,,63,,,,252,,5,,6,,1,,22,
recovered_only,recovered_only,,regtrace_tx_isp_fs_remove,,42,,,,168,,2,,5,,1,,16,
recovered_only,recovered_only,,regtrace_tx_isp_ioctl,,449,,,,1796,,45,,42,,1,,107,
recovered_only,recovered_only,,regtrace_tx_isp_ivdc_probe,,82,,,,328,,7,,8,,1,,28,
recovered_only,recovered_only,,regtrace_tx_isp_ivdc_remove,,50,,,,200,,3,,5,,1,,20,
recovered_only,recovered_only,,regtrace_tx_isp_open,,29,,,,116,,1,,2,,1,,9,
recovered_only,recovered_only,,regtrace_tx_isp_parent_probe,,81,,,,324,,8,,6,,1,,22,
recovered_only,recovered_only,,regtrace_tx_isp_parent_remove,,26,,,,104,,1,,3,,1,,8,
recovered_only,recovered_only,,regtrace_tx_isp_release,,16,,,,64,,1,,1,,1,,4,
recovered_only,recovered_only,,regtrace_tx_isp_vic_probe,,94,,,,376,,7,,11,,1,,36,
recovered_only,recovered_only,,regtrace_tx_isp_vic_remove,,46,,,,184,,2,,5,,1,,20,
recovered_only,recovered_only,,regtrace_tx_isp_vin_probe,,69,,,,276,,5,,7,,1,,24,
recovered_only,recovered_only,,regtrace_tx_isp_vin_remove,,40,,,,160,,2,,5,,1,,14,
recovered_only,recovered_only,,regtrace_unregister_child_platform_devices,,32,,,,128,,3,,1,,1,,6,
recovered_only,recovered_only,,regtrace_unregister_framechans,,31,,,,124,,2,,1,,1,,6,
recovered_only,recovered_only,,regtrace_unregister_isp_m0_miscdev,,16,,,,64,,1,,1,,1,,7,
recovered_only,recovered_only,,regtrace_unregister_misc_ivdc,,16,,,,64,,1,,1,,1,,7,
recovered_only,recovered_only,,regtrace_unregister_real_platforms,,53,,,,212,,5,,4,,1,,22,
recovered_only,recovered_only,,regtrace_unregister_tx_isp_miscdev,,16,,,,64,,1,,1,,1,,7,
recovered_only,recovered_only,,sub_13060,,2,,,,8,,0,,0,,1,,0,
recovered_only,recovered_only,,sub_13068,,2,,,,8,,0,,0,,1,,0,
recovered_only,recovered_only,,sub_13078,,2,,,,8,,0,,0,,1,,0,
recovered_only,recovered_only,,sub_13088,,2,,,,8,,0,,0,,1,,0,
recovered_only,recovered_only,,sub_13090,,2,,,,8,,0,,0,,1,,0,
recovered_only,recovered_only,,sub_13098,,2,,,,8,,0,,0,,1,,0,
recovered_only,recovered_only,,sub_130a0,,2,,,,8,,0,,0,,1,,0,
recovered_only,recovered_only,,sub_130a8,,2,,,,8,,0,,0,,1,,0,
recovered_only,recovered_only,,sub_130b0,,2,,,,8,,0,,0,,1,,0,
recovered_only,recovered_only,,sub_130b8,,2,,,,8,,0,,0,,1,,0,
recovered_only,recovered_only,,sub_130c0,,2,,,,8,,0,,0,,1,,0,
recovered_only,recovered_only,,sub_130c8,,2,,,,8,,0,,0,,1,,0,
recovered_only,recovered_only,,sub_130d0,,2,,,,8,,0,,0,,1,,0,
recovered_only,recovered_only,,sub_130d8,,2,,,,8,,0,,0,,1,,0,
recovered_only,recovered_only,,sub_130e0,,2,,,,8,,0,,0,,1,,0,
recovered_only,recovered_only,,sub_130e8,,2,,,,8,,0,,0,,1,,0,
recovered_only,recovered_only,,sub_130f0,,2,,,,8,,0,,0,,1,,0,
recovered_only,recovered_only,,sub_130fc,,2,,,,8,,0,,0,,1,,0,
recovered_only,recovered_only,,sub_13104,,4,,,,16,,1,,0,,0,,2,
recovered_only,recovered_only,,sub_13148,,2,,,,8,,0,,0,,1,,0,
recovered_only,recovered_only,,sub_13150,,2,,,,8,,0,,0,,1,,0,
recovered_only,recovered_only,,sub_13158,,2,,,,8,,0,,0,,1,,0,
recovered_only,recovered_only,,sub_13160,,2,,,,8,,0,,0,,1,,0,
recovered_only,recovered_only,,sub_13168,,2,,,,8,,0,,0,,1,,0,
recovered_only,recovered_only,,sub_13170,,2,,,,8,,0,,0,,1,,0,
recovered_only,recovered_only,,sub_13178,,2,,,,8,,0,,0,,1,,0,
recovered_only,recovered_only,,sub_13180,,2,,,,8,,0,,0,,1,,0,
recovered_only,recovered_only,,sub_13188,,2,,,,8,,0,,0,,1,,0,
recovered_only,recovered_only,,sub_13190,,2,,,,8,,0,,0,,1,,0,
recovered_only,recovered_only,,sub_13198,,2,,,,8,,0,,0,,1,,0,
recovered_only,recovered_only,,sub_131a4,,2,,,,8,,0,,0,,1,,0,
recovered_only,recovered_only,,sub_131ac,,2,,,,8,,0,,0,,1,,0,
recovered_only,recovered_only,,sub_131b4,,2,,,,8,,0,,0,,1,,0,
recovered_only,recovered_only,,sub_131bc,,2,,,,8,,0,,0,,1,,0,
recovered_only,recovered_only,,sub_131c4,,2,,,,8,,0,,0,,1,,0,
recovered_only,recovered_only,,sub_131cc,,2,,,,8,,0,,0,,1,,0,
recovered_only,recovered_only,,sub_131e0,,2,,,,8,,0,,0,,1,,0,
recovered_only,recovered_only,,sub_131e8,,2,,,,8,,0,,0,,1,,0,
recovered_only,recovered_only,,sub_131f0,,2,,,,8,,0,,0,,1,,0,
recovered_only,recovered_only,,sub_131f8,,2,,,,8,,0,,0,,1,,0,
recovered_only,recovered_only,,sub_13200,,2,,,,8,,0,,0,,1,,0,
recovered_only,recovered_only,,sub_13208,,2,,,,8,,0,,0,,1,,0,
recovered_only,recovered_only,,sub_13210,,2,,,,8,,0,,0,,1,,0,
recovered_only,recovered_only,,sub_13218,,2,,,,8,,0,,0,,1,,0,
recovered_only,recovered_only,,sub_68e08,,57,,,,228,,2,,6,,1,,8,
recovered_only,recovered_only,,sub_68f3c,,2,,,,8,,0,,0,,1,,0,
recovered_only,recovered_only,,sub_ae30,,2,,,,8,,0,,0,,1,,0,
recovered_only,recovered_only,,sub_ae40,,2,,,,8,,0,,0,,1,,0,
recovered_only,recovered_only,,sub_ae48,,2,,,,8,,0,,0,,1,,0,
recovered_only,recovered_only,,sub_ae50,,2,,,,8,,0,,0,,1,,0,
recovered_only,recovered_only,,sub_ae58,,2,,,,8,,0,,0,,1,,0,
recovered_only,recovered_only,,sub_ae60,,2,,,,8,,0,,0,,1,,0,
recovered_only,recovered_only,,sub_ae68,,2,,,,8,,0,,0,,1,,0,
recovered_only,recovered_only,,sub_ae70,,4,,,,16,,0,,0,,1,,0,
recovered_only,recovered_only,,sub_ae88,,2,,,,8,,0,,0,,1,,0,
recovered_only,recovered_only,,sub_ae90,,2,,,,8,,0,,0,,1,,0,
recovered_only,recovered_only,,sub_ae98,,2,,,,8,,0,,0,,1,,0,
recovered_only,recovered_only,,sub_aea0,,2,,,,8,,0,,0,,1,,0,
recovered_only,recovered_only,,sub_aea8,,2,,,,8,,0,,0,,1,,0,
recovered_only,recovered_only,,sub_aeb0,,2,,,,8,,0,,0,,1,,0,
recovered_only,recovered_only,,sub_aeb8,,2,,,,8,,0,,0,,1,,0,
recovered_only,recovered_only,,sub_aec0,,2,,,,8,,0,,0,,1,,0,
recovered_only,recovered_only,,sub_aec8,,2,,,,8,,0,,0,,1,,0,
recovered_only,recovered_only,,sub_aed0,,2,,,,8,,0,,0,,1,,0,
recovered_only,recovered_only,,sub_aed8,,2,,,,8,,0,,0,,1,,0,
recovered_only,recovered_only,,sub_aee0,,2,,,,8,,0,,0,,1,,0,
recovered_only,recovered_only,,sub_aee8,,2,,,,8,,0,,0,,1,,0,
recovered_only,recovered_only,,sub_aef0,,2,,,,8,,0,,0,,1,,0,
recovered_only,recovered_only,,sub_aef8,,2,,,,8,,0,,0,,1,,0,
recovered_only,recovered_only,,sub_af00,,2,,,,8,,0,,0,,1,,0,
recovered_only,recovered_only,,sub_af08,,2,,,,8,,0,,0,,1,,0,
recovered_only,recovered_only,,sub_af10,,2,,,,8,,0,,0,,1,,0,
recovered_only,recovered_only,,sub_af18,,2,,,,8,,0,,0,,1,,0,
recovered_only,recovered_only,,sub_af20,,2,,,,8,,0,,0,,1,,0,
recovered_only,recovered_only,,sub_af28,,2,,,,8,,0,,0,,1,,0,
recovered_only,recovered_only,,sub_af34,,2,,,,8,,0,,0,,1,,0,
recovered_only,recovered_only,,sub_af3c,,17,,,,68,,0,,1,,1,,2,
recovered_only,recovered_only,,sub_af80,,2,,,,8,,0,,0,,1,,0,
recovered_only,recovered_only,,sub_af88,,2,,,,8,,0,,0,,1,,0,
recovered_only,recovered_only,,sub_af90,,2,,,,8,,0,,0,,1,,0,
recovered_only,recovered_only,,sub_af98,,2,,,,8,,0,,0,,1,,0,
recovered_only,recovered_only,,sub_afa0,,2,,,,8,,0,,0,,1,,0,
recovered_only,recovered_only,,sub_afa8,,2,,,,8,,0,,0,,1,,0,
recovered_only,recovered_only,,sub_afb0,,2,,,,8,,0,,0,,1,,0,
recovered_only,recovered_only,,sub_afb8,,2,,,,8,,0,,0,,1,,0,
recovered_only,recovered_only,,sub_afc0,,2,,,,8,,0,,0,,1,,0,
recovered_only,recovered_only,,sub_afc8,,2,,,,8,,0,,0,,1,,0,
recovered_only,recovered_only,,sub_afd0,,2,,,,8,,0,,0,,1,,0,
recovered_only,recovered_only,,sub_afd8,,2,,,,8,,0,,0,,1,,0,
recovered_only,recovered_only,,sub_afe0,,2,,,,8,,0,,0,,1,,0,
recovered_only,recovered_only,,sub_afe8,,2,,,,8,,0,,0,,1,,0,
recovered_only,recovered_only,,sub_aff0,,2,,,,8,,0,,0,,1,,0,
recovered_only,recovered_only,,sub_aff8,,2,,,,8,,0,,0,,1,,0,
recovered_only,recovered_only,,sub_b000,,2,,,,8,,0,,0,,1,,0,
recovered_only,recovered_only,,sub_b008,,2,,,,8,,0,,0,,1,,0,
recovered_only,recovered_only,,sub_b010,,2,,,,8,,0,,0,,1,,0,
recovered_only,recovered_only,,sub_b018,,2,,,,8,,0,,0,,1,,0,
recovered_only,recovered_only,,sub_b020,,2,,,,8,,0,,0,,1,,0,
recovered_only,recovered_only,,sub_b028,,2,,,,8,,0,,0,,1,,0,
recovered_only,recovered_only,,sub_b030,,2,,,,8,,0,,0,,1,,0,
recovered_only,recovered_only,,sub_b038,,2,,,,8,,0,,0,,1,,0,
recovered_only,recovered_only,,sub_b040,,2,,,,8,,0,,0,,1,,0,
recovered_only,recovered_only,,sub_b048,,2,,,,8,,0,,0,,1,,0,
recovered_only,recovered_only,,sub_b050,,2,,,,8,,0,,0,,1,,0,
recovered_only,recovered_only,,sub_b058,,2,,,,8,,0,,0,,1,,0,
recovered_only,recovered_only,,sub_b060,,2,,,,8,,0,,0,,1,,0,
recovered_only,recovered_only,,sub_b068,,2,,,,8,,0,,0,,1,,0,
recovered_only,recovered_only,,sub_b070,,2,,,,8,,0,,0,,1,,0,
recovered_only,recovered_only,,sub_b098,,2,,,,8,,0,,0,,1,,0,
recovered_only,recovered_only,,sub_b0a0,,2,,,,8,,0,,0,,1,,0,
recovered_only,recovered_only,,sub_b0a8,,2,,,,8,,0,,0,,1,,0,
recovered_only,recovered_only,,sub_b0b0,,2,,,,8,,0,,0,,1,,0,
recovered_only,recovered_only,,sub_b0b8,,2,,,,8,,0,,0,,1,,0,
recovered_only,recovered_only,,sub_b0c0,,2,,,,8,,0,,0,,1,,0,
recovered_only,recovered_only,,sub_b0c8,,2,,,,8,,0,,0,,1,,0,
recovered_only,recovered_only,,sub_b0d0,,2,,,,8,,0,,0,,1,,0,
recovered_only,recovered_only,,sub_b0d8,,2,,,,8,,0,,0,,1,,0,
recovered_only,recovered_only,,sub_b0e0,,2,,,,8,,0,,0,,1,,0,
recovered_only,recovered_only,,sub_b0e8,,2,,,,8,,0,,0,,1,,0,
recovered_only,recovered_only,,sub_b0f0,,2,,,,8,,0,,0,,1,,0,
recovered_only,recovered_only,,sub_b0f8,,2,,,,8,,0,,0,,1,,0,
recovered_only,recovered_only,,sub_b100,,2,,,,8,,0,,0,,1,,0,
recovered_only,recovered_only,,sub_b108,,2,,,,8,,0,,0,,1,,0,
recovered_only,recovered_only,,sub_b114,,2,,,,8,,0,,0,,1,,0,
recovered_only,recovered_only,,sub_b11c,,2,,,,8,,0,,0,,1,,0,
recovered_only,recovered_only,,sub_b124,,2,,,,8,,0,,0,,1,,0,
recovered_only,recovered_only,,sub_b134,,2,,,,8,,0,,0,,1,,0,
recovered_only,recovered_only,,sub_b13c,,2,,,,8,,0,,0,,1,,0,
recovered_only,recovered_only,,sub_b144,,2,,,,8,,0,,0,,1,,0,
recovered_only,recovered_only,,sub_b14c,,2,,,,8,,0,,0,,1,,0,
recovered_only,recovered_only,,sub_b154,,2,,,,8,,0,,0,,1,,0,
recovered_only,recovered_only,,sub_b160,,2,,,,8,,0,,0,,1,,0,
recovered_only,recovered_only,,sub_b168,,2,,,,8,,0,,0,,1,,0,
recovered_only,recovered_only,,sub_b170,,2,,,,8,,0,,0,,1,,0,
recovered_only,recovered_only,,sub_b178,,2,,,,8,,0,,0,,1,,0,
recovered_only,recovered_only,,sub_b180,,2,,,,8,,0,,0,,1,,0,
recovered_only,recovered_only,,sub_b188,,2,,,,8,,0,,0,,1,,0,
recovered_only,recovered_only,,sub_b19c,,2,,,,8,,0,,0,,1,,0,
recovered_only,recovered_only,,sub_b1a4,,2,,,,8,,0,,0,,1,,0,
recovered_only,recovered_only,,sub_b1ac,,2,,,,8,,0,,0,,1,,0,
recovered_only,recovered_only,,sub_b1b4,,2,,,,8,,0,,0,,1,,0,
recovered_only,recovered_only,,sub_b1bc,,2,,,,8,,0,,0,,1,,0,
recovered_only,recovered_only,,sub_b1c4,,2,,,,8,,0,,0,,1,,0,
recovered_only,recovered_only,,sub_b1cc,,2,,,,8,,0,,0,,1,,0,
recovered_only,recovered_only,,sub_b1d4,,2,,,,8,,0,,0,,1,,0,
recovered_only,recovered_only,,sub_b1dc,,2,,,,8,,0,,0,,1,,0,
recovered_only,recovered_only,,sub_b1e4,,2,,,,8,,0,,0,,1,,0,
recovered_only,recovered_only,,tisp_hldc_par_refresh_part_1,,5,,,,20,,1,,0,,0,,2,
recovered_only,recovered_only,,tisp_mdns_c_2d_param_cfg,,322,,,,1288,,0,,31,,1,,136,
recovered_only,recovered_only,,tisp_mdns_c_3d_param_cfg,,365,,,,1460,,0,,28,,1,,160,
recovered_only,recovered_only,,tisp_mdns_y_2d_param_cfg,,261,,,,1044,,1,,24,,1,,101,
recovered_only,recovered_only,,tisp_mdns_y_3d_param_cfg,,721,,,,2884,,3,,76,,1,,228,
recovered_only,recovered_only,,tisp_sdns_d_s1_thres_cfg,,55,,,,220,,0,,8,,1,,5,
recovered_only,recovered_only,,tisp_sdns_dark_light_tt_opt_cfg,,24,,,,96,,0,,1,,1,,10,
recovered_only,recovered_only,,tisp_sdns_g_det_val_div_cfg,,16,,,,64,,0,,1,,1,,4,
recovered_only,recovered_only,,tisp_sdns_gaussian_k_cfg,,200,,,,800,,0,,64,,1,,2,
recovered_only,recovered_only,,tisp_sdns_gaussian_x_cfg,,136,,,,544,,0,,32,,1,,2,
recovered_only,recovered_only,,tisp_sdns_gaussian_y_cfg,,18,,,,72,,0,,3,,1,,2,
recovered_only,recovered_only,,tisp_sdns_grad_thres_opt_cfg,,35,,,,140,,0,,3,,1,,13,
recovered_only,recovered_only,,tisp_sdns_h_line_cfg,,24,,,,96,,0,,4,,1,,2,
recovered_only,recovered_only,,tisp_sdns_h_mv_cfg,,72,,,,288,,0,,4,,1,,34,
recovered_only,recovered_only,,tisp_sdns_h_mv_wei_opt_cfg,,22,,,,88,,0,,1,,1,,4,
recovered_only,recovered_only,,tisp_sdns_h_s_cfg,,72,,,,288,,0,,4,,1,,34,
recovered_only,recovered_only,,tisp_sdns_hls_en_ave_filter_cfg,,23,,,,92,,0,,1,,1,,6,
recovered_only,recovered_only,,tisp_sdns_mv_seg_number_num_thres_cfg,,32,,,,128,,0,,2,,1,,12,
recovered_only,recovered_only,,tisp_sdns_r_s_mv_cfg,,102,,,,408,,0,,16,,1,,8,
recovered_only,recovered_only,,tisp_sdns_sp_d_b_wei_np_array_cfg,,76,,,,304,,0,,6,,1,,5,
recovered_only,recovered_only,,tisp_sdns_sp_d_w_wei_np_array_cfg,,76,,,,304,,0,,6,,1,,5,
recovered_only,recovered_only,,tisp_sdns_sp_std_en_seg_opt_cfg,,16,,,,64,,0,,1,,1,,5,
recovered_only,recovered_only,,tisp_sdns_sp_ud_b_limit_srd_ll_hl_flat_cfg,,46,,,,184,,0,,4,,1,,12,
recovered_only,recovered_only,,tisp_sdns_sp_ud_b_stren_cfg,,24,,,,96,,0,,2,,1,,10,
recovered_only,recovered_only,,tisp_sdns_sp_ud_b_wei_np_array_cfg,,93,,,,372,,0,,6,,1,,5,
recovered_only,recovered_only,,tisp_sdns_sp_ud_stren_shift_opt_cfg,,12,,,,48,,0,,1,,1,,4,
recovered_only,recovered_only,,tisp_sdns_sp_ud_v2_v1_coef_w_wei_opt_cfg,,38,,,,152,,0,,2,,1,,7,
recovered_only,recovered_only,,tisp_sdns_sp_ud_w_limit_b_wei_opt_cfg,,16,,,,64,,0,,1,,1,,4,
recovered_only,recovered_only,,tisp_sdns_sp_ud_w_stren_cfg,,24,,,,96,,0,,2,,1,,10,
recovered_only,recovered_only,,tisp_sdns_sp_ud_w_wei_np_array_cfg,,76,,,,304,,0,,6,,1,,5,
recovered_only,recovered_only,,tisp_sdns_sp_uu_cfg,,48,,,,192,,0,,4,,1,,15,
recovered_only,recovered_only,,tisp_sdns_sp_uu_np_array_cfg,,58,,,,232,,0,,4,,1,,5,
recovered_only,recovered_only,,tisp_sdns_sp_v2_d_w_b_ll_hl_flat_cfg,,89,,,,356,,0,,10,,1,,30,
recovered_only,recovered_only,,tisp_sdns_w_thres_cfg,,58,,,,232,,0,,8,,1,,5,
recovered_only,recovered_only,,tiziano_bcsh_StrenCal_part_0,,38,,,,152,,6,,1,,1,,2,
recovered_only,recovered_only,,tiziano_isp_ae_manual_attr_g_ctrl_isra_106,,17,,,,68,,0,,2,,1,,6,
recovered_only,recovered_only,,tiziano_sdns_params_refresh,,10,,,,40,,2,,0,,1,,4,
recovered_only,recovered_only,,tx_isp_core_platform_device_platform_release,,2,,,,8,,0,,0,,1,,0,
recovered_only,recovered_only,,tx_isp_csi_platform_device_platform_release,,2,,,,8,,0,,0,,1,,0,
recovered_only,recovered_only,,tx_isp_disable_irq_1,,29,,,,116,,1,,3,,1,,4,
recovered_only,recovered_only,,tx_isp_enable_irq_1,,26,,,,104,,1,,3,,1,,6,
recovered_only,recovered_only,,tx_isp_fs_platform_device_platform_release,,2,,,,8,,0,,0,,1,,0,
recovered_only,recovered_only,,tx_isp_ivdc_platform_device_platform_release,,2,,,,8,,0,,0,,1,,0,
recovered_only,recovered_only,,tx_isp_platform_device_platform_release,,2,,,,8,,0,,0,,1,,0,
recovered_only,recovered_only,,tx_isp_sinfo_driver_add,,139,,,,556,,15,,9,,2,,45,
recovered_only,recovered_only,,tx_isp_sinfo_driver_del,,53,,,,212,,5,,4,,0,,19,
recovered_only,recovered_only,,tx_isp_sinfo_exit,,33,,,,132,,1,,4,,1,,18,
recovered_only,recovered_only,,tx_isp_sinfo_sensor_bind,,102,,,,408,,9,,6,,2,,30,
recovered_only,recovered_only,,tx_isp_sinfo_sensor_unbind,,47,,,,188,,5,,2,,2,,18,
recovered_only,recovered_only,,tx_isp_vic_platform_device_platform_release,,2,,,,8,,0,,0,,1,,0,
recovered_only,recovered_only,,tx_isp_video_link_destroy_isra_9,,69,,,,276,,8,,4,,1,,8,
recovered_only,recovered_only,,tx_isp_vin_platform_device_platform_release,,2,,,,8,,0,,0,,1,,0,
recovered_only,recovered_only,,vic_core_ops_ioctl_1,,25,,,,100,,4,,1,,2,,2,
similar,exact_name,tisp_mdns_param_array_get,tisp_mdns_param_array_get,3809,4755,1.248359,946,15236,19020,0,0,473,473,1,1,956,958,
similar,exact_name,tiziano_mdns_params_refresh,tiziano_mdns_params_refresh,2856,2394,0.838235,-462,11424,9576,1,3,474,474,1,1,1898,1429,
similar,exact_name,tisp_mdns_param_array_set,tisp_mdns_param_array_set,2418,2660,1.100083,242,9672,10640,0,0,484,484,1,1,964,970,
similar,exact_name,tisp_dmsc_param_array_get,tisp_dmsc_param_array_get,1963,2449,1.247580,486,7852,9796,0,0,243,243,1,1,490,492,
similar,exact_name,tisp_dmsc_intp,tisp_dmsc_intp,1572,1344,0.854962,-228,6288,5376,0,0,222,222,1,1,892,890,
similar,exact_name,tiziano_dmsc_params_refresh,tiziano_dmsc_params_refresh,1476,1272,0.861789,-204,5904,5088,1,4,244,249,1,1,978,504,
similar,exact_name,tisp_dmsc_param_array_set,tisp_dmsc_param_array_set,1233,1237,1.003244,4,4932,4948,0,0,244,244,1,1,492,492,
similar,exact_name,tisp_dmsc_ref_reg_cfg,tisp_dmsc_ref_reg_cfg,1057,1114,1.053926,57,4228,4456,1,1,99,128,0,0,475,488,
similar,exact_name,tisp_sdns_param_array_get,tisp_sdns_param_array_get,1001,1245,1.243756,244,4004,4980,0,0,123,123,1,1,248,248,
similar,replacement,tisp_mdns_y_3d_param_cfg,regtrace_t23_mdns_y_3d_param_cfg.isra.0,815,898,1.101840,83,3260,3592,8,5,76,75,1,0,236,239,
similar,replacement,tiziano_sdns_params_refresh,regtrace_t23_source_sdns_load_tuning,756,689,0.911376,-67,3024,2756,1,4,124,131,1,1,498,268,
similar,exact_name,tisp_s_sdns_ratio,tisp_s_sdns_ratio,703,785,1.116643,82,2812,3140,103,105,0,2,0,1,61,112,
similar,exact_name,tiziano_bcsh_Tccm_RGBYUV,tiziano_bcsh_Tccm_RGBYUV,559,453,0.810376,-106,2236,1812,36,24,22,21,1,1,14,4,
similar,exact_name,tiziano_bcsh_TransitParam,tiziano_bcsh_TransitParam,526,448,0.851711,-78,2104,1792,30,40,25,14,1,1,102,109,
similar,exact_name,tisp_sdns_intp,tisp_sdns_intp,513,436,0.849903,-77,2052,1744,0,0,71,71,1,1,286,286,
similar,exact_name,isp_vic_interrupt_service_routine,isp_vic_interrupt_service_routine,494,425,0.860324,-69,1976,1700,37,35,32,32,2,2,172,199,
similar,exact_name,defog_3x3_5x5_params_init,defog_3x3_5x5_params_init,483,602,1.246377,119,1932,2408,37,57,34,41,1,1,30,36,
similar,exact_name,tiziano_af_set_hardware_param,tiziano_af_set_hardware_param,459,419,0.912854,-40,1836,1676,7,10,41,40,1,1,52,15,
similar,exact_name,tisp_sharpen_param_array_get,tisp_sharpen_param_array_get,409,505,1.234719,96,1636,2020,0,0,49,49,1,1,100,100,
similar,exact_name,subsection,subsection,372,361,0.970430,-11,1488,1444,17,13,20,20,1,1,18,12,
similar,exact_name,tisp_adr_param_array_get,tisp_adr_param_array_get,369,455,1.233062,86,1476,1820,0,0,44,44,1,1,90,90,
similar,replacement,tisp_mdns_c_3d_param_cfg,regtrace_t23_mdns_c_3d_param_cfg.isra.0,367,363,0.989101,-4,1468,1452,0,1,28,27,1,0,160,160,
similar,exact_name,tx_isp_subdev_init,tx_isp_subdev_init,356,308,0.865169,-48,1424,1232,48,47,27,11,1,2,85,55,
similar,exact_name,tiziano_adr_params_refresh,tiziano_adr_params_refresh,349,377,1.080229,28,1396,1508,8,7,52,67,1,1,214,147,
similar,exact_name,tisp_bcsh_param_array_get,tisp_bcsh_param_array_get,345,425,1.231884,80,1380,1700,0,0,41,41,1,1,84,84,
similar,exact_name,subdev_sensor_ops_ioctl,subdev_sensor_ops_ioctl,344,299,0.869186,-45,1376,1196,65,52,26,23,1,1,73,60,
similar,exact_name,tiziano_ae_dump,tiziano_ae_dump,340,341,1.002941,1,1360,1364,2,2,89,89,1,1,56,54,
similar,exact_name,tisp_ae_param_array_get,tisp_ae_param_array_get,335,323,0.964179,-12,1340,1292,2,3,35,35,1,1,79,79,
similar,exact_name,tiziano_adr_5x5_param,tiziano_adr_5x5_param,331,367,1.108761,36,1324,1468,19,26,9,27,1,1,45,26,
similar,exact_name,tiziano_mdns_init,tiziano_mdns_init,331,340,1.027190,9,1324,1360,0,2,3,2,1,0,314,322,
similar,exact_name,tisp_lsc_write_lut_datas,tisp_lsc_write_lut_datas,325,337,1.036923,12,1300,1348,25,43,7,7,1,1,77,28,
similar,exact_name,tisp_defog_param_array_get,tisp_defog_param_array_get,321,283,0.881620,-38,1284,1132,0,0,38,38,1,1,78,78,
similar,replacement,tisp_mdns_y_2d_param_cfg,regtrace_t23_mdns_y_2d_param_cfg.isra.0,316,256,0.810127,-60,1264,1024,1,1,24,23,1,0,112,96,
similar,exact_name,tisp_ae_param_array_set,tisp_ae_param_array_set,310,260,0.838710,-50,1240,1040,12,4,38,38,1,1,100,91,
similar,exact_name,tiziano_sharpen_params_refresh,tiziano_sharpen_params_refresh,304,258,0.848684,-46,1216,1032,0,0,49,49,1,1,198,150,
similar,replacement,tiziano_defog_params_refresh,"regtrace_t23_source_defog_load_tuning,tiziano_defog_params_refresh",279,298,1.068100,19,1116,1192,3,5,43,52,1,2,177,111,
similar,exact_name,tiziano_ct_bcsh_interpolation,tiziano_ct_bcsh_interpolation,272,223,0.819853,-49,1088,892,41,31,2,2,1,1,65,52,
similar,exact_name,tisp_dpc_param_array_get,tisp_dpc_param_array_get,265,325,1.226415,60,1060,1300,0,0,31,31,1,1,64,64,
similar,exact_name,tiziano_bcsh_params_refresh,tiziano_bcsh_params_refresh,264,263,0.996212,-1,1056,1052,1,5,41,45,1,1,171,101,
similar,exact_name,tiziano_ae_params_refresh,tiziano_ae_params_refresh,257,206,0.801556,-51,1028,824,5,5,34,34,1,1,144,107,
similar,exact_name,vic_mdma_irq_function,vic_mdma_irq_function,254,222,0.874016,-32,1016,888,22,21,12,11,1,1,46,38,
similar,exact_name,tisp_sharpen_intp,tisp_sharpen_intp,233,196,0.841202,-37,932,784,0,0,31,31,1,1,126,126,
similar,exact_name,tisp_sdns_wdr_en,tisp_sdns_wdr_en,231,221,0.956710,-10,924,884,3,2,0,2,0,1,206,176,
similar,exact_name,tisp_bcsh_param_array_set,tisp_bcsh_param_array_set,230,232,1.008696,2,920,928,0,0,43,43,1,1,91,91,
similar,exact_name,tisp_lsc_mirror_flip,tisp_lsc_mirror_flip,229,209,0.912664,-20,916,836,13,19,16,16,1,2,46,37,
similar,exact_name,tx_isp_core_probe,tx_isp_core_probe,223,194,0.869955,-29,892,776,17,15,20,18,1,1,55,50,
similar,exact_name,tiziano_bcsh_dump2,tiziano_bcsh_dump2,222,219,0.986486,-3,888,876,1,1,29,29,0,0,39,38,
similar,exact_name,tiziano_awb_params_refresh,tiziano_awb_params_refresh,213,188,0.882629,-25,852,752,3,3,29,29,1,1,129,100,
similar,exact_name,tisp_dpc_d_m2_par_cfg,tisp_dpc_d_m2_par_cfg,209,181,0.866029,-28,836,724,6,2,13,13,1,1,41,35,
similar,exact_name,tiziano_ae_set_hardware_param,tiziano_ae_set_hardware_param,206,184,0.893204,-22,824,736,7,7,19,19,1,1,6,8,
similar,exact_name,tiziano_dpc_params_refresh,tiziano_dpc_params_refresh,204,178,0.872549,-26,816,712,1,1,32,32,1,1,130,68,
similar,exact_name,tiziano_awb_set_hardware_param,tiziano_awb_set_hardware_param,198,190,0.959596,-8,792,760,6,6,19,18,1,1,21,23,
similar,exact_name,tisp_gib_gain_interpolation,tisp_gib_gain_interpolation,194,179,0.922680,-15,776,716,22,21,10,13,1,1,24,24,
similar,exact_name,tisp_gib_param_array_get,tisp_gib_param_array_get,193,235,1.217617,42,772,940,0,0,22,22,1,1,46,46,
similar,exact_name,tisp_awb_param_array_set,tisp_awb_param_array_set,190,187,0.984211,-3,760,748,2,3,32,31,1,0,72,72,
similar,exact_name,tiziano_awb_dump,tiziano_awb_dump,189,184,0.973545,-5,756,736,2,1,46,46,1,0,33,31,
similar,exact_name,tx_isp_ivdc_show,tx_isp_ivdc_show,185,175,0.945946,-10,740,700,4,2,25,25,1,1,88,85,
similar,exact_name,tisp_switch_bin,tisp_switch_bin,183,151,0.825137,-32,732,604,6,5,26,23,1,1,75,59,
similar,exact_name,tisp_day_or_night_s_ctrl,tisp_day_or_night_s_ctrl,180,160,0.888889,-20,720,640,5,6,23,21,1,1,75,60,
similar,exact_name,tiziano_ae_para_addr,tiziano_ae_para_addr,179,147,0.821229,-32,716,588,2,0,0,0,1,1,115,83,
similar,exact_name,tiziano_gib_deir_ir_interpolation,tiziano_gib_deir_ir_interpolation,164,143,0.871951,-21,656,572,20,13,6,6,1,1,81,75,
similar,exact_name,tisp_y_sp_uu_w_b_wei_cfg,tisp_y_sp_uu_w_b_wei_cfg,162,166,1.024691,4,648,664,0,0,12,12,1,1,11,11,
similar,exact_name,tisp_cust_mode_s_ctrl,tisp_cust_mode_s_ctrl,161,150,0.931677,-11,644,600,9,12,22,19,1,2,68,58,
similar,exact_name,ispcore_activate_module,ispcore_activate_module,160,154,0.962500,-6,640,616,23,24,12,9,2,2,28,24,
similar,exact_name,tisp_set_csc_version,tisp_set_csc_version,157,165,1.050955,8,628,660,8,10,13,11,1,1,31,28,
similar,exact_name,subsection_map,subsection_map,155,150,0.967742,-5,620,600,15,17,4,4,1,1,4,4,
similar,exact_name,tisp_dpc_intp,tisp_dpc_intp,149,124,0.832215,-25,596,496,0,0,19,19,1,1,78,78,
similar,exact_name,tiziano_defog_algorithm,tiziano_defog_algorithm,143,118,0.825175,-25,572,472,9,4,1,0,1,1,67,57,
similar,exact_name,tisp_s_antiflick,tisp_s_antiflick,140,125,0.892857,-15,560,500,7,5,14,13,1,1,38,31,
similar,exact_name,ivdc_core_interrupt_service_routine,ivdc_core_interrupt_service_routine,139,124,0.892086,-15,556,496,16,16,2,2,2,2,54,53,
similar,exact_name,tisp_ydns_param_array_get,tisp_ydns_param_array_get,137,165,1.204380,28,548,660,0,0,15,15,1,1,32,32,
similar,exact_name,tisp_af_get_attr,tisp_af_get_attr,135,127,0.940741,-8,540,508,0,0,0,0,1,1,31,12,
similar,exact_name,tisp_msca_params_update,tisp_msca_params_update,130,141,1.084615,11,520,564,4,7,11,14,0,0,25,23,
similar,exact_name,tisp_ccm_set_attr,tisp_ccm_set_attr,130,124,0.953846,-6,520,496,5,3,16,18,0,1,62,54,
similar,exact_name,tisp_event_process,tisp_event_process,129,145,1.124031,16,516,580,6,9,8,10,1,2,20,18,
similar,exact_name,tisp_gib_param_array_set,tisp_gib_param_array_set,129,130,1.007752,1,516,520,0,0,23,23,1,1,50,50,
similar,exact_name,ispcore_video_s_stream,ispcore_video_s_stream,128,104,0.812500,-24,512,416,19,13,7,6,1,1,16,14,
similar,exact_name,tisp_hldc_calc_para,tisp_hldc_calc_para,127,154,1.212598,27,508,616,5,8,1,1,1,1,2,3,
similar,exact_name,printf_func1,printf_func1,125,135,1.080000,10,500,540,12,13,10,10,1,2,37,41,
similar,exact_name,tisp_hldc_set_attr,tisp_hldc_set_attr,123,133,1.081301,10,492,532,2,4,8,8,1,2,24,16,
similar,exact_name,tisp_ccm_param_array_get,tisp_ccm_param_array_get,121,145,1.198347,24,484,580,0,0,13,13,1,1,28,28,
similar,exact_name,tisp_msca_param_array_get,tisp_msca_param_array_get,121,145,1.198347,24,484,580,0,0,13,13,1,1,28,28,
similar,exact_name,tisp_s_draw_block_attr,tisp_s_draw_block_attr,120,121,1.008333,1,480,484,4,2,0,0,1,1,2,2,
similar,exact_name,tiziano_adr_gamma_refresh,tiziano_adr_gamma_refresh,119,145,1.218487,26,476,580,9,15,3,9,1,1,20,26,
similar,exact_name,isp_subdev_init_clks,isp_subdev_init_clks,118,115,0.974576,-3,472,460,13,12,9,9,1,1,26,24,
similar,exact_name,tisp_g_ev_attr,tisp_g_ev_attr,117,112,0.957265,-5,468,448,0,0,9,9,1,1,10,10,
similar,exact_name,tisp_lsc_param_array_set,tisp_lsc_param_array_set,116,112,0.965517,-4,464,448,7,8,12,11,1,0,43,40,
similar,exact_name,tisp_ydns_intp,tisp_ydns_intp,114,94,0.824561,-20,456,376,0,0,14,14,1,1,58,58,
similar,exact_name,tisp_s_defog_str_internal,tisp_s_defog_str_internal,110,89,0.809091,-21,440,356,3,3,9,9,1,1,21,18,
similar,exact_name,fix_point_mult2,fix_point_mult2,108,126,1.166667,18,432,504,2,2,5,10,1,1,4,4,
similar,exact_name,tiziano_bcsh_init,tiziano_bcsh_init,108,106,0.981481,-2,432,424,0,1,5,3,1,0,78,88,
similar,exact_name,tisp_deinit,tisp_deinit,106,120,1.132075,14,424,480,10,10,14,14,1,1,40,39,
similar,exact_name,tisp_msca_curve_calc,tisp_msca_curve_calc,103,126,1.223301,23,412,504,5,14,10,10,1,1,34,24,
similar,exact_name,tiziano_deflicker_expt,tiziano_deflicker_expt,103,109,1.058252,6,412,436,8,4,4,4,1,1,9,6,
similar,exact_name,tisp_af_get_statistics,tisp_af_get_statistics,102,112,1.098039,10,408,448,4,4,0,0,1,1,14,16,
similar,exact_name,tisp_s_mdns_ratio,tisp_s_mdns_ratio,100,86,0.860000,-14,400,344,12,11,1,0,0,0,20,14,
similar,exact_name,tisp_set_ae1_ag,tisp_set_ae1_ag,100,87,0.870000,-13,400,348,6,6,5,5,1,1,24,21,
similar,exact_name,tiziano_ydns_params_refresh,tiziano_ydns_params_refresh,100,104,1.040000,4,400,416,0,1,15,17,1,1,62,40,
similar,exact_name,tisp_ae_algo_init,tisp_ae_algo_init,99,86,0.868687,-13,396,344,2,5,2,5,0,2,10,16,
similar,exact_name,tiziano_ccm_params_refresh,tiziano_ccm_params_refresh,97,83,0.855670,-14,388,332,1,2,14,13,1,0,59,47,
similar,replacement,tisp_sdns_sp_v2_d_w_b_ll_hl_flat_cfg,regtrace_t23_sdns_sp_v2_d_w_b_ll_hl_flat_cfg,93,87,0.935484,-6,372,348,0,1,10,9,1,0,30,31,
similar,exact_name,tisp_ydns_param_array_set,tisp_ydns_param_array_set,93,94,1.010753,1,372,376,0,1,16,16,1,0,36,38,
similar,exact_name,vic_framedone_irq_function,vic_framedone_irq_function,92,102,1.108696,10,368,408,9,11,2,2,1,2,14,18,
similar,exact_name,tiziano_defog_interrupt_static,tiziano_defog_interrupt_static,92,83,0.902174,-9,368,332,4,4,11,12,1,1,24,14,
similar,exact_name,tiziano_adr_interrupt_static,tiziano_adr_interrupt_static,92,91,0.989130,-1,368,364,4,4,11,12,1,1,24,21,
similar,exact_name,tisp_adr_wdr_en,tisp_adr_wdr_en,91,79,0.868132,-12,364,316,3,3,1,1,0,0,82,70,
similar,exact_name,tisp_mdns_top_func_cfg,tisp_mdns_top_func_cfg,90,96,1.066667,6,360,384,3,4,3,3,1,1,40,46,
similar,exact_name,JZ_Isp_Awb_Reg2par,JZ_Isp_Awb_Reg2par,90,88,0.977778,-2,360,352,3,3,0,0,1,1,0,2,
similar,exact_name,sensor_init,sensor_init,90,89,0.988889,-1,360,356,0,0,0,0,1,1,46,44,
similar,exact_name,defog_wei_interpcot,defog_wei_interpcot,89,92,1.033708,3,356,368,9,7,3,3,1,1,4,4,
similar,exact_name,tisp_msca_params_refresh,tisp_msca_params_refresh,88,78,0.886364,-10,352,312,0,0,13,13,1,1,54,42,
similar,exact_name,tisp_ccm_param_array_set,tisp_ccm_param_array_set,88,90,1.022727,2,352,360,0,0,15,15,1,1,35,35,
similar,exact_name,tisp_lsc_upside_down_lut,tisp_lsc_upside_down_lut,87,85,0.977011,-2,348,340,3,8,5,5,1,2,15,13,
similar,exact_name,tiziano_ccm_lut_parameter,tiziano_ccm_lut_parameter,86,84,0.976744,-2,344,336,8,7,5,7,1,2,7,8,
similar,exact_name,tisp_defog_img_filter5,tisp_defog_img_filter5,85,75,0.882353,-10,340,300,5,4,0,1,1,1,0,2,
similar,exact_name,tiziano_sharpen_init,tiziano_sharpen_init,85,75,0.882353,-10,340,300,2,3,2,1,1,0,70,62,
similar,exact_name,JZ_Isp_Get_Awb_Statistics,JZ_Isp_Get_Awb_Statistics,85,90,1.058824,5,340,360,5,4,0,0,1,1,14,13,
similar,exact_name,tiziano_gib_lut_parameter,tiziano_gib_lut_parameter,85,82,0.964706,-3,340,328,1,1,6,6,1,1,20,20,
similar,exact_name,tisp_dmsc_sharpness_set,tisp_dmsc_sharpness_set,84,100,1.190476,16,336,400,4,3,0,9,0,0,20,20,
similar,exact_name,tiziano_awb_init,tiziano_awb_init,82,72,0.878049,-10,328,288,5,5,6,4,1,1,31,28,
similar,exact_name,tisp_clm_param_array_get,tisp_clm_param_array_get,81,88,1.086420,7,324,352,0,0,8,8,1,1,18,18,
similar,exact_name,tx_isp_vin_probe,tx_isp_vin_probe,81,83,1.024691,2,324,332,4,4,8,8,1,1,28,26,
similar,exact_name,__frame_channel_vb2_streamoff,__frame_channel_vb2_streamoff,80,68,0.850000,-12,320,272,9,7,5,5,1,1,24,19,
similar,exact_name,tisp_s_autozoom_control,tisp_s_autozoom_control,80,69,0.862500,-11,320,276,4,4,1,1,1,1,8,8,
similar,exact_name,tisp_code_create_tuning_node,tisp_code_create_tuning_node,79,78,0.987342,-1,316,312,2,2,7,7,1,1,43,39,
similar,exact_name,tisp_msca_scaling_algorithm,tisp_msca_scaling_algorithm,78,71,0.910256,-7,312,284,1,1,3,3,0,0,15,15,
similar,exact_name,tisp_s_mscaler_mask_block_attr,tisp_s_mscaler_mask_block_attr,77,74,0.961039,-3,308,296,2,2,0,0,1,1,2,2,
similar,exact_name,tiziano_ccm_init,tiziano_ccm_init,77,74,0.961039,-3,308,296,0,1,5,4,1,0,44,50,
similar,exact_name,tisp_s_aeroi_weight,tisp_s_aeroi_weight,77,76,0.987013,-1,308,304,1,4,9,7,1,2,18,17,
similar,exact_name,ispvic_frame_channel_qbuf,ispvic_frame_channel_qbuf,76,67,0.881579,-9,304,268,7,7,5,3,1,1,12,10,
similar,exact_name,tiziano_lsc_params_refresh,tiziano_lsc_params_refresh,76,67,0.881579,-9,304,268,0,0,11,11,1,1,46,28,
similar,exact_name,tx_isp_csi_slake_subdev,tx_isp_csi_slake_subdev,76,70,0.921053,-6,304,280,12,11,5,5,2,2,10,10,
similar,exact_name,subdev_sensor_ops_release_all_sensor,subdev_sensor_ops_release_all_sensor,76,72,0.947368,-4,304,288,8,8,4,3,2,2,15,20,
similar,exact_name,ivdc_core_ops_init,ivdc_core_ops_init,75,63,0.840000,-12,300,252,13,9,2,2,1,1,13,11,
similar,exact_name,tisp_csccr_sync_api_para,tisp_csccr_sync_api_para,75,74,0.986667,-1,300,296,4,4,0,0,1,1,10,9,
similar,replacement,tisp_sdns_h_mv_cfg,regtrace_t23_sdns_h_mv_cfg,74,70,0.945946,-4,296,280,0,1,4,3,1,0,34,34,
similar,replacement,tisp_sdns_h_s_cfg,regtrace_t23_sdns_h_s_cfg,74,70,0.945946,-4,296,280,0,1,4,3,1,0,34,34,
similar,exact_name,tx_isp_request_irq,tx_isp_request_irq,74,73,0.986486,-1,296,292,7,8,6,5,1,1,26,26,
similar,exact_name,tiziano_adr_get_data,tiziano_adr_get_data,73,66,0.904110,-7,292,264,3,4,0,0,1,1,6,6,
similar,exact_name,ispcore_frame_channel_streamoff,ispcore_frame_channel_streamoff,73,72,0.986301,-1,292,288,8,9,5,5,1,1,6,6,
similar,exact_name,JZ_Isp_Ae_Reg2par,JZ_Isp_Ae_Reg2par,70,73,1.042857,3,280,292,3,3,0,0,1,1,0,2,
similar,exact_name,tisp_ydns_param_cfg,tisp_ydns_param_cfg,70,68,0.971429,-2,280,272,0,0,4,4,1,1,32,32,
similar,exact_name,JZ_Isp_Awb_Awbg2reg,JZ_Isp_Awb_Awbg2reg,69,58,0.840580,-11,276,232,9,5,0,0,1,1,22,15,
similar,exact_name,tisp_ae_tune,tisp_ae_tune,69,68,0.985507,-1,276,272,0,1,4,4,1,1,4,4,
similar,exact_name,tiziano_af_init,tiziano_af_init,68,62,0.911765,-6,272,248,0,0,5,4,1,1,29,23,
similar,exact_name,apical_isp_sensor_hvflip_update,apical_isp_sensor_hvflip_update,67,54,0.805970,-13,268,216,9,3,3,3,1,1,14,10,
similar,exact_name,tisp_set_sensor_integration_time,tisp_set_sensor_integration_time,67,58,0.865672,-9,268,232,3,3,6,5,1,1,17,13,
similar,exact_name,tisp_sharpen_wdr_en,tisp_sharpen_wdr_en,67,59,0.880597,-8,268,236,2,2,0,0,1,1,64,56,
similar,exact_name,tisp_hldc_con_par_cfg,tisp_hldc_con_par_cfg,67,63,0.940299,-4,268,252,0,0,11,11,1,1,5,5,
similar,exact_name,tisp_set_sensor_integration_time_short,tisp_set_sensor_integration_time_short,66,56,0.848485,-10,264,224,3,4,6,6,1,1,13,12,
similar,exact_name,tisp_log2_int_to_fixed,tisp_log2_int_to_fixed,65,63,0.969231,-2,260,252,14,13,0,0,1,1,0,0,
similar,exact_name,tisp_s_ccm_attr,tisp_s_ccm_attr,64,55,0.859375,-9,256,220,4,5,7,5,1,2,13,10,
similar,exact_name,tx_isp_video_s_stream,tx_isp_video_s_stream,64,62,0.968750,-2,256,248,12,12,2,2,1,1,0,0,
similar,exact_name,tisp_clm_param_array_set,tisp_clm_param_array_set,63,66,1.047619,3,252,264,0,0,10,10,1,1,24,24,
similar,exact_name,tx_isp_release,tx_isp_release,63,62,0.984127,-1,252,248,14,14,2,2,1,1,2,2,
similar,exact_name,fs_slake_module,fs_slake_module,62,50,0.806452,-12,248,200,6,6,2,1,2,2,4,0,
similar,exact_name,tisp_msca_init,tisp_msca_init,62,57,0.919355,-5,248,228,0,0,8,8,1,1,19,16,
similar,exact_name,tisp_af_process_impl,tisp_af_process_impl,62,60,0.967742,-2,248,240,2,1,1,1,1,1,30,27,
similar,exact_name,tisp_sin,tisp_sin,61,52,0.852459,-9,244,208,4,6,1,0,1,2,4,2,
similar,exact_name,tisp_set_ae_freeze,tisp_set_ae_freeze,61,53,0.868852,-8,244,212,7,4,4,4,1,1,12,12,
similar,exact_name,tx_isp_csi_activate_subdev,tx_isp_csi_activate_subdev,61,55,0.901639,-6,244,220,10,7,3,3,2,2,8,6,
similar,exact_name,tisp_ae_wdr_en,tisp_ae_wdr_en,61,63,1.032787,2,244,252,0,1,5,4,1,0,25,26,
similar,exact_name,subsection_up,subsection_up,61,60,0.983607,-1,244,240,9,11,0,0,1,1,0,0,
similar,exact_name,tisp_ae0_get_statistics,tisp_ae0_get_statistics,61,62,1.016393,1,244,248,4,4,0,0,1,1,2,2,
similar,exact_name,tisp_long_ev_update,tisp_long_ev_update,60,56,0.933333,-4,240,224,4,3,6,4,1,1,19,16,
similar,exact_name,__vb2_queue_free,__vb2_queue_free,59,53,0.898305,-6,236,212,2,2,4,3,1,1,8,6,
similar,exact_name,tisp_msca_ch_curve_write_ctrl,tisp_msca_ch_curve_write_ctrl,58,66,1.137931,8,232,264,2,5,8,8,1,1,12,14,
similar,exact_name,tisp_clm_sort_ct_list,tisp_clm_sort_ct_list,58,53,0.913793,-5,232,212,13,11,0,0,1,1,0,2,
similar,exact_name,ivdc_activate_module,ivdc_activate_module,58,56,0.965517,-2,232,224,8,7,3,3,1,2,6,6,
similar,exact_name,tisp_msca_api_set_mirr_flip,tisp_msca_api_set_mirr_flip,57,49,0.859649,-8,228,196,0,0,3,3,1,1,6,4,
similar,exact_name,find_subdev_link_pad,find_subdev_link_pad,56,65,1.160714,9,224,260,12,11,1,1,1,3,6,4,
similar,exact_name,tisp_bcsh_sort_ct_list,tisp_bcsh_sort_ct_list,56,52,0.928571,-4,224,208,8,8,0,0,1,1,0,0,
similar,exact_name,tisp_ccm_sort_ct_list,tisp_ccm_sort_ct_list,56,59,1.053571,3,224,236,8,9,0,0,1,1,0,2,
similar,exact_name,tisp_s_defog_enable,tisp_s_defog_enable,55,47,0.854545,-8,220,188,5,5,5,4,1,1,15,16,
similar,exact_name,tisp_csccr_param_array_set,tisp_csccr_param_array_set,55,48,0.872727,-7,220,192,0,0,4,3,1,0,14,12,
similar,exact_name,tisp_ct_update,tisp_ct_update,55,56,1.018182,1,220,224,4,5,5,4,1,1,10,10,
similar,exact_name,isp_core_tuning_init,isp_core_tuning_init,54,50,0.925926,-4,216,200,2,2,5,4,1,1,20,16,
similar,exact_name,tisp_y_sp_uu_cfg,tisp_y_sp_uu_cfg,54,50,0.925926,-4,216,200,0,0,3,3,1,1,19,19,
similar,exact_name,tisp_y_sp_v1_v2_coef_cfg,tisp_y_sp_v1_v2_coef_cfg,54,50,0.925926,-4,216,200,0,0,3,3,1,1,7,7,
similar,exact_name,tisp_ae1_get_statistics,tisp_ae1_get_statistics,54,52,0.962963,-2,216,208,4,4,0,0,1,1,2,2,
similar,exact_name,tisp_g_draw_block_attr,tisp_g_draw_block_attr,54,56,1.037037,2,216,224,4,5,0,0,1,1,2,2,
similar,exact_name,__fill_v4l2_buffer,__fill_v4l2_buffer,54,53,0.981481,-1,216,212,8,8,1,1,1,1,2,2,
similar,replacement,tisp_sdns_sp_uu_cfg,regtrace_t23_sdns_sp_uu_cfg,53,47,0.886792,-6,212,188,0,1,4,3,1,0,16,16,
similar,exact_name,isp_i2c_new_subdev_board,isp_i2c_new_subdev_board,52,58,1.115385,6,208,232,5,7,6,6,1,1,14,14,
similar,replacement,tisp_sdns_sp_ud_b_limit_srd_ll_hl_flat_cfg,regtrace_t23_sdns_sp_ud_b_limit_srd_ll_hl_flat_cfg,51,45,0.882353,-6,204,180,0,1,4,3,1,0,12,12,
similar,exact_name,tisp_dpc_cor_par_cfg,tisp_dpc_cor_par_cfg,51,47,0.921569,-4,204,188,0,0,3,3,1,1,7,7,
similar,exact_name,tiziano_dpc_init,tiziano_dpc_init,50,46,0.920000,-4,200,184,2,1,2,8,1,1,35,16,
similar,exact_name,vic_core_ops_ioctl,vic_core_ops_ioctl,50,46,0.920000,-4,200,184,13,13,2,2,1,1,2,2,
similar,exact_name,isp_core_debug_show,isp_core_debug_show,50,52,1.040000,2,200,208,5,3,2,2,1,1,21,15,
similar,exact_name,tisp_g_osd_block_attr,tisp_g_osd_block_attr,50,48,0.960000,-2,200,192,2,2,1,1,1,1,4,4,
similar,exact_name,tisp_g_ccm_attr,tisp_g_ccm_attr,49,40,0.816327,-9,196,160,5,5,5,3,1,1,8,4,
similar,exact_name,tx_isp_open,tx_isp_open,49,54,1.102041,5,196,216,9,11,1,1,2,2,0,0,
similar,exact_name,tisp_ctr_par_cfg,tisp_ctr_par_cfg,48,44,0.916667,-4,192,176,0,0,4,4,1,1,13,13,
similar,exact_name,subsection_light,subsection_light,47,38,0.808511,-9,188,152,4,3,0,0,1,1,0,0,
similar,exact_name,tisp_s_adr_enable,tisp_s_adr_enable,47,42,0.893617,-5,188,168,4,3,4,4,1,1,13,13,
similar,exact_name,ae0_interrupt_static,ae0_interrupt_static,47,46,0.978723,-1,188,184,1,1,3,3,1,1,16,15,
similar,exact_name,isp_mem_init,isp_mem_init,46,40,0.869565,-6,184,160,0,0,4,3,1,1,21,18,
similar,exact_name,tisp_long_tgain_update,tisp_long_tgain_update,46,43,0.934783,-3,184,172,0,0,8,8,1,1,16,16,
similar,exact_name,tiziano_defog_get_data,tiziano_defog_get_data,46,49,1.065217,3,184,196,1,1,0,0,1,1,8,10,
similar,exact_name,tx_isp_init,tx_isp_init,45,42,0.933333,-3,180,168,5,3,5,5,1,1,19,19,
similar,exact_name,ae1_weight_mean2,ae1_weight_mean2,45,46,1.022222,1,180,184,4,4,0,0,1,1,0,0,
similar,exact_name,tisp_api_mdns_share_mem_en,tisp_api_mdns_share_mem_en,44,36,0.818182,-8,176,144,3,3,7,7,0,0,8,8,
similar,exact_name,tisp_comn_param_array_set,tisp_comn_param_array_set,44,37,0.840909,-7,176,148,3,1,4,4,1,1,11,12,
similar,exact_name,tisp_y_sp_fl_thres_cfg,tisp_y_sp_fl_thres_cfg,44,40,0.909091,-4,176,160,0,0,3,3,1,1,17,17,
similar,exact_name,private_log2_int_to_fixed,private_log2_int_to_fixed,44,47,1.068182,3,176,188,8,7,1,1,2,2,2,2,
similar,exact_name,awb_interrupt_static,awb_interrupt_static,43,52,1.209302,9,172,208,0,0,5,6,1,1,12,16,
similar,exact_name,tisp_set_frame_drop,tisp_set_frame_drop,43,39,0.906977,-4,172,156,4,4,4,4,1,1,8,10,
similar,replacement,tisp_sdns_sp_ud_v2_v1_coef_w_wei_opt_cfg,regtrace_t23_sdns_sp_ud_v2_v1_coef_w_wei_opt_cfg,42,36,0.857143,-6,168,144,0,1,2,1,1,0,7,7,
similar,exact_name,AePweightCalculate,AePweightCalculate,42,39,0.928571,-3,168,156,2,2,3,3,1,1,6,6,
similar,exact_name,tisp_ae_mean_update,tisp_ae_mean_update,42,45,1.071429,3,168,180,4,4,0,0,1,1,10,10,
similar,exact_name,tisp_y_sp_uu_fl_sl_cfg,tisp_y_sp_uu_fl_sl_cfg,42,40,0.952381,-2,168,160,0,0,2,2,1,1,18,18,
similar,exact_name,tisp_y_sp_w_b_sl_cfg,tisp_y_sp_w_b_sl_cfg,42,40,0.952381,-2,168,160,0,0,4,4,1,1,18,18,
similar,exact_name,ispvic_frame_channel_clearbuf,ispvic_frame_channel_clearbuf,42,41,0.976190,-1,168,164,4,3,2,2,1,2,4,4,
similar,exact_name,tisp_y_sp_w_b_ll_cfg,tisp_y_sp_w_b_ll_cfg,41,37,0.902439,-4,164,148,0,0,3,3,1,1,5,5,
similar,exact_name,tisp_s_aezone_weight,tisp_s_aezone_weight,41,39,0.951220,-2,164,156,0,4,5,3,1,1,12,12,
similar,exact_name,tisp_s_af_weight,tisp_s_af_weight,41,39,0.951220,-2,164,156,0,0,4,4,1,1,10,10,
similar,exact_name,ISPAWBInterpolation2,ISPAWBInterpolation2,40,32,0.800000,-8,160,128,2,2,4,4,1,1,4,4,
similar,exact_name,tisp_mdns_get_malloc_cfg,tisp_mdns_get_malloc_cfg,40,43,1.075000,3,160,172,1,2,0,0,1,1,2,2,
similar,exact_name,isp_core_tuning_event,isp_core_tuning_event,40,41,1.025000,1,160,164,7,8,2,2,2,1,4,4,
similar,exact_name,isp_tlib_api_s_awb_zone_weight,isp_tlib_api_s_awb_zone_weight,40,41,1.025000,1,160,164,1,1,4,4,2,2,10,10,
similar,exact_name,ispcore_sensor_ops_release_all_sensor,ispcore_sensor_ops_release_all_sensor,40,39,0.975000,-1,160,156,8,8,1,1,1,1,0,0,
similar,exact_name,tisp_bcsh_ct_update,tisp_bcsh_ct_update,39,32,0.820513,-7,156,128,2,3,1,1,1,1,11,10,
similar,exact_name,private_leading_one_position_64,private_leading_one_position_64,39,33,0.846154,-6,156,132,7,6,0,0,1,2,0,0,
similar,replacement,tisp_sdns_grad_thres_opt_cfg,regtrace_t23_sdns_grad_thres_opt_cfg,39,33,0.846154,-6,156,132,0,1,3,2,1,0,13,13,
similar,exact_name,tisp_bcsh_ev_update,tisp_bcsh_ev_update,39,34,0.871795,-5,156,136,2,3,1,1,1,1,11,10,
similar,exact_name,tisp_awb_set_cluster_awb_params,tisp_awb_set_cluster_awb_params,38,47,1.236842,9,152,188,2,1,1,2,1,1,10,10,
similar,exact_name,af_interrupt_static,af_interrupt_static,38,42,1.105263,4,152,168,0,0,4,4,1,1,12,15,
similar,exact_name,fix_point_div_32,fix_point_div_32,38,34,0.894737,-4,152,136,6,4,1,1,1,1,3,2,
similar,exact_name,tisp_round_int64,tisp_round_int64,38,42,1.105263,4,152,168,1,1,2,4,1,1,2,2,
similar,exact_name,ae1_interrupt_hist,ae1_interrupt_hist,38,35,0.921053,-3,152,140,0,0,4,4,1,1,10,10,
similar,exact_name,ivdc_enable_irq,ivdc_enable_irq,37,33,0.891892,-4,148,132,1,1,3,3,1,1,4,6,
similar,exact_name,tisp_dmsc_par_refresh,tisp_dmsc_par_refresh,37,41,1.108108,4,148,164,4,6,2,3,1,1,10,10,
similar,exact_name,tisp_s_module_control,tisp_s_module_control,37,34,0.918919,-3,148,136,1,0,3,3,1,1,6,6,
similar,exact_name,tx_isp_remove,tx_isp_remove,37,34,0.918919,-3,148,136,0,0,6,6,1,1,12,12,
similar,exact_name,tx_isp_vic_activate_subdev,tx_isp_vic_activate_subdev,37,34,0.918919,-3,148,136,5,4,2,2,2,2,5,4,
similar,exact_name,tisp_s_Gamma,tisp_s_Gamma,37,35,0.945946,-2,148,140,0,0,4,4,1,1,10,10,
similar,exact_name,tiziano_adr_5x5_param_distance,tiziano_adr_5x5_param_distance,37,39,1.054054,2,148,156,6,6,0,0,2,2,0,0,
similar,exact_name,tisp_dpc_par_refresh,tisp_dpc_par_refresh,37,38,1.027027,1,148,152,4,5,2,3,1,1,10,10,
similar,exact_name,tisp_sdns_par_refresh,tisp_sdns_par_refresh,37,36,0.972973,-1,148,144,4,5,2,2,1,1,10,10,
similar,exact_name,tisp_sharpen_par_refresh,tisp_sharpen_par_refresh,37,38,1.027027,1,148,152,4,5,2,3,1,1,10,10,
similar,exact_name,ae1_interrupt_static,ae1_interrupt_static,36,33,0.916667,-3,144,132,0,0,3,3,1,1,10,10,
similar,exact_name,tiziano_bcsh_Toffset_RGB2YUV,tiziano_bcsh_Toffset_RGB2YUV,36,33,0.916667,-3,144,132,0,0,1,1,1,1,4,4,
similar,exact_name,isp_subdev_release_clks,isp_subdev_release_clks,36,34,0.944444,-2,144,136,3,3,2,2,1,1,4,4,
similar,exact_name,tiziano_awb_set_lum_th_freq,tiziano_awb_set_lum_th_freq,36,35,0.972222,-1,144,140,0,0,2,2,1,1,6,6,
similar,exact_name,tisp_mdns_par_refresh,tisp_mdns_par_refresh,35,38,1.085714,3,140,152,3,4,4,4,1,1,13,13,
similar,exact_name,tisp_hldc_quadratic_func,tisp_hldc_quadratic_func,35,37,1.057143,2,140,148,0,0,0,0,1,1,0,0,
similar,exact_name,tisp_mdns_all_reg_refresh,tisp_mdns_all_reg_refresh,35,33,0.942857,-2,140,132,0,1,7,6,1,0,14,14,
similar,exact_name,tiziano_s_wb_algo,tiziano_s_wb_algo,34,28,0.823529,-6,136,112,7,4,2,1,1,1,13,12,
similar,replacement,tisp_sdns_mv_seg_number_num_thres_cfg,regtrace_t23_sdns_mv_seg_number_num_thres_cfg,34,30,0.882353,-4,136,120,0,1,2,1,1,0,12,12,
similar,exact_name,tisp_awb_set_ct_trend,tisp_awb_set_ct_trend,34,31,0.911765,-3,136,124,2,2,1,1,1,1,12,11,
similar,exact_name,private_get_driver_interface,private_get_driver_interface,34,33,0.970588,-1,136,132,4,4,2,2,2,2,9,9,
similar,exact_name,tisp_hldc_para_validity_judge,tisp_hldc_para_validity_judge,33,28,0.848485,-5,132,112,4,4,0,0,1,1,0,0,
similar,exact_name,tisp_awb_algo_handle,tisp_awb_algo_handle,33,29,0.878788,-4,132,116,3,2,1,1,1,2,2,2,
similar,exact_name,tisp_set_sensor_digital_gain_short,tisp_set_sensor_digital_gain_short,33,31,0.939394,-2,132,124,0,0,4,4,1,1,6,8,
similar,exact_name,isp_core_tunning_release,isp_core_tunning_release,33,34,1.030303,1,132,136,2,2,2,2,1,1,8,8,
similar,exact_name,tisp_gamma_param_array_get,tisp_gamma_param_array_get,33,32,0.969697,-1,132,128,0,2,2,2,1,2,6,6,
similar,exact_name,tisp_reg_map_get,tisp_reg_map_get,33,34,1.030303,1,132,136,0,0,3,3,1,1,4,4,
similar,exact_name,tisp_set_sensor_analog_gain,tisp_set_sensor_analog_gain,33,32,0.969697,-1,132,128,0,0,4,4,1,1,6,6,
similar,exact_name,tisp_top_param_array_get,tisp_top_param_array_get,33,32,0.969697,-1,132,128,1,1,2,2,1,1,4,4,
similar,exact_name,tisp_dpc_wdr_en,tisp_dpc_wdr_en,32,28,0.875000,-4,128,112,2,2,0,0,1,1,29,24,
similar,exact_name,private_leading_one_position,private_leading_one_position,31,27,0.870968,-4,124,108,5,5,0,0,1,1,0,0,
similar,exact_name,exception_handle,exception_handle,31,28,0.903226,-3,124,112,2,2,6,6,0,0,4,4,
similar,exact_name,ivdc_disable_irq,ivdc_disable_irq,31,28,0.903226,-3,124,112,1,1,3,3,1,1,4,6,
similar,exact_name,tisp_g_module_control,tisp_g_module_control,31,32,1.032258,1,124,128,1,2,2,2,1,1,4,4,
similar,exact_name,tisp_sharpen_intp_reg_refresh,tisp_sharpen_intp_reg_refresh,30,25,0.833333,-5,120,100,0,1,6,5,1,0,12,12,
similar,exact_name,tisp_msca_deinit,tisp_msca_deinit,30,34,1.133333,4,120,136,3,3,3,3,1,1,10,13,
similar,exact_name,tisp_lsc_judge_gain_update_flag,tisp_lsc_judge_gain_update_flag,30,27,0.900000,-3,120,108,3,2,1,1,2,2,13,6,
similar,exact_name,csi_set_on_lanes,csi_set_on_lanes,29,27,0.931034,-2,116,108,0,0,1,1,1,1,6,6,
similar,exact_name,fix_point_mult3,fix_point_mult3,29,27,0.931034,-2,116,108,1,1,1,1,0,0,2,2,
similar,exact_name,fix_point_mult3_64,fix_point_mult3_64,29,28,0.965517,-1,116,112,1,1,1,1,0,0,2,2,
similar,exact_name,tisp_reg_map_set,tisp_reg_map_set,29,28,0.965517,-1,116,112,0,0,3,3,1,1,4,4,
similar,exact_name,tiziano_mdns_dn_params_refresh,tiziano_mdns_dn_params_refresh,28,24,0.857143,-4,112,96,0,1,4,3,1,0,12,10,
similar,exact_name,video_input_cmd_show,video_input_cmd_show,28,29,1.035714,1,112,116,4,4,2,2,1,2,8,10,
similar,exact_name,isp_tlib_api_g_awb_zone_weight,isp_tlib_api_g_awb_zone_weight,27,22,0.814815,-5,108,88,2,1,2,2,1,2,8,6,
similar,exact_name,tisp_set_awb_info,tisp_set_awb_info,27,22,0.814815,-5,108,88,0,0,2,2,1,1,4,4,
similar,exact_name,tisp_simple_intp,tisp_simple_intp,27,25,0.925926,-2,108,100,4,4,0,0,2,2,0,0,
similar,exact_name,tisp_dpc_intp_reg_refresh,tisp_dpc_intp_reg_refresh,26,21,0.807692,-5,104,84,0,1,5,4,1,0,10,10,
similar,exact_name,tisp_s_ae_at_list,tisp_s_ae_at_list,26,21,0.807692,-5,104,84,2,1,1,1,1,1,2,2,
similar,exact_name,tisp_s_af_attr,tisp_s_af_attr,26,21,0.807692,-5,104,84,2,1,1,1,1,1,2,2,
similar,replacement,tisp_sdns_h_line_cfg,regtrace_t23_sdns_h_line_cfg,26,22,0.846154,-4,104,88,0,1,4,3,1,0,2,2,
similar,replacement,tisp_sdns_sp_ud_b_stren_cfg,regtrace_t23_sdns_sp_ud_b_stren_cfg,26,22,0.846154,-4,104,88,0,1,2,1,1,0,10,10,
similar,replacement,tisp_sdns_sp_ud_w_stren_cfg,regtrace_t23_sdns_sp_ud_w_stren_cfg,26,22,0.846154,-4,104,88,0,1,2,1,1,0,10,10,
similar,exact_name,ivdc_core_ops_ioctl,ivdc_core_ops_ioctl,25,24,0.960000,-1,100,96,5,4,1,1,2,2,0,2,
similar,exact_name,tiziano_gamma_init,tiziano_gamma_init,24,21,0.875000,-3,96,84,2,3,2,1,1,0,12,12,
similar,exact_name,tisp_bcsh_s_hue,tisp_bcsh_s_hue,24,22,0.916667,-2,96,88,0,2,1,0,1,1,6,8,
similar,exact_name,system_reg_write_af,system_reg_write_af,23,19,0.826087,-4,92,76,2,3,1,1,0,0,2,2,
similar,exact_name,system_reg_write_clm,system_reg_write_clm,23,19,0.826087,-4,92,76,2,3,1,1,0,0,2,2,
similar,exact_name,system_reg_write_gib,system_reg_write_gib,23,19,0.826087,-4,92,76,2,3,1,1,0,0,2,2,
similar,exact_name,defog_itp,defog_itp,23,20,0.869565,-3,92,80,1,1,0,0,2,2,0,0,
similar,exact_name,tiziano_gib_deir_interpolate,tiziano_gib_deir_interpolate,23,25,1.086957,2,92,100,1,1,0,0,1,1,0,0,
similar,exact_name,sensor_alloc_integration_time_short,sensor_alloc_integration_time_short,23,22,0.956522,-1,92,88,2,2,1,1,1,1,2,2,
similar,exact_name,tiziano_gamma_params_refresh,tiziano_gamma_params_refresh,22,27,1.227273,5,88,108,0,1,2,1,1,1,10,9,
similar,exact_name,isp_core_tunning_open,isp_core_tunning_open,22,24,1.090909,2,88,96,1,1,1,1,1,1,2,4,
similar,exact_name,sensor_alloc_integration_time,sensor_alloc_integration_time,22,23,1.045455,1,88,92,2,2,1,1,1,1,2,2,
similar,exact_name,tisp_s_osd_attr,tisp_s_osd_attr,22,21,0.954545,-1,88,84,2,2,0,0,1,1,4,4,
similar,exact_name,tiziano_clm_init,tiziano_clm_init,21,25,1.190476,4,84,100,0,1,3,3,1,1,8,8,
similar,exact_name,tiziano_af_dn_params_refresh,tiziano_af_dn_params_refresh,21,24,1.142857,3,84,96,2,1,2,3,0,1,10,8,
similar,exact_name,lib_tisp_debug_info,lib_tisp_debug_info,21,19,0.904762,-2,84,76,1,1,1,1,0,0,8,8,
similar,exact_name,sensor_fps_control,sensor_fps_control,21,20,0.952381,-1,84,80,0,0,0,0,1,1,2,0,
similar,exact_name,tisp_code_tuning_release,tisp_code_tuning_release,21,20,0.952381,-1,84,80,0,0,2,2,1,1,10,10,
similar,exact_name,tisp_get_awb_info,tisp_get_awb_info,21,22,1.047619,1,84,88,0,0,2,2,1,1,4,4,
similar,exact_name,tisp_process_init,tisp_process_init,21,20,0.952381,-1,84,80,1,2,2,1,1,1,8,6,
similar,exact_name,tisp_hldc_param_array_set,tisp_hldc_param_array_set,20,24,1.200000,4,80,96,0,1,3,3,1,2,8,8,
similar,exact_name,isp_tunning_poll,isp_tunning_poll,20,17,0.850000,-3,80,68,2,2,1,1,2,2,7,2,
similar,exact_name,private_request_module,private_request_module,20,17,0.850000,-3,80,68,0,2,1,1,1,1,4,4,
similar,exact_name,tisp_ae_deinit,tisp_ae_deinit,20,23,1.150000,3,80,92,2,2,1,1,1,1,8,4,
similar,exact_name,tiziano_ydns_dn_params_refresh,tiziano_ydns_dn_params_refresh,20,21,1.050000,1,80,84,0,1,2,2,1,0,8,10,
similar,exact_name,tisp_ipc_triger,tisp_ipc_triger,19,16,0.842105,-3,76,64,1,2,1,1,0,0,2,2,
similar,exact_name,tiziano_awb_dn_params_refresh,tiziano_awb_dn_params_refresh,19,16,0.842105,-3,76,64,0,1,2,1,1,0,8,8,
similar,exact_name,isp_frame_done_wakeup,isp_frame_done_wakeup,19,17,0.894737,-2,76,68,1,1,0,0,0,0,11,8,
similar,exact_name,tisp_awb_get_cluster_awb_params,tisp_awb_get_cluster_awb_params,19,17,0.894737,-2,76,68,1,1,0,1,1,2,4,4,
similar,exact_name,tisp_hldc_par_refresh,tisp_hldc_par_refresh,19,17,0.894737,-2,76,68,1,1,2,2,1,1,4,4,
similar,exact_name,sensor_alloc_analog_gain,sensor_alloc_analog_gain,18,15,0.833333,-3,72,60,0,0,1,1,1,1,2,0,
similar,exact_name,sensor_alloc_digital_gain,sensor_alloc_digital_gain,18,16,0.888889,-2,72,64,0,0,1,1,1,1,2,0,
similar,exact_name,private_log2_fixed_to_fixed_64,private_log2_fixed_to_fixed_64,18,17,0.944444,-1,72,68,0,0,1,1,1,1,2,2,
similar,exact_name,sensor_alloc_analog_gain_short,sensor_alloc_analog_gain_short,18,17,0.944444,-1,72,68,0,0,1,1,1,1,2,0,
similar,exact_name,sensor_set_analog_gain,sensor_set_analog_gain,18,17,0.944444,-1,72,68,1,1,0,0,1,1,2,0,
similar,exact_name,tisp_log2_fixed_to_fixed_64,tisp_log2_fixed_to_fixed_64,18,17,0.944444,-1,72,68,0,0,1,1,1,1,2,2,
similar,exact_name,tiziano_ccm_dn_params_refresh,tiziano_ccm_dn_params_refresh,17,14,0.823529,-3,68,56,0,1,2,1,1,0,6,6,
similar,exact_name,fix_point_mult2_32,fix_point_mult2_32,17,19,1.117647,2,68,76,0,0,0,0,1,1,0,0,
similar,exact_name,tiziano_lsc_dn_params_refresh,tiziano_lsc_dn_params_refresh,17,19,1.117647,2,68,76,0,0,1,1,1,1,8,10,
similar,exact_name,tisp_api_ae_flick_t_set,tisp_api_ae_flick_t_set,17,18,1.058824,1,68,72,0,0,1,1,1,1,6,6,
similar,exact_name,tisp_api_af_weight_get,tisp_api_af_weight_get,17,18,1.058824,1,68,72,0,0,1,1,1,1,4,4,
similar,exact_name,tisp_ipc_frame_done_interrupt_static,tisp_ipc_frame_done_interrupt_static,17,18,1.058824,1,68,72,1,2,2,1,1,1,4,4,
similar,exact_name,vic_pipo_mdma_enable,vic_pipo_mdma_enable,17,16,0.941176,-1,68,64,0,0,0,0,1,1,0,0,
similar,exact_name,tiziano_dmsc_dn_params_refresh,tiziano_dmsc_dn_params_refresh,16,13,0.812500,-3,64,52,0,1,2,1,1,0,6,6,
similar,exact_name,tiziano_gib_dn_params_refresh,tiziano_gib_dn_params_refresh,16,13,0.812500,-3,64,52,0,1,2,1,1,0,6,6,
similar,exact_name,tiziano_sdns_dn_params_refresh,tiziano_sdns_dn_params_refresh,16,13,0.812500,-3,64,52,0,1,2,1,1,0,6,6,
similar,exact_name,tiziano_sharpen_dn_params_refresh,tiziano_sharpen_dn_params_refresh,16,13,0.812500,-3,64,52,0,1,2,1,1,0,6,6,
similar,exact_name,tisp_ae1_get_hist,tisp_ae1_get_hist,16,18,1.125000,2,64,72,1,1,0,0,1,1,2,4,
similar,exact_name,tisp_ae_set_hist_custome,tisp_ae_set_hist_custome,16,14,0.875000,-2,64,56,0,0,1,1,1,1,4,4,
similar,exact_name,tisp_ae_get_converge_step,tisp_ae_get_converge_step,15,17,1.133333,2,60,68,0,0,0,0,1,1,4,4,
similar,exact_name,tisp_msca_api_get_fcrop,tisp_msca_api_get_fcrop,15,13,0.866667,-2,60,52,0,0,0,0,1,1,4,2,
similar,exact_name,tisp_g_ncuinfo,tisp_g_ncuinfo,15,16,1.066667,1,60,64,1,1,1,1,2,2,4,4,
similar,exact_name,tisp_lsc_deinit,tisp_lsc_deinit,15,14,0.933333,-1,60,56,0,0,1,1,1,1,5,5,
similar,exact_name,tx_isp_exit,tx_isp_exit,14,16,1.142857,2,56,64,1,0,1,2,0,1,8,8,
similar,exact_name,tisp_top_sel,tisp_top_sel,14,13,0.928571,-1,56,52,1,1,1,1,0,0,4,4,
similar,exact_name,sensor_set_integration_time_short,sensor_set_integration_time_short,13,11,0.846154,-2,52,44,1,1,0,0,1,1,2,0,
similar,exact_name,sensor_set_analog_gain_short,sensor_set_analog_gain_short,12,10,0.833333,-2,48,40,1,1,0,0,1,1,2,0,
similar,exact_name,sensor_set_digital_gain,sensor_set_digital_gain,12,10,0.833333,-2,48,40,1,1,0,0,1,1,2,0,
similar,exact_name,tisp_s_scaler_level_control,tisp_s_scaler_level_control,12,10,0.833333,-2,48,40,0,0,1,1,1,1,2,2,
similar,exact_name,tisp_api_gamma_param_set,tisp_api_gamma_param_set,12,13,1.083333,1,48,52,0,0,1,1,1,1,4,4,
similar,exact_name,tisp_bcsh_s_rgb_coefft,tisp_bcsh_s_rgb_coefft,12,11,0.916667,-1,48,44,1,1,0,0,0,0,5,4,
similar,exact_name,tisp_gamma_wdr_en,tisp_gamma_wdr_en,12,13,1.083333,1,48,52,2,2,0,0,1,1,8,8,
similar,exact_name,check_state,check_state,11,13,1.181818,2,44,52,2,2,0,0,1,2,0,0,
similar,exact_name,check_vic_error,check_vic_error,11,13,1.181818,2,44,52,1,1,1,1,0,0,5,4,
similar,exact_name,fix_point_mult3_32,fix_point_mult3_32,11,12,1.090909,1,44,48,1,1,1,1,0,0,2,2,
similar,exact_name,tisp_ae_g_at_list,tisp_ae_g_at_list,10,12,1.200000,2,40,48,1,1,0,0,1,1,2,2,
similar,exact_name,tisp_ae_g_min,tisp_ae_g_min,10,8,0.800000,-2,40,32,0,0,0,0,1,1,2,2,
similar,exact_name,sensor_early_init,sensor_early_init,9,10,1.111111,1,36,40,2,2,0,0,1,1,3,3,
similar,exact_name,tisp_awb_deinit,tisp_awb_deinit,7,8,1.142857,1,28,32,1,1,0,0,1,1,3,3,
similar,exact_name,tisp_s_fcrop_control,tisp_s_fcrop_control,7,6,0.857143,-1,28,24,1,1,0,0,0,0,2,4,
similar,exact_name,private_capable,private_capable,5,4,0.800000,-1,20,16,1,1,0,0,0,0,2,2,
similar,exact_name,private_clk_disable,private_clk_disable,5,4,0.800000,-1,20,16,1,1,0,0,0,0,2,2,
similar,exact_name,private_clk_enable,private_clk_enable,5,4,0.800000,-1,20,16,1,1,0,0,0,0,2,2,
similar,exact_name,private_clk_get,private_clk_get,5,4,0.800000,-1,20,16,1,1,0,0,0,0,2,2,
similar,exact_name,private_clk_put,private_clk_put,5,4,0.800000,-1,20,16,1,1,0,0,0,0,2,2,
similar,exact_name,private_clk_set_rate,private_clk_set_rate,5,4,0.800000,-1,20,16,1,1,0,0,0,0,2,2,
similar,exact_name,private_disable_irq,private_disable_irq,5,4,0.800000,-1,20,16,1,1,0,0,0,0,2,2,
similar,exact_name,private_dma_cache_sync,private_dma_cache_sync,5,4,0.800000,-1,20,16,1,1,0,0,0,0,2,2,
similar,exact_name,private_enable_irq,private_enable_irq,5,4,0.800000,-1,20,16,1,1,0,0,0,0,2,2,
similar,exact_name,private_filp_close,private_filp_close,5,4,0.800000,-1,20,16,1,1,0,0,0,0,2,2,
similar,exact_name,private_filp_open,private_filp_open,5,4,0.800000,-1,20,16,1,1,0,0,0,0,2,2,
similar,exact_name,private_get_isp_priv_mem,private_get_isp_priv_mem,5,4,0.800000,-1,20,16,1,1,0,0,0,0,2,2,
similar,exact_name,private_getrawmonotonic,private_getrawmonotonic,5,4,0.800000,-1,20,16,1,1,0,0,0,0,2,2,
similar,exact_name,private_gpio_direction_output,private_gpio_direction_output,5,4,0.800000,-1,20,16,1,1,0,0,0,0,2,2,
similar,exact_name,private_gpio_request,private_gpio_request,5,4,0.800000,-1,20,16,1,1,0,0,0,0,2,2,
similar,exact_name,private_i2c_get_adapter,private_i2c_get_adapter,5,4,0.800000,-1,20,16,1,1,0,0,0,0,2,2,
similar,exact_name,private_i2c_get_clientdata,private_i2c_get_clientdata,5,4,0.800000,-1,20,16,1,1,0,0,0,0,2,2,
similar,exact_name,private_i2c_new_device,private_i2c_new_device,5,4,0.800000,-1,20,16,1,1,0,0,0,0,2,2,
similar,exact_name,private_i2c_set_clientdata,private_i2c_set_clientdata,5,4,0.800000,-1,20,16,1,1,0,0,0,0,2,2,
similar,exact_name,private_i2c_transfer,private_i2c_transfer,5,4,0.800000,-1,20,16,1,1,0,0,0,0,2,2,
similar,exact_name,private_jzgpio_set_func,private_jzgpio_set_func,5,4,0.800000,-1,20,16,1,1,0,0,0,0,2,2,
similar,exact_name,private_kfree,private_kfree,5,4,0.800000,-1,20,16,1,1,0,0,0,0,2,2,
similar,exact_name,private_kmalloc,private_kmalloc,5,4,0.800000,-1,20,16,1,1,0,0,0,0,2,2,
similar,exact_name,private_misc_deregister,private_misc_deregister,5,4,0.800000,-1,20,16,1,1,0,0,0,0,2,2,
similar,exact_name,private_msleep,private_msleep,5,4,0.800000,-1,20,16,1,1,0,0,0,0,2,2,
similar,exact_name,private_netlink_kernel_create,private_netlink_kernel_create,5,6,1.200000,1,20,24,1,1,0,0,0,0,2,4,
similar,exact_name,private_netlink_unicast,private_netlink_unicast,5,4,0.800000,-1,20,16,1,1,0,0,0,0,2,2,
similar,exact_name,private_platform_device_register,private_platform_device_register,5,4,0.800000,-1,20,16,1,1,0,0,0,0,2,2,
similar,exact_name,private_platform_device_unregister,private_platform_device_unregister,5,4,0.800000,-1,20,16,1,1,0,0,0,0,2,2,
similar,exact_name,private_platform_driver_register,private_platform_driver_register,5,4,0.800000,-1,20,16,1,1,0,0,0,0,2,2,
similar,exact_name,private_platform_driver_unregister,private_platform_driver_unregister,5,4,0.800000,-1,20,16,1,1,0,0,0,0,2,2,
similar,exact_name,private_platform_set_drvdata,private_platform_set_drvdata,5,4,0.800000,-1,20,16,1,1,0,0,0,0,2,2,
similar,exact_name,private_seq_lseek,private_seq_lseek,5,4,0.800000,-1,20,16,1,1,0,0,0,0,2,2,
similar,exact_name,private_single_open_size,private_single_open_size,5,4,0.800000,-1,20,16,1,1,0,0,0,0,2,2,
similar,exact_name,private_single_release,private_single_release,5,4,0.800000,-1,20,16,1,1,0,0,0,0,2,2,
similar,exact_name,private_sock_release,private_sock_release,5,4,0.800000,-1,20,16,1,1,0,0,0,0,2,2,
similar,exact_name,private_try_module_get,private_try_module_get,5,4,0.800000,-1,20,16,1,1,0,0,0,0,2,2,
similar,exact_name,private_vfs_llseek,private_vfs_llseek,5,4,0.800000,-1,20,16,1,1,0,0,0,0,2,2,
similar,exact_name,private_vfs_read,private_vfs_read,5,4,0.800000,-1,20,16,1,1,0,0,0,0,2,2,
similar,exact_name,private_vfs_write,private_vfs_write,5,4,0.800000,-1,20,16,1,1,0,0,0,0,2,2,
similar,exact_name,tisp_s_awb_start,tisp_s_awb_start,5,4,0.800000,-1,20,16,1,1,0,0,0,0,2,2,
similar,exact_name,fix_point_div,fix_point_div,4,5,1.250000,1,16,20,1,1,0,0,0,0,2,2,
similar,exact_name,tisp_api_mdns_share_mem,tisp_api_mdns_share_mem,4,5,1.250000,1,16,20,0,0,0,0,1,1,2,2,
similar,exact_name,tisp_awb_set_frz,tisp_awb_set_frz,4,5,1.250000,1,16,20,0,0,0,0,1,1,2,2,
similar,exact_name,tisp_g_fcrop_control,tisp_g_fcrop_control,4,5,1.250000,1,16,20,1,1,0,0,0,0,2,2,
similar,exact_name,tisp_s_wb_frz,tisp_s_wb_frz,4,5,1.250000,1,16,20,1,0,0,0,0,1,2,2,
similar,exact_name,tisp_set_sharpness,tisp_set_sharpness,4,5,1.250000,1,16,20,1,1,0,0,0,0,2,2,
same_instruction_count,exact_name,tisp_sdns_param_array_set,tisp_sdns_param_array_set,633,633,1.000000,0,2532,2532,0,0,124,124,1,1,252,252,
same_instruction_count,exact_name,tiziano_af_dump,tiziano_af_dump,307,307,1.000000,0,1228,1228,1,1,82,82,0,0,48,48,
same_instruction_count,exact_name,tisp_sharpen_param_array_set,tisp_sharpen_param_array_set,263,263,1.000000,0,1052,1052,0,0,50,50,1,1,104,104,
same_instruction_count,exact_name,tisp_awb_param_array_get,tisp_awb_param_array_get,249,249,1.000000,0,996,996,0,0,29,29,1,1,60,60,
same_instruction_count,exact_name,tiziano_sdns_init,tiziano_sdns_init,242,242,1.000000,0,968,968,2,4,2,4,1,1,206,190,
same_instruction_count,exact_name,tiziano_bcsh_dump,tiziano_bcsh_dump,223,223,1.000000,0,892,892,1,1,58,58,0,0,36,36,
same_instruction_count,exact_name,tisp_dpc_param_array_set,tisp_dpc_param_array_set,173,173,1.000000,0,692,692,0,0,32,32,1,1,68,68,
same_instruction_count,exact_name,tiziano_gib_params_refresh,tiziano_gib_params_refresh,142,142,1.000000,0,568,568,0,0,22,22,1,1,90,90,
same_instruction_count,exact_name,tisp_sdns_all_reg_refresh,tisp_sdns_all_reg_refresh,131,131,1.000000,0,524,524,0,0,31,31,1,1,62,62,
same_instruction_count,exact_name,tisp_af_param_array_set,tisp_af_param_array_set,111,111,1.000000,0,444,444,0,0,20,20,1,1,42,42,
same_instruction_count,exact_name,tisp_lsc_param_array_get,tisp_lsc_param_array_get,81,81,1.000000,0,324,324,0,0,8,8,1,1,18,18,
same_instruction_count,exact_name,tisp_msca_param_array_set,tisp_msca_param_array_set,81,81,1.000000,0,324,324,0,0,14,14,1,1,30,30,
same_instruction_count,exact_name,ispvic_frame_channel_s_stream,ispvic_frame_channel_s_stream,76,76,1.000000,0,304,304,9,9,5,5,1,1,19,16,
same_instruction_count,exact_name,isp_free_buffer,isp_free_buffer,69,69,1.000000,0,276,276,12,12,2,3,0,1,11,12,
same_instruction_count,exact_name,clm_lut2reg,clm_lut2reg,61,61,1.000000,0,244,244,2,2,0,0,1,1,0,0,
same_instruction_count,exact_name,tisp_comn_param_array_get,tisp_comn_param_array_get,53,53,1.000000,0,212,212,0,0,3,3,1,1,17,16,
same_instruction_count,exact_name,tisp_sharpen_all_reg_refresh,tisp_sharpen_all_reg_refresh,51,51,1.000000,0,204,204,0,0,11,11,1,1,22,22,
same_instruction_count,exact_name,tisp_vic_ctrl_release,tisp_vic_ctrl_release,51,51,1.000000,0,204,204,8,8,3,3,0,0,15,16,
same_instruction_count,exact_name,tisp_sdns_intp_reg_refresh,tisp_sdns_intp_reg_refresh,50,50,1.000000,0,200,200,0,0,11,11,1,1,22,22,
same_instruction_count,exact_name,tisp_dpc_all_reg_refresh,tisp_dpc_all_reg_refresh,47,47,1.000000,0,188,188,0,0,10,10,1,1,20,20,
same_instruction_count,exact_name,ISPAWBInterpolation1,ISPAWBInterpolation1,44,44,1.000000,0,176,176,2,2,4,4,1,1,4,0,
same_instruction_count,exact_name,ae0_interrupt_hist,ae0_interrupt_hist,40,40,1.000000,0,160,160,0,0,4,4,1,1,10,10,
same_instruction_count,exact_name,tisp_g_mscaler_mask_block_attr,tisp_g_mscaler_mask_block_attr,39,39,1.000000,0,156,156,2,2,0,0,1,1,2,2,
same_instruction_count,exact_name,tx_isp_vin_init,tx_isp_vin_init,39,39,1.000000,0,156,156,6,6,2,2,1,1,4,4,
same_instruction_count,exact_name,tisp_code_destroy_tuning_node,tisp_code_destroy_tuning_node,37,37,1.000000,0,148,148,2,2,3,3,0,0,18,18,
same_instruction_count,exact_name,isp_printf,isp_printf,33,33,1.000000,0,132,132,2,2,2,2,1,1,8,8,
same_instruction_count,exact_name,tisp_csccr_param_array_get,tisp_csccr_param_array_get,33,33,1.000000,0,132,132,0,0,0,0,1,1,3,3,
same_instruction_count,exact_name,tisp_msca_crop_api,tisp_msca_crop_api,33,33,1.000000,0,132,132,1,1,3,3,0,0,8,8,
same_instruction_count,exact_name,tiziano_ae_s_max_again,tiziano_ae_s_max_again,33,33,1.000000,0,132,132,2,2,2,2,1,1,14,14,
same_instruction_count,exact_name,tisp_g_hldc_attr,tisp_g_hldc_attr,32,32,1.000000,0,128,128,0,0,2,2,1,1,8,8,
same_instruction_count,exact_name,tisp_s_hldc_attr,tisp_s_hldc_attr,32,32,1.000000,0,128,128,1,1,1,1,0,0,8,8,
same_instruction_count,exact_name,tisp_mdns_intp_reg_refresh,tisp_mdns_intp_reg_refresh,31,31,1.000000,0,124,124,0,0,6,6,1,1,12,12,
same_instruction_count,exact_name,frame_channel_release,frame_channel_release,30,30,1.000000,0,120,120,3,3,2,2,1,1,4,4,
same_instruction_count,exact_name,tisp_ccm_ct_update,tisp_ccm_ct_update,29,29,1.000000,0,116,116,1,2,1,1,1,1,10,10,
same_instruction_count,exact_name,tisp_ccm_ev_update,tisp_ccm_ev_update,29,29,1.000000,0,116,116,1,2,1,1,1,1,6,6,
same_instruction_count,exact_name,tisp_g_wb_mode,tisp_g_wb_mode,29,29,1.000000,0,116,116,1,3,1,1,1,2,6,8,
same_instruction_count,exact_name,tisp_top_param_array_set,tisp_top_param_array_set,27,27,1.000000,0,108,108,1,1,2,2,1,1,4,4,
same_instruction_count,exact_name,tiziano_sync_sensor_attr,tiziano_sync_sensor_attr,26,26,1.000000,0,104,104,0,0,0,0,1,1,4,4,
same_instruction_count,exact_name,tisp_af_set_attr,tisp_af_set_attr,25,25,1.000000,0,100,100,0,0,2,2,1,1,10,8,
same_instruction_count,exact_name,tiziano_gib_init,tiziano_gib_init,25,25,1.000000,0,100,100,0,0,3,3,1,1,14,14,
same_instruction_count,exact_name,tisp_channel_start,tisp_channel_start,24,24,1.000000,0,96,96,0,0,1,1,1,1,6,6,
same_instruction_count,exact_name,tisp_ydns_par_refresh,tisp_ydns_par_refresh,24,24,1.000000,0,96,96,3,4,1,1,1,1,6,7,
same_instruction_count,exact_name,subdev_video_destroy_link,subdev_video_destroy_link,23,23,1.000000,0,92,92,3,3,0,0,1,1,0,0,
same_instruction_count,exact_name,tisp_dmsc_all_reg_refresh,tisp_dmsc_all_reg_refresh,23,23,1.000000,0,92,92,0,0,4,4,1,1,8,8,
same_instruction_count,exact_name,fix_point_sub_32,fix_point_sub_32,20,20,1.000000,0,80,80,1,1,1,1,1,1,4,4,
same_instruction_count,exact_name,sensor_set_integration_time,sensor_set_integration_time,20,20,1.000000,0,80,80,1,1,0,0,1,1,2,0,
same_instruction_count,exact_name,tisp_code_tuning_open,tisp_code_tuning_open,19,19,1.000000,0,76,76,0,0,2,2,1,1,6,6,
same_instruction_count,exact_name,tisp_dmsc_intp_reg_refresh,tisp_dmsc_intp_reg_refresh,19,19,1.000000,0,76,76,0,0,3,3,1,1,6,6,
same_instruction_count,exact_name,tiziano_ae_s_max_isp_dgain,tiziano_ae_s_max_isp_dgain,19,19,1.000000,0,76,76,0,0,1,1,1,1,8,8,
same_instruction_count,exact_name,tiziano_dmsc_init,tiziano_dmsc_init,19,19,1.000000,0,76,76,0,0,2,2,1,1,6,6,
same_instruction_count,exact_name,dump_isp_csi_open,dump_isp_csi_open,18,18,1.000000,0,72,72,1,1,1,1,0,0,6,6,
same_instruction_count,exact_name,dump_isp_framesource_open,dump_isp_framesource_open,18,18,1.000000,0,72,72,1,1,1,1,0,0,6,6,
same_instruction_count,exact_name,dump_isp_info_open,dump_isp_info_open,18,18,1.000000,0,72,72,1,1,1,1,0,0,6,6,
same_instruction_count,exact_name,dump_isp_vic_frd_open,dump_isp_vic_frd_open,18,18,1.000000,0,72,72,1,1,1,1,0,0,6,6,
same_instruction_count,exact_name,proc_ivdc_open,proc_ivdc_open,18,18,1.000000,0,72,72,1,1,1,1,0,0,6,6,
same_instruction_count,exact_name,tisp_api_gamma_param_get,tisp_api_gamma_param_get,18,18,1.000000,0,72,72,0,0,1,1,1,1,4,4,
same_instruction_count,exact_name,tisp_mdns_bypass,tisp_mdns_bypass,18,18,1.000000,0,72,72,0,0,3,3,1,1,6,6,
same_instruction_count,exact_name,tiziano_defog_dn_params_refresh,tiziano_defog_dn_params_refresh,18,18,1.000000,0,72,72,0,0,3,3,1,1,6,6,
same_instruction_count,exact_name,tiziano_hldc_init,tiziano_hldc_init,18,18,1.000000,0,72,72,0,0,3,3,1,1,6,6,
same_instruction_count,exact_name,video_input_cmd_open,video_input_cmd_open,18,18,1.000000,0,72,72,1,1,1,1,0,0,6,6,
same_instruction_count,exact_name,tisp_api_awb_zone_weight_get,tisp_api_awb_zone_weight_get,17,17,1.000000,0,68,68,0,0,1,1,1,1,4,4,
same_instruction_count,exact_name,tisp_g_ae_attr,tisp_g_ae_attr,17,17,1.000000,0,68,68,0,0,1,1,1,1,2,2,
same_instruction_count,exact_name,tiziano_bcsh_dn_params_refresh,tiziano_bcsh_dn_params_refresh,17,17,1.000000,0,68,68,0,0,2,2,1,1,6,6,
same_instruction_count,exact_name,pop_buffer_fifo,pop_buffer_fifo,16,16,1.000000,0,64,64,1,1,0,0,2,2,0,0,
same_instruction_count,exact_name,tisp_msca_Shd_ctrl,tisp_msca_Shd_ctrl,16,16,1.000000,0,64,64,4,2,0,0,1,1,7,4,
same_instruction_count,exact_name,tisp_y_sp_sl_exp_cfg,tisp_y_sp_sl_exp_cfg,16,16,1.000000,0,64,64,0,0,1,1,1,1,6,6,
same_instruction_count,exact_name,tisp_y_sp_std_scope_cfg,tisp_y_sp_std_scope_cfg,16,16,1.000000,0,64,64,0,0,1,1,1,1,5,5,
same_instruction_count,exact_name,tisp_disable_tuning,tisp_disable_tuning,15,15,1.000000,0,60,60,1,1,1,1,1,1,5,5,
same_instruction_count,exact_name,tisp_get_ae_info,tisp_get_ae_info,15,15,1.000000,0,60,60,0,0,1,1,1,1,4,4,
same_instruction_count,exact_name,tisp_set_ae_info,tisp_set_ae_info,15,15,1.000000,0,60,60,0,0,1,1,1,1,4,4,
same_instruction_count,exact_name,tiziano_deflicker_expt_tune,tiziano_deflicker_expt_tune,15,15,1.000000,0,60,60,0,0,1,1,1,1,6,6,
same_instruction_count,exact_name,private_dma_sync_single_for_device,private_dma_sync_single_for_device,14,14,1.000000,0,56,56,4,4,0,0,1,1,3,3,
same_instruction_count,exact_name,tisp_ae_set_converge_step,tisp_ae_set_converge_step,14,14,1.000000,0,56,56,0,0,0,0,1,1,3,3,
same_instruction_count,exact_name,tisp_clm_itp,tisp_clm_itp,14,14,1.000000,0,56,56,0,0,0,0,1,1,0,0,
same_instruction_count,exact_name,tisp_g_ae_converge_step,tisp_g_ae_converge_step,14,14,1.000000,0,56,56,1,1,1,1,2,2,2,2,
same_instruction_count,exact_name,tisp_log2_fixed_to_fixed,tisp_log2_fixed_to_fixed,14,14,1.000000,0,56,56,0,0,1,1,1,1,2,2,
same_instruction_count,exact_name,tisp_lsc_wdr_en,tisp_lsc_wdr_en,14,14,1.000000,0,56,56,2,1,0,0,1,1,10,8,
same_instruction_count,exact_name,tisp_s_ae_converge_step,tisp_s_ae_converge_step,14,14,1.000000,0,56,56,1,1,1,1,2,2,2,2,
same_instruction_count,exact_name,tisp_set_ae_minmax,tisp_set_ae_minmax,14,14,1.000000,0,56,56,0,0,1,1,1,1,2,2,
same_instruction_count,exact_name,tiziano_hldc_params_refresh,tiziano_hldc_params_refresh,14,14,1.000000,0,56,56,0,0,1,1,1,1,6,6,
same_instruction_count,exact_name,tisp_ae_get_y_zone,tisp_ae_get_y_zone,13,13,1.000000,0,52,52,0,0,1,1,1,1,4,4,
same_instruction_count,exact_name,tisp_ae_manual_get,tisp_ae_manual_get,13,13,1.000000,0,52,52,0,0,1,1,1,1,4,4,
same_instruction_count,exact_name,tisp_awb_get_zone,tisp_awb_get_zone,13,13,1.000000,0,52,52,0,0,1,1,1,1,4,4,
same_instruction_count,exact_name,tisp_ae_get_hist_custome,tisp_ae_get_hist_custome,12,12,1.000000,0,48,48,0,0,1,1,1,1,4,4,
same_instruction_count,exact_name,tisp_bcsh_brightness,tisp_bcsh_brightness,12,12,1.000000,0,48,48,0,2,1,0,1,1,4,6,
same_instruction_count,exact_name,tisp_bcsh_contrast,tisp_bcsh_contrast,12,12,1.000000,0,48,48,0,2,1,0,1,1,4,6,
same_instruction_count,exact_name,tisp_bcsh_saturation,tisp_bcsh_saturation,12,12,1.000000,0,48,48,0,2,1,0,1,1,4,6,
same_instruction_count,exact_name,tisp_csccr_api_get,tisp_csccr_api_get,12,12,1.000000,0,48,48,0,0,1,1,1,1,4,4,
same_instruction_count,exact_name,tisp_enable_tuning,tisp_enable_tuning,12,12,1.000000,0,48,48,0,0,1,1,1,1,4,4,
same_instruction_count,exact_name,tisp_ae_ir_update,tisp_ae_ir_update,11,11,1.000000,0,44,44,0,0,1,1,1,1,2,2,
same_instruction_count,exact_name,tisp_ae_state_get,tisp_ae_state_get,11,11,1.000000,0,44,44,0,0,0,0,1,1,3,3,
same_instruction_count,exact_name,tisp_bcsh_g_rgb_coefft,tisp_bcsh_g_rgb_coefft,11,11,1.000000,0,44,44,0,0,0,0,1,1,4,2,
same_instruction_count,exact_name,tisp_adr_ev_update,tisp_adr_ev_update,10,10,1.000000,0,40,40,0,0,0,0,1,1,4,2,
same_instruction_count,exact_name,tisp_adr_process,tisp_adr_process,10,10,1.000000,0,40,40,0,0,1,1,1,1,2,2,
same_instruction_count,exact_name,tisp_fw_process,tisp_fw_process,10,10,1.000000,0,40,40,0,0,1,1,1,1,2,2,
same_instruction_count,exact_name,tisp_g_ae_at_list,tisp_g_ae_at_list,10,10,1.000000,0,40,40,0,0,1,1,1,1,2,2,
same_instruction_count,exact_name,tisp_g_ae_hist,tisp_g_ae_hist,10,10,1.000000,0,40,40,0,0,1,1,1,1,2,2,
same_instruction_count,exact_name,tisp_g_ae_zone,tisp_g_ae_zone,10,10,1.000000,0,40,40,0,0,1,1,1,1,2,2,
same_instruction_count,exact_name,tisp_g_af_attr,tisp_g_af_attr,10,10,1.000000,0,40,40,0,0,1,1,1,1,2,2,
same_instruction_count,exact_name,tisp_g_af_metric,tisp_g_af_metric,10,10,1.000000,0,40,40,0,0,1,1,1,1,2,2,
same_instruction_count,exact_name,tisp_g_af_zone,tisp_g_af_zone,10,10,1.000000,0,40,40,0,0,1,1,1,1,2,2,
same_instruction_count,exact_name,tisp_g_osd_attr,tisp_g_osd_attr,10,10,1.000000,0,40,40,0,0,0,0,1,1,2,2,
same_instruction_count,exact_name,tisp_g_wb_attr,tisp_g_wb_attr,10,10,1.000000,0,40,40,0,0,1,1,1,1,2,2,
same_instruction_count,exact_name,tisp_g_wb_zone,tisp_g_wb_zone,10,10,1.000000,0,40,40,0,0,1,1,1,1,2,2,
same_instruction_count,exact_name,tisp_get_csc_attr,tisp_get_csc_attr,10,10,1.000000,0,40,40,0,0,1,1,1,1,2,2,
same_instruction_count,exact_name,tisp_get_current_csc,tisp_get_current_csc,10,10,1.000000,0,40,40,1,1,0,0,0,0,6,4,
same_instruction_count,exact_name,tisp_s_awb_algo,tisp_s_awb_algo,10,10,1.000000,0,40,40,0,0,1,1,1,1,2,2,
same_instruction_count,exact_name,tisp_set_defog_strength,tisp_set_defog_strength,10,10,1.000000,0,40,40,0,0,1,1,1,1,2,2,
same_instruction_count,exact_name,tisp_af_get_metric,tisp_af_get_metric,8,8,1.000000,0,32,32,0,0,0,0,1,1,4,4,
same_instruction_count,exact_name,tisp_channel_main_stop,tisp_channel_main_stop,8,8,1.000000,0,32,32,0,0,0,0,1,1,2,2,
same_instruction_count,exact_name,tisp_cust_mode_g_ctrl,tisp_cust_mode_g_ctrl,8,8,1.000000,0,32,32,1,1,0,0,1,1,4,4,
same_instruction_count,exact_name,private_schedule_work,private_schedule_work,7,7,1.000000,0,28,28,1,1,0,0,0,0,4,4,
same_instruction_count,exact_name,system_irq_func_set,system_irq_func_set,7,7,1.000000,0,28,28,0,0,0,0,1,1,2,2,
same_instruction_count,exact_name,tisp_af_get_zone,tisp_af_get_zone,7,7,1.000000,0,28,28,1,1,0,0,0,0,4,4,
same_instruction_count,exact_name,tisp_defog_ev_update,tisp_defog_ev_update,7,7,1.000000,0,28,28,0,0,0,0,1,1,2,3,
same_instruction_count,exact_name,tisp_top_init,tisp_top_init,6,6,1.000000,0,24,24,1,0,0,0,0,1,4,4,
same_instruction_count,exact_name,tisp_g_ae_it_max,tisp_g_ae_it_max,5,5,1.000000,0,20,20,0,0,0,0,1,1,2,2,
same_instruction_count,exact_name,private_do_gettimeofday,private_do_gettimeofday,4,4,1.000000,0,16,16,1,1,0,0,0,0,2,2,
same_instruction_count,exact_name,private_ktime_set,private_ktime_set,4,4,1.000000,0,16,16,0,0,0,0,1,1,0,0,
same_instruction_count,exact_name,private_platform_get_drvdata,private_platform_get_drvdata,4,4,1.000000,0,16,16,1,1,0,0,0,0,2,2,
same_instruction_count,exact_name,private_schedule_hrtimeout,private_schedule_hrtimeout,4,4,1.000000,0,16,16,1,1,0,0,0,0,2,2,
same_instruction_count,exact_name,private_vfree,private_vfree,4,4,1.000000,0,16,16,1,1,0,0,0,0,2,2,
same_instruction_count,exact_name,tisp_ae_algo_deinit,tisp_ae_algo_deinit,4,4,1.000000,0,16,16,1,1,0,0,0,0,2,2,
same_instruction_count,exact_name,tisp_awb_algo_deinit,tisp_awb_algo_deinit,4,4,1.000000,0,16,16,1,1,0,0,0,0,2,2,
same_instruction_count,exact_name,tisp_awb_ev_update,tisp_awb_ev_update,4,4,1.000000,0,16,16,0,0,0,0,1,1,2,2,
same_instruction_count,exact_name,tisp_awb_get_ct,tisp_awb_get_ct,4,4,1.000000,0,16,16,0,0,0,0,1,1,2,2,
same_instruction_count,exact_name,tisp_g_adr_str_internal,tisp_g_adr_str_internal,4,4,1.000000,0,16,16,0,0,0,0,1,1,2,2,
same_instruction_count,exact_name,tisp_g_awb_start,tisp_g_awb_start,4,4,1.000000,0,16,16,1,1,0,0,0,0,2,2,
same_instruction_count,exact_name,tisp_g_defog_str_internal,tisp_g_defog_str_internal,4,4,1.000000,0,16,16,0,0,0,0,1,1,2,2,
same_instruction_count,exact_name,tisp_g_dpc_str_internal,tisp_g_dpc_str_internal,4,4,1.000000,0,16,16,0,0,0,0,1,1,2,2,
same_instruction_count,exact_name,tisp_g_wb_frz,tisp_g_wb_frz,4,4,1.000000,0,16,16,1,0,0,0,0,1,2,2,
same_instruction_count,exact_name,tisp_get_ae_state,tisp_get_ae_state,4,4,1.000000,0,16,16,1,1,0,0,0,0,2,2,
same_instruction_count,exact_name,tisp_get_bcsh_hue,tisp_get_bcsh_hue,4,4,1.000000,0,16,16,1,1,0,0,0,0,2,2,
same_instruction_count,exact_name,tisp_lsc_hvflip,tisp_lsc_hvflip,4,4,1.000000,0,16,16,1,1,0,0,0,0,2,2,
same_instruction_count,exact_name,tisp_s_max_again,tisp_s_max_again,4,4,1.000000,0,16,16,1,1,0,0,0,0,2,2,
same_instruction_count,exact_name,tisp_s_max_isp_dgain,tisp_s_max_isp_dgain,4,4,1.000000,0,16,16,1,1,0,0,0,0,2,2,
same_instruction_count,exact_name,tisp_s_rgb_coefft,tisp_s_rgb_coefft,4,4,1.000000,0,16,16,1,1,0,0,0,0,2,2,
same_instruction_count,exact_name,tisp_set_ae_comp,tisp_set_ae_comp,4,4,1.000000,0,16,16,1,1,0,0,0,0,2,2,
same_instruction_count,exact_name,tisp_set_bcsh_hue,tisp_set_bcsh_hue,4,4,1.000000,0,16,16,1,1,0,0,0,0,2,2,
same_instruction_count,exact_name,tisp_set_brightness,tisp_set_brightness,4,4,1.000000,0,16,16,1,1,0,0,0,0,2,2,
same_instruction_count,exact_name,tisp_set_contrast,tisp_set_contrast,4,4,1.000000,0,16,16,1,1,0,0,0,0,2,2,
same_instruction_count,exact_name,tisp_set_saturation,tisp_set_saturation,4,4,1.000000,0,16,16,1,1,0,0,0,0,2,2,
same_instruction_count,exact_name,tisp_set_sensor_digital_gain,tisp_set_sensor_digital_gain,4,4,1.000000,0,16,16,1,1,0,0,0,0,2,2,
same_instruction_count,exact_name,tisp_top_read,tisp_top_read,4,4,1.000000,0,16,16,1,1,0,0,0,0,2,2,
same_instruction_count,exact_name,get_clk_name,get_clk_name,3,3,1.000000,0,12,12,0,0,0,0,1,1,2,2,
same_instruction_count,exact_name,get_clka_name,get_clka_name,3,3,1.000000,0,12,12,0,0,0,0,1,1,2,2,
same_instruction_count,exact_name,get_isp_clk,get_isp_clk,3,3,1.000000,0,12,12,0,0,0,0,1,1,2,2,
same_instruction_count,exact_name,get_isp_clka,get_isp_clka,3,3,1.000000,0,12,12,0,0,0,0,1,1,2,2,
same_instruction_count,exact_name,tisp_bcsh_g_brightness,tisp_bcsh_g_brightness,3,3,1.000000,0,12,12,0,0,0,0,1,1,2,2,
same_instruction_count,exact_name,tisp_bcsh_g_contrast,tisp_bcsh_g_contrast,3,3,1.000000,0,12,12,0,0,0,0,1,1,2,2,
same_instruction_count,exact_name,tisp_bcsh_g_saturation,tisp_bcsh_g_saturation,3,3,1.000000,0,12,12,0,0,0,0,1,1,2,2,
same_instruction_count,exact_name,tisp_dmsc_sharpness_get,tisp_dmsc_sharpness_get,3,3,1.000000,0,12,12,0,0,0,0,1,1,2,2,
same_instruction_count,exact_name,tisp_get_tuning,tisp_get_tuning,3,3,1.000000,0,12,12,0,0,0,0,1,1,2,2,
same_instruction_count,exact_name,dump_msca_regs,dump_msca_regs,2,2,1.000000,0,8,8,0,0,0,0,1,1,0,0,
same_instruction_count,exact_name,fix_point_add_32,fix_point_add_32,2,2,1.000000,0,8,8,0,0,0,0,1,1,0,0,
same_instruction_count,exact_name,get_isp_memopt,get_isp_memopt,2,2,1.000000,0,8,8,0,0,0,0,1,1,0,0,
same_instruction_count,exact_name,ispcore_link_setup,ispcore_link_setup,2,2,1.000000,0,8,8,0,0,0,0,1,1,0,0,
same_instruction_count,exact_name,ivdc_link_setup,ivdc_link_setup,2,2,1.000000,0,8,8,0,0,0,0,1,1,0,0,
same_instruction_count,exact_name,ivdc_misc_open,ivdc_misc_open,2,2,1.000000,0,8,8,0,0,0,0,1,1,0,0,
same_instruction_count,exact_name,ivdc_misc_read,ivdc_misc_read,2,2,1.000000,0,8,8,0,0,0,0,1,1,0,0,
same_instruction_count,exact_name,ivdc_misc_release,ivdc_misc_release,2,2,1.000000,0,8,8,0,0,0,0,1,1,0,0,
same_instruction_count,exact_name,ivdc_video_s_stream,ivdc_video_s_stream,2,2,1.000000,0,8,8,0,0,0,0,1,1,0,0,
same_instruction_count,exact_name,sensor_disable_isp,sensor_disable_isp,2,2,1.000000,0,8,8,0,0,0,0,1,1,0,0,
same_instruction_count,exact_name,sensor_end_changes,sensor_end_changes,2,2,1.000000,0,8,8,0,0,0,0,1,1,0,0,
same_instruction_count,exact_name,sensor_get_lines_per_second,sensor_get_lines_per_second,2,2,1.000000,0,8,8,0,0,0,0,1,1,0,0,
same_instruction_count,exact_name,sensor_hw_reset_disable,sensor_hw_reset_disable,2,2,1.000000,0,8,8,0,0,0,0,1,1,0,0,
same_instruction_count,exact_name,sensor_hw_reset_enable,sensor_hw_reset_enable,2,2,1.000000,0,8,8,0,0,0,0,1,1,0,0,
same_instruction_count,exact_name,sensor_read_black_pedestal,sensor_read_black_pedestal,2,2,1.000000,0,8,8,0,0,0,0,1,1,0,0,
same_instruction_count,exact_name,sensor_set_wdr_mode,sensor_set_wdr_mode,2,2,1.000000,0,8,8,0,0,0,0,1,1,0,0,
same_instruction_count,exact_name,sensor_start_changes,sensor_start_changes,2,2,1.000000,0,8,8,0,0,0,0,1,1,0,0,
same_instruction_count,exact_name,tisp_activate_all,tisp_activate_all,2,2,1.000000,0,8,8,0,0,0,0,1,1,0,0,
same_instruction_count,exact_name,tisp_ae1_ctrls_update,tisp_ae1_ctrls_update,2,2,1.000000,0,8,8,0,0,0,0,1,1,0,0,
same_instruction_count,exact_name,tisp_bcsh_wdr_en,tisp_bcsh_wdr_en,2,2,1.000000,0,8,8,0,0,0,0,1,1,0,0,
same_instruction_count,exact_name,tisp_ccm_wdr_en,tisp_ccm_wdr_en,2,2,1.000000,0,8,8,0,0,0,0,1,1,0,0,
same_instruction_count,exact_name,tisp_csccr_print_para,tisp_csccr_print_para,2,2,1.000000,0,8,8,0,0,0,0,1,1,0,0,
same_instruction_count,exact_name,tisp_deinit_free,tisp_deinit_free,2,2,1.000000,0,8,8,0,0,0,0,1,1,0,0,
same_instruction_count,exact_name,tisp_flip_enable,tisp_flip_enable,2,2,1.000000,0,8,8,0,0,0,0,1,1,0,0,
same_instruction_count,exact_name,tisp_function_clear,tisp_function_clear,2,2,1.000000,0,8,8,0,0,0,0,1,1,0,0,
same_instruction_count,exact_name,tisp_g_mscaler_mask_attr,tisp_g_mscaler_mask_attr,2,2,1.000000,0,8,8,0,0,0,0,1,1,0,0,
same_instruction_count,exact_name,tisp_g_wdr_en,tisp_g_wdr_en,2,2,1.000000,0,8,8,0,0,0,0,1,1,0,0,
same_instruction_count,exact_name,tisp_get_blc_attr,tisp_get_blc_attr,2,2,1.000000,0,8,8,0,0,0,0,1,1,0,0,
same_instruction_count,exact_name,tisp_get_wdr_output_mode,tisp_get_wdr_output_mode,2,2,1.000000,0,8,8,0,0,0,0,1,1,0,0,
same_instruction_count,exact_name,tisp_hv_flip_get,tisp_hv_flip_get,2,2,1.000000,0,8,8,0,0,0,0,1,1,0,0,
same_instruction_count,exact_name,tisp_long_again_update,tisp_long_again_update,2,2,1.000000,0,8,8,0,0,0,0,1,1,0,0,
same_instruction_count,exact_name,tisp_mdns_wdr_en,tisp_mdns_wdr_en,2,2,1.000000,0,8,8,0,0,0,0,1,1,0,0,
same_instruction_count,exact_name,tisp_msca_addr_ir_fifo_read,tisp_msca_addr_ir_fifo_read,2,2,1.000000,0,8,8,0,0,0,0,1,1,0,0,
same_instruction_count,exact_name,tisp_msca_addr_ir_fifo_write,tisp_msca_addr_ir_fifo_write,2,2,1.000000,0,8,8,0,0,0,0,1,1,0,0,
same_instruction_count,exact_name,tisp_msca_ir_init,tisp_msca_ir_init,2,2,1.000000,0,8,8,0,0,0,0,1,1,0,0,
same_instruction_count,exact_name,tisp_msca_state,tisp_msca_state,2,2,1.000000,0,8,8,0,0,0,0,1,1,0,0,
same_instruction_count,exact_name,tisp_mscaler_mask_change,tisp_mscaler_mask_change,2,2,1.000000,0,8,8,0,0,0,0,1,1,0,0,
same_instruction_count,exact_name,tisp_s_mscaler_hvflip_mask,tisp_s_mscaler_hvflip_mask,2,2,1.000000,0,8,8,0,0,0,0,1,1,0,0,
same_instruction_count,exact_name,tisp_s_wdr_en,tisp_s_wdr_en,2,2,1.000000,0,8,8,0,0,0,0,1,1,0,0,
same_instruction_count,exact_name,tisp_s_wdr_init_en,tisp_s_wdr_init_en,2,2,1.000000,0,8,8,0,0,0,0,1,1,0,0,
same_instruction_count,exact_name,tisp_set_wdr_output_mode,tisp_set_wdr_output_mode,2,2,1.000000,0,8,8,0,0,0,0,1,1,0,0,
same_instruction_count,exact_name,tisp_short_ev_update,tisp_short_ev_update,2,2,1.000000,0,8,8,0,0,0,0,1,1,0,0,
same_instruction_count,exact_name,tisp_short_tgain_update,tisp_short_tgain_update,2,2,1.000000,0,8,8,0,0,0,0,1,1,0,0,
same_instruction_count,exact_name,tisp_slake_all,tisp_slake_all,2,2,1.000000,0,8,8,0,0,0,0,1,1,0,0,
same_instruction_count,exact_name,tiziano_reserve_reg_write,tiziano_reserve_reg_write,2,2,1.000000,0,8,8,0,0,0,0,1,1,0,0,
same_instruction_count,exact_name,tx_isp_release_device,tx_isp_release_device,2,2,1.000000,0,8,8,0,0,0,0,1,1,0,0,
